geolocation_zip_code_prefix,geolocation_lat,geolocation_lng,geolocation_city,geolocation_state
1001,-23.55018978,-46.63402356,sao paulo,SP
1002,-23.54814573,-46.63497921,sao paulo,SP
1003,-23.54899372,-46.63573131,sao paulo,SP
1004,-23.54979884,-46.63475694,sao paulo,SP
1005,-23.5494562,-46.63673295,sao paulo,SP
1006,-23.55010181,-46.63613674,sao paulo,SP
1007,-23.5500462,-46.63725146,sao paulo,SP
1008,-23.54600175,-46.63588592,sao paulo,SP
1009,-23.54683521,-46.6364907,sao paulo,SP
1010,-23.54638944,-46.63522608,sao paulo,SP
1011,-23.54690864,-46.63558203,sao paulo,SP
1012,-23.54778973,-46.63485901,são paulo,SP
1013,-23.54714203,-46.6342358,sao paulo,SP
1014,-23.54591281,-46.63361537,sao paulo,SP
1015,-23.54766575,-46.63155857,sao paulo,SP
1016,-23.54897641,-46.63235193,sao paulo,SP
1017,-23.54953127,-46.63102385,são paulo,SP
1018,-23.55092852,-46.63243147,sao paulo,SP
1019,-23.55177414,-46.63089338,sao paulo,SP
1020,-23.55233565,-46.63004971,são paulo,SP
1021,-23.54300046,-46.63214323,sao paulo,SP
1022,-23.54492183,-46.63193134,sao paulo,SP
1023,-23.54233078,-46.6313734,sao paulo,SP
1024,-23.54140143,-46.629904,são paulo,SP
1025,-23.54029195,-46.63092806,sao paulo,SP
1026,-23.53965713,-46.63188421,são paulo,SP
1027,-23.53808233,-46.63066868,sao paulo,SP
1028,-23.53593254,-46.63355515,sao paulo,SP
1029,-23.54137305,-46.63341599,sao paulo,SP
1030,-23.53954929,-46.63302325,são paulo,SP
1031,-23.54190585,-46.63508762,sao paulo,SP
1032,-23.54012445,-46.63519354,sao paulo,SP
1033,-23.53927144,-46.63587808,sao paulo,SP
1034,-23.54251532,-46.63736745,sao paulo,SP
1035,-23.54161449,-46.64154914,sao paulo,SP
1036,-23.54164845,-46.64144328,sao paulo,SP
1037,-23.54541102,-46.63892437,sao paulo,SP
1038,-23.54390738,-46.63999381,sao paulo,SP
1039,-23.54137086,-46.63916529,sao paulo,SP
1040,-23.54102818,-46.63832469,sao paulo,SP
1041,-23.54390459,-46.64004649,sao paulo,SP
1042,-23.54485295,-46.64041046,sao paulo,SP
1043,-23.54576599,-46.64150246,são paulo,SP
1044,-23.54559824,-46.64145267,sao paulo,SP
1045,-23.54234537,-46.64252698,sao paulo,SP
1046,-23.54593004,-46.64399752,sao paulo,SP
1047,-23.54618761,-46.64106743,sao paulo,SP
1048,-23.54711319,-46.63983987,são paulo,SP
1049,-23.54701124,-46.6391657,sao paulo,SP
1050,-23.54922916,-46.64303023,sao paulo,SP
1101,-23.52828686,-46.63195754,sao paulo,SP
1102,-23.52557141,-46.63028748,são paulo,SP
1103,-23.53546845,-46.63029077,são paulo,SP
1104,-23.53495217,-46.62957039,sao paulo,SP
1105,-23.53409398,-46.62907768,sao paulo,SP
1106,-23.53022078,-46.62822126,sao paulo,SP
1107,-23.52608789,-46.62958989,sao paulo,SP
1108,-23.52723217,-46.63035442,sao paulo,SP
1109,-23.5246249,-46.62710324,sao paulo,SP
1120,-23.53016253,-46.63951141,sao paulo,SP
1121,-23.52786666,-46.63525692,sao paulo,SP
1122,-23.5311306,-46.63832483,são paulo,SP
1123,-23.52916454,-46.63658239,sao paulo,SP
1124,-23.52822123,-46.6330954,sao paulo,SP
1125,-23.52728845,-46.64016432,sao paulo,SP
1126,-23.52706655,-46.63915279,sao paulo,SP
1127,-23.5254808,-46.64159549,sao paulo,SP
1128,-23.52378674,-46.64220966,sao paulo,SP
1129,-23.52405139,-46.64507304,sao paulo,SP
1130,-23.52483082,-46.64492992,sao paulo,SP
1131,-23.52237974,-46.64310785,sao paulo,SP
1132,-23.52153988,-46.64873923,sao paulo,SP
1133,-23.52042428,-46.65332231,sao paulo,SP
1134,-23.51889994,-46.65269034,são paulo,SP
1135,-23.52619043,-46.65097004,sao paulo,SP
1136,-23.52398692,-46.66135135,são paulo,SP
1137,-23.52285148,-46.65280923,são paulo,SP
1138,-23.52245582,-46.6552539,sao paulo,SP
1139,-23.52072496,-46.66593897,sao paulo,SP
1140,-23.52043844,-46.66923717,sao paulo,SP
1141,-23.52031033,-46.66643901,são paulo,SP
1142,-23.51993431,-46.62513002,sao paulo,SP
1144,-23.52357275,-46.67242459,sao paulo,SP
1150,-23.53295302,-46.65824594,sao paulo,SP
1151,-23.53164158,-46.65628875,sao paulo,SP
1152,-23.52988485,-46.65527643,sao paulo,SP
1153,-23.52993085,-46.65354909,são paulo,SP
1154,-23.5305359,-46.6592957,sao paulo,SP
1155,-23.52907288,-46.66331995,sao paulo,SP
1156,-23.52892114,-46.66643725,são paulo,SP
1189,-23.53210826,-46.6383947,sao paulo,SP
1200,-23.53156777,-46.64986908,sao paulo,SP
1201,-23.53608281,-46.64953939,sao paulo,SP
1202,-23.53374258,-46.64828045,são paulo,SP
1203,-23.53596466,-46.64529956,sao paulo,SP
1204,-23.53599264,-46.64408982,sao paulo,SP
1205,-23.53649077,-46.64264197,são paulo,SP
1206,-23.53586369,-46.64281871,sao paulo,SP
1207,-23.53917556,-46.63865415,sao paulo,SP
1208,-23.5386605,-46.63898205,sao paulo,SP
1209,-23.54069526,-46.64158294,sao paulo,SP
1210,-23.54003934,-46.64209131,são paulo,SP
1211,-23.53757657,-46.6488379,sao paulo,SP
1212,-23.53826851,-46.63942263,são paulo,SP
1213,-23.53650149,-46.64036116,sao paulo,SP
1214,-23.53884249,-46.64523045,sao paulo,SP
1215,-23.5361674,-46.64754186,são paulo,SP
1216,-23.53312759,-46.64783381,sao paulo,SP
1217,-23.53265756,-46.64888399,sao paulo,SP
1218,-23.5312498,-46.64832514,são paulo,SP
1219,-23.54128881,-46.6456986,sao paulo,SP
1220,-23.54451401,-46.6460399,sao paulo,SP
1221,-23.5448677,-46.64828172,sao paulo,SP
1222,-23.54594454,-46.64936937,são paulo,SP
1223,-23.54408812,-46.64858212,sao paulo,SP
1224,-23.54177865,-46.65242234,sao paulo,SP
1225,-23.53978602,-46.64913883,sao paulo,SP
1226,-23.53801011,-46.65271927,são paulo,SP
1227,-23.54620191,-46.65838458,sao paulo,SP
1228,-23.54518938,-46.65761086,sao paulo,SP
1229,-23.53890161,-46.65729113,sao paulo,SP
1230,-23.53631041,-46.65711201,sao paulo,SP
1231,-23.53695041,-46.65925589,sao paulo,SP
1232,-23.536428,-46.65742601,sao paulo,SP
1233,-23.53624654,-46.66166522,sao paulo,SP
1234,-23.53968956,-46.66424404,sao paulo,SP
1235,-23.53671428,-46.6646663,sao paulo,SP
1236,-23.54355022,-46.66741941,sao paulo,SP
1237,-23.54323445,-46.6687244,sao paulo,SP
1238,-23.5425714,-46.65424333,sao paulo,SP
1239,-23.54309527,-46.6310592,sao paulo,SP
1240,-23.54379184,-46.65854396,sao paulo,SP
1241,-23.54552479,-46.65784019,são paulo,SP
1242,-23.54650695,-46.65850175,sao paulo,SP
1243,-23.5481203,-46.65919185,sao paulo,SP
1244,-23.56204913,-46.65959031,sao paulo,SP
1245,-23.54947552,-46.66382107,são paulo,SP
1246,-23.5534813,-46.66631848,sao paulo,SP
1247,-23.55063807,-46.6686558,são paulo,SP
1248,-23.54791252,-46.66802631,sao paulo,SP
1249,-23.54841989,-46.67122045,sao paulo,SP
1250,-23.54764048,-46.67197263,sao paulo,SP
1251,-23.54837452,-46.67484647,são paulo,SP
1252,-23.54175398,-46.67893404,sao paulo,SP
1253,-23.54492913,-46.67916469,sao paulo,SP
1254,-23.54333742,-46.6808524,são paulo,SP
1255,-23.54636984,-46.68154173,sao paulo,SP
1256,-23.54777326,-46.68283835,são paulo,SP
1257,-23.54360984,-46.68783858,sao paulo,SP
1258,-23.54403702,-46.68685091,sao paulo,SP
1259,-23.54141855,-46.6853039,sao paulo,SP
1262,-23.55085639,-46.67735185,sao paulo,SP
1290,-23.54096134,-46.6577487,são paulo,SP
1301,-23.54932897,-46.6508901,sao paulo,SP
1302,-23.54900292,-46.64955228,sao paulo,SP
1303,-23.5495057,-46.64843251,sao paulo,SP
1304,-23.55405643,-46.65520237,sao paulo,SP
1305,-23.55262274,-46.65253829,sao paulo,SP
1306,-23.55378521,-46.6496051,sao paulo,SP
1307,-23.55277801,-46.6532077,sao paulo,SP
1308,-23.55598137,-46.65331111,sao paulo,SP
1309,-23.55549308,-46.65845219,são paulo,SP
1310,-23.56165295,-46.6560213,sao paulo,SP
1311,-23.56450461,-46.65279266,sao paulo,SP
1312,-23.55479387,-46.64961492,sao paulo,SP
1313,-23.5561117,-46.65057381,sao paulo,SP
1314,-23.55264073,-46.64520438,sao paulo,SP
1315,-23.55409,-46.6403891,sao paulo,SP
1316,-23.55295485,-46.63943282,sao paulo,SP
1317,-23.55623821,-46.64005987,sao paulo,SP
1318,-23.55944799,-46.64241274,sao paulo,SP
1319,-23.55188166,-46.64072797,são paulo,SP
1320,-23.55795506,-46.6393474,sao paulo,SP
1321,-23.56212863,-46.64191855,sao paulo,SP
1322,-23.56317166,-46.64345614,sao paulo,SP
1323,-23.56573478,-46.6414781,sao paulo,SP
1324,-23.55521474,-46.64315074,sao paulo,SP
1325,-23.55739016,-46.64445834,sao paulo,SP
1326,-23.55653901,-46.64543956,sao paulo,SP
1327,-23.56511342,-46.64494458,sao paulo,SP
1328,-23.55599269,-46.6467948,sao paulo,SP
1329,-23.56197752,-46.6472811,sao paulo,SP
1330,-23.55903789,-46.64945884,sao paulo,SP
1331,-23.56266441,-46.64999666,sao paulo,SP
1332,-23.55956859,-46.65245164,sao paulo,SP
1333,-23.56643505,-46.6475636,sao paulo,SP
1401,-23.57580725,-46.65865463,sao paulo,SP
1402,-23.57483739,-46.65739204,sao paulo,SP
1403,-23.56875504,-46.65340944,são paulo,SP
1404,-23.56854473,-46.65578028,sao paulo,SP
1405,-23.56476258,-46.65513839,sao paulo,SP
1406,-23.57481434,-46.67029927,são paulo,SP
1407,-23.57611188,-46.67139206,sao paulo,SP
1408,-23.5671119,-46.66081342,sao paulo,SP
1409,-23.56146082,-46.658262,sao paulo,SP
1410,-23.56283145,-46.66092525,sao paulo,SP
1411,-23.56424787,-46.66405957,sao paulo,SP
1412,-23.56365158,-46.66602412,são paulo,SP
1413,-23.5618145,-46.66403395,são paulo,SP
1414,-23.55962349,-46.66349646,são paulo,SP
1415,-23.55609172,-46.6604622,sao paulo,SP
1416,-23.56069291,-46.66768853,sao paulo,SP
1417,-23.55277885,-46.6339319,sao paulo,SP
1418,-23.56411615,-46.6552724,sao paulo,SP
1419,-23.56354162,-46.65594961,sao paulo,SP
1420,-23.56343549,-46.65791604,sao paulo,SP
1421,-23.56329926,-46.66015369,são paulo,SP
1422,-23.56396191,-46.66113237,sao paulo,SP
1423,-23.56914512,-46.65734767,sao paulo,SP
1424,-23.56804146,-46.66139884,sao paulo,SP
1425,-23.57289853,-46.65924739,sao paulo,SP
1426,-23.5658604,-46.6660317,sao paulo,SP
1427,-23.57104476,-46.66406861,são paulo,SP
1428,-23.57393887,-46.66232632,sao paulo,SP
1429,-23.57638446,-46.66290001,são paulo,SP
1430,-23.65614006,-46.66250205,sao paulo,SP
1431,-23.62038878,-46.66476818,sao paulo,SP
1432,-23.57648588,-46.66578606,sao paulo,SP
1433,-23.57840745,-46.66837296,são paulo,SP
1434,-23.57464654,-46.6723774,sao paulo,SP
1435,-23.57932185,-46.67017867,sao paulo,SP
1436,-23.57245539,-46.66798872,sao paulo,SP
1437,-23.57214125,-46.6715033,sao paulo,SP
1438,-23.56980371,-46.67226488,sao paulo,SP
1439,-23.56628949,-46.67357142,sao paulo,SP
1440,-23.56828946,-46.67817025,sao paulo,SP
1441,-23.57060389,-46.6837321,são paulo,SP
1442,-23.56653073,-46.67861606,sao paulo,SP
1443,-23.56826894,-46.68450786,sao paulo,SP
1444,-23.57323554,-46.68752695,sao paulo,SP
1445,-23.57103798,-46.68806801,sao paulo,SP
1446,-23.57558379,-46.67549889,sao paulo,SP
1447,-23.57278681,-46.67888556,sao paulo,SP
1448,-23.5782379,-46.67982269,sao paulo,SP
1449,-23.57611692,-46.6799567,sao paulo,SP
1450,-23.57645318,-46.68518509,sao paulo,SP
1451,-23.57743595,-46.68698985,sao paulo,SP
1452,-23.57499645,-46.68887938,sao paulo,SP
1453,-23.584059,-46.68637611,sao paulo,SP
1454,-23.58237698,-46.68670276,sao paulo,SP
1455,-23.58055414,-46.69112137,sao paulo,SP
1456,-23.57683977,-46.69098725,sao paulo,SP
1457,-23.57523781,-46.69270351,sao paulo,SP
1472,-23.57054369,-46.69129668,sao paulo,SP
1489,-23.57664999,-46.68740005,sao paulo,SP
1501,-23.55246936,-46.63548544,são paulo,SP
1502,-23.55460594,-46.63549256,sao paulo,SP
1503,-23.557709,-46.63676937,são paulo,SP
1504,-23.56686058,-46.6395053,sao paulo,SP
1505,-23.55526761,-46.63182476,são paulo,SP
1506,-23.55955867,-46.63503219,são paulo,SP
1507,-23.55814642,-46.63176589,são paulo,SP
1508,-23.56142363,-46.63583006,sao paulo,SP
1509,-23.56701008,-46.63579814,sao paulo,SP
1510,-23.55760216,-46.63361528,sao paulo,SP
1511,-23.56145681,-46.63294794,sao paulo,SP
1512,-23.55371721,-46.6294991,sao paulo,SP
1513,-23.54891436,-46.60384462,sao paulo,SP
1514,-23.55437782,-46.62833777,sao paulo,SP
1516,-23.55907324,-46.61547996,sao paulo,SP
1517,-23.55961328,-46.62400348,sao paulo,SP
1518,-23.55920926,-46.62318692,sao paulo,SP
1519,-23.56092636,-46.62475707,sao paulo,SP
1520,-23.55937827,-46.62016402,sao paulo,SP
1521,-23.56117444,-46.62150903,sao paulo,SP
1522,-23.55992027,-46.61598187,sao paulo,SP
1523,-23.56420348,-46.61689706,sao paulo,SP
1524,-23.56778327,-46.61340054,sao paulo,SP
1525,-23.56402898,-46.63495391,sao paulo,SP
1526,-23.56595227,-46.63094392,sao paulo,SP
1527,-23.56243917,-46.62919221,sao paulo,SP
1528,-23.56477005,-46.62716592,sao paulo,SP
1529,-23.56843916,-46.63455549,sao paulo,SP
1530,-23.5689445,-46.63008919,sao paulo,SP
1531,-23.57076063,-46.63242525,sao paulo,SP
1532,-23.57053422,-46.63611188,sao paulo,SP
1533,-23.57116812,-46.63836454,sao paulo,SP
1534,-23.56754359,-46.62608514,sao paulo,SP
1535,-23.57243321,-46.62524136,sao paulo,SP
1536,-23.56903213,-46.62343627,sao paulo,SP
1537,-23.57442285,-46.62313726,sao paulo,SP
1538,-23.57631282,-46.62362935,são paulo,SP
1539,-23.57115286,-46.62043601,sao paulo,SP
1540,-23.56585135,-46.62258151,sao paulo,SP
1541,-23.56925274,-46.61861697,sao paulo,SP
1542,-23.57106583,-46.62406014,sao paulo,SP
1543,-23.57372098,-46.62387177,sao paulo,SP
1544,-23.57725543,-46.62163174,sao paulo,SP
1545,-23.58097414,-46.61831033,sao paulo,SP
1546,-23.57903932,-46.62195565,são paulo,SP
1547,-23.58299396,-46.62112676,sao paulo,SP
1548,-23.57692715,-46.61342079,sao paulo,SP
1549,-23.57631753,-46.61558666,sao paulo,SP
1550,-23.57305661,-46.61615055,sao paulo,SP
1551,-23.57273791,-46.61268007,sao paulo,SP
1552,-23.5694907,-46.61132177,sao paulo,SP
1553,-23.57448792,-46.60919808,sao paulo,SP
2009,-23.5157991,-46.64113909,sao paulo,SP
2010,-23.51056159,-46.62635497,são paulo,SP
2011,-23.50438503,-46.62662105,sao paulo,SP
2012,-23.51306603,-46.63196818,sao paulo,SP
2013,-23.50220617,-46.63311454,sao paulo,SP
2016,-23.50398484,-46.62567216,sao paulo,SP
2017,-23.50074294,-46.63469458,são paulo,SP
2018,-23.49570371,-46.6297069,sao paulo,SP
2019,-23.49826308,-46.62965156,sao paulo,SP
2020,-23.4964686,-46.63329281,sao paulo,SP
2021,-23.49830914,-46.6358859,sao paulo,SP
2022,-23.5040739,-46.63767093,são paulo,SP
2028,-23.50870254,-46.61833692,sao paulo,SP
2029,-23.50936208,-46.61934355,sao paulo,SP
2030,-23.50587134,-46.62468257,sao paulo,SP
2031,-23.51006271,-46.62577816,sao paulo,SP
2032,-23.51106826,-46.62384982,sao paulo,SP
2033,-23.49990045,-46.61504999,sao paulo,SP
2034,-23.50407288,-46.62414422,sao paulo,SP
2035,-23.49621131,-46.62282501,são paulo,SP
2036,-23.50174431,-46.62080286,sao paulo,SP
2037,-23.49971822,-46.62055505,sao paulo,SP
2038,-23.49523753,-46.62416228,sao paulo,SP
2039,-23.4930251,-46.62160348,sao paulo,SP
2040,-23.48965996,-46.62257167,sao paulo,SP
2041,-23.49062648,-46.6230798,sao paulo,SP
2042,-23.4942339,-46.61637715,sao paulo,SP
2043,-23.48994342,-46.61612446,sao paulo,SP
2044,-23.49572472,-46.61878797,sao paulo,SP
2045,-23.49614649,-46.61640292,sao paulo,SP
2046,-23.49228046,-46.6117694,sao paulo,SP
2047,-23.51721555,-46.61867396,sao paulo,SP
2049,-23.51416659,-46.61736559,são paulo,SP
2050,-23.51734415,-46.61213523,são paulo,SP
2051,-23.50998834,-46.60776442,sao paulo,SP
2052,-23.51297447,-46.60778378,sao paulo,SP
2053,-23.5132276,-46.60279269,sao paulo,SP
2054,-23.51719551,-46.60669921,sao paulo,SP
2055,-23.51402973,-46.60712616,sao paulo,SP
2056,-23.51230213,-46.60278808,são paulo,SP
2060,-23.51900516,-46.60286093,sao paulo,SP
2064,-23.51767696,-46.59796463,sao paulo,SP
2065,-23.50771124,-46.6053693,sao paulo,SP
2066,-23.50864331,-46.60529567,sao paulo,SP
2067,-23.50672028,-46.60365342,sao paulo,SP
2068,-23.50513251,-46.61237532,sao paulo,SP
2069,-23.50553434,-46.61392771,sao paulo,SP
2071,-23.50427876,-46.60642767,sao paulo,SP
2072,-23.50016493,-46.60405534,sao paulo,SP
2073,-23.50183203,-46.60713393,sao paulo,SP
2074,-23.50521986,-46.6004475,sao paulo,SP
2075,-23.50545422,-46.60232703,sao paulo,SP
2076,-23.50466053,-46.59909846,sao paulo,SP
2077,-23.50231616,-46.5972944,sao paulo,SP
2078,-23.50224822,-46.59560967,sao paulo,SP
2079,-23.49928771,-46.60578508,sao paulo,SP
2080,-23.49767042,-46.60536157,sao paulo,SP
2081,-23.49584133,-46.60469932,sao paulo,SP
2082,-23.49459706,-46.60716679,sao paulo,SP
2083,-23.49532146,-46.59793556,sao paulo,SP
2084,-23.49727522,-46.59974306,sao paulo,SP
2085,-23.49795268,-46.61296774,sao paulo,SP
2088,-23.50424026,-46.62074207,sao paulo,SP
2089,-23.51709448,-46.6166731,sao paulo,SP
2110,-23.51909747,-46.59553885,sao paulo,SP
2111,-23.517643,-46.59275688,sao paulo,SP
2112,-23.51744862,-46.59045122,são paulo,SP
2113,-23.5177205,-46.58922662,sao paulo,SP
2114,-23.52231793,-46.59061483,sao paulo,SP
2115,-23.52658965,-46.59169266,sao paulo,SP
2116,-23.52011068,-46.58524004,sao paulo,SP
2117,-23.51865496,-46.59365985,sao paulo,SP
2118,-23.51500651,-46.59277463,sao paulo,SP
2119,-23.5122078,-46.59263905,sao paulo,SP
2120,-23.5108244,-46.59388576,são paulo,SP
2121,-23.51222907,-46.58968332,sao paulo,SP
2122,-23.51196609,-46.58386438,sao paulo,SP
2123,-23.51183808,-46.5794425,sao paulo,SP
2124,-23.50697691,-46.57712086,sao paulo,SP
2125,-23.50983995,-46.58680335,sao paulo,SP
2126,-23.50689802,-46.59175115,sao paulo,SP
2127,-23.50559797,-46.58726574,sao paulo,SP
2128,-23.50501952,-46.59394256,sao paulo,SP
2129,-23.50371906,-46.58829103,sao paulo,SP
2130,-23.5084675,-46.58356367,são paulo,SP
2131,-23.50432881,-46.58250945,sao paulo,SP
2132,-23.50132093,-46.57765663,sao paulo,SP
2133,-23.49908122,-46.58472477,sao paulo,SP
2134,-23.49861327,-46.57978572,sao paulo,SP
2135,-23.49793219,-46.58461229,sao paulo,SP
2136,-23.49875432,-46.58237728,são paulo,SP
2137,-23.49795327,-46.5761187,sao paulo,SP
2138,-23.49346386,-46.57451698,sao paulo,SP
2139,-23.49046827,-46.5735302,são paulo,SP
2141,-23.48898688,-46.57065328,são paulo,SP
2142,-23.51019871,-46.57671782,sao paulo,SP
2143,-23.50721745,-46.57496713,sao paulo,SP
2144,-23.50369565,-46.57075617,sao paulo,SP
2145,-23.50235733,-46.5662593,sao paulo,SP
2146,-23.50095702,-46.57088226,sao paulo,SP
2147,-23.49836193,-46.5651667,são paulo,SP
2150,-23.49403467,-46.56863321,sao paulo,SP
2151,-23.49696272,-46.5695526,sao paulo,SP
2152,-23.49736137,-46.57223173,são paulo,SP
2161,-23.49016519,-46.56928372,são paulo,SP
2162,-23.49065321,-46.56283079,são paulo,SP
2166,-23.52520906,-46.58402155,sao paulo,SP
2167,-23.52269576,-46.58161991,sao paulo,SP
2168,-23.52060553,-46.5795034,são paulo,SP
2169,-23.54958485,-46.62029999,sao paulo,SP
2170,-23.5256443,-46.57701341,são paulo,SP
2174,-23.52292354,-46.57242472,sao paulo,SP
2175,-23.51588669,-46.57489159,sao paulo,SP
2176,-23.5135989,-46.57306529,sao paulo,SP
2177,-23.50873434,-46.5585299,sao paulo,SP
2178,-23.52166499,-46.57052388,são paulo,SP
2179,-23.52041006,-46.56823534,sao paulo,SP
2180,-23.51921071,-46.56595571,sao paulo,SP
2181,-23.51868748,-46.56102076,são paulo,SP
2185,-23.51469915,-46.56748611,sao paulo,SP
2186,-23.5140562,-46.56906006,sao paulo,SP
2187,-23.51587139,-46.56490978,sao paulo,SP
2188,-23.50946619,-46.56698199,sao paulo,SP
2189,-23.50778714,-46.56746771,são paulo,SP
2190,-23.50714805,-46.56397315,sao paulo,SP
2201,-23.48622893,-46.59200613,são paulo,SP
2202,-23.49304868,-46.5948155,sao paulo,SP
2203,-23.49187083,-46.59134808,sao paulo,SP
2204,-23.48741125,-46.59216239,sao paulo,SP
2205,-23.48798816,-46.59119431,sao paulo,SP
2206,-23.48462057,-46.59404548,são paulo,SP
2207,-23.48598549,-46.58818876,sao paulo,SP
2208,-23.48301554,-46.58951865,sao paulo,SP
2209,-23.48512579,-46.58537752,sao paulo,SP
2210,-23.48255994,-46.58210234,sao paulo,SP
2211,-23.497399,-46.59360544,sao paulo,SP
2212,-23.49564747,-46.58925914,sao paulo,SP
2213,-23.49616631,-46.58812571,sao paulo,SP
2214,-23.49285144,-46.58679822,são paulo,SP
2215,-23.49075875,-46.58336932,sao paulo,SP
2216,-23.49305791,-46.57978444,sao paulo,SP
2217,-23.49035366,-46.58017566,são paulo,SP
2218,-23.48678709,-46.58480846,sao paulo,SP
2219,-23.49077674,-46.58592662,sao paulo,SP
2220,-23.48976062,-46.57767652,sao paulo,SP
2221,-23.48150572,-46.58142023,sao paulo,SP
2222,-23.48255552,-46.57558644,sao paulo,SP
2223,-23.48163665,-46.58016704,sao paulo,SP
2224,-23.48450506,-46.57377385,sao paulo,SP
2225,-23.4827223,-46.57510689,sao paulo,SP
2226,-23.48013035,-46.57362187,sao paulo,SP
2227,-23.47872505,-46.572374,sao paulo,SP
2228,-23.47549563,-46.57154155,sao paulo,SP
2229,-23.47657332,-46.56882033,sao paulo,SP
2230,-23.48377507,-46.56365866,sao paulo,SP
2231,-23.47687574,-46.56526256,são paulo,SP
2232,-23.47570139,-46.56397252,sao paulo,SP
2233,-23.47765612,-46.56457732,sao paulo,SP
2234,-23.47853874,-46.56954462,são paulo,SP
2235,-23.47933264,-46.57594036,sao paulo,SP
2236,-23.4726026,-46.56815996,sao paulo,SP
2237,-23.51312063,-46.5864721,sao paulo,SP
2238,-23.47120504,-46.57158334,sao paulo,SP
2239,-23.48530328,-46.60905983,sao paulo,SP
2240,-23.47788563,-46.60221185,sao paulo,SP
2241,-23.49066871,-46.60743926,sao paulo,SP
2242,-23.48761471,-46.60399102,sao paulo,SP
2243,-23.49161848,-46.60386923,sao paulo,SP
2244,-23.48851487,-46.60486616,sao paulo,SP
2245,-23.48477659,-46.60659424,sao paulo,SP
2246,-23.4887119,-46.6016873,sao paulo,SP
2247,-23.48606715,-46.60124172,sao paulo,SP
2248,-23.48317935,-46.59943327,sao paulo,SP
2249,-23.48887565,-46.59708898,sao paulo,SP
2250,-23.48651651,-46.59621632,sao paulo,SP
2251,-23.47752139,-46.5903397,sao paulo,SP
2252,-23.47874415,-46.58831652,sao paulo,SP
2253,-23.47935424,-46.59550029,sao paulo,SP
2254,-23.48124701,-46.59340499,sao paulo,SP
2255,-23.47690064,-46.59193774,sao paulo,SP
2256,-23.47532549,-46.58721405,são paulo,SP
2257,-23.47289606,-46.58317659,sao paulo,SP
2258,-23.47598321,-46.58190464,sao paulo,SP
2259,-23.47175267,-46.58096467,são paulo,SP
2260,-23.46919701,-46.57960857,sao paulo,SP
2261,-23.46750515,-46.57729621,sao paulo,SP
2262,-23.46551593,-46.57482883,sao paulo,SP
2263,-23.46347817,-46.57580822,são paulo,SP
2264,-23.46233583,-46.57655861,são paulo,SP
2265,-23.47425422,-46.59202536,são paulo,SP
2266,-23.47714887,-46.59818685,são paulo,SP
2267,-23.47873697,-46.60073593,sao paulo,SP
2268,-23.46981128,-46.59488943,sao paulo,SP
2269,-23.47208025,-46.59597729,são paulo,SP
2270,-23.47248763,-46.59303991,sao paulo,SP
2271,-23.46969889,-46.58996022,sao paulo,SP
2272,-23.46925364,-46.58668,sao paulo,SP
2273,-23.46351377,-46.58623732,sao paulo,SP
2274,-23.46705178,-46.58792076,sao paulo,SP
2275,-23.46570002,-46.59026923,sao paulo,SP
2276,-23.46119305,-46.5840976,sao paulo,SP
2277,-23.46367387,-46.58178259,sao paulo,SP
2278,-23.46279677,-46.57962451,sao paulo,SP
2279,-23.4668735,-46.58000204,sao paulo,SP
2280,-23.45589628,-46.57516163,sao paulo,SP
2281,-23.45198743,-46.57510494,sao paulo,SP
2282,-23.44306661,-46.56777481,sao paulo,SP
2284,-23.4697032,-46.56868272,sao paulo,SP
2286,-23.40858677,-46.57960324,sao paulo,SP
2288,-23.43372558,-46.57085753,sao paulo,SP
2289,-23.4184979,-46.58268766,sao paulo,SP
2290,-23.600462,-46.65531792,sao paulo,SP
2301,-23.48866386,-46.61501893,sao paulo,SP
2302,-23.48603651,-46.61401079,sao paulo,SP
2303,-23.48200957,-46.61050118,sao paulo,SP
2304,-23.48082371,-46.60545933,sao paulo,SP
2305,-23.48009446,-46.60676524,sao paulo,SP
2306,-23.46336881,-46.60347842,sao paulo,SP
2307,-23.48089054,-46.60727664,sao paulo,SP
2308,-23.47641794,-46.60421037,sao paulo,SP
2309,-23.47567348,-46.60473543,sao paulo,SP
2310,-23.47281466,-46.60072915,sao paulo,SP
2311,-23.46912289,-46.6016795,sao paulo,SP
2312,-23.46480506,-46.59871242,são paulo,SP
2313,-23.46395542,-46.5998997,sao paulo,SP
2314,-23.46206442,-46.59934772,sao paulo,SP
2315,-23.45999643,-46.5997497,sao paulo,SP
2316,-23.46226584,-46.59383969,sao paulo,SP
2317,-23.45811933,-46.59316747,sao paulo,SP
2318,-23.45085924,-46.59011057,sao paulo,SP
2319,-23.44972136,-46.59336446,são paulo,SP
2320,-23.45135042,-46.59842364,sao paulo,SP
2321,-23.44720246,-46.58897798,sao paulo,SP
2322,-23.44570552,-46.59369913,sao paulo,SP
2323,-23.45632475,-46.60109653,sao paulo,SP
2324,-23.47795551,-46.59847672,sao paulo,SP
2325,-23.45353682,-46.58604069,sao paulo,SP
2326,-23.4722183,-46.6024734,sao paulo,SP
2327,-23.44720951,-46.56667831,sao paulo,SP
2328,-23.51891636,-46.59730688,sao paulo,SP
2329,-23.48360275,-46.60667699,sao paulo,SP
2330,-23.48555369,-46.6174906,são paulo,SP
2331,-23.48392417,-46.61622563,sao paulo,SP
2332,-23.48271441,-46.62155344,sao paulo,SP
2333,-23.48067042,-46.62137685,são paulo,SP
2334,-23.48399525,-46.61958399,são paulo,SP
2335,-23.48336277,-46.6170553,sao paulo,SP
2336,-23.48129762,-46.61693998,são paulo,SP
2337,-23.4787048,-46.6145134,são paulo,SP
2338,-23.47549861,-46.61812678,sao paulo,SP
2339,-23.47758896,-46.6152473,são paulo,SP
2340,-23.45960482,-46.61571276,sao paulo,SP
2341,-23.46523563,-46.61547556,são paulo,SP
2342,-23.47383687,-46.610594,sao paulo,SP
2343,-23.46857367,-46.60545612,sao paulo,SP
2344,-23.46931158,-46.61030509,sao paulo,SP
2345,-23.46884421,-46.61523997,sao paulo,SP
2346,-23.47122848,-46.60823079,sao paulo,SP
2347,-23.46403681,-46.60725508,sao paulo,SP
2348,-23.46053551,-46.61107426,sao paulo,SP
2349,-23.45979058,-46.60444124,sao paulo,SP
2350,-23.46072408,-46.60160479,sao paulo,SP
2351,-23.45494411,-46.59970793,sao paulo,SP
2352,-23.45438319,-46.59624052,sao paulo,SP
2353,-23.45262866,-46.60534521,sao paulo,SP
2354,-23.45502575,-46.60431347,sao paulo,SP
2355,-23.45470653,-46.61140407,são paulo,SP
2356,-23.45097363,-46.61218072,sao paulo,SP
2357,-23.44743062,-46.61396278,sao paulo,SP
2358,-23.45444748,-46.60875825,sao paulo,SP
2359,-23.44588174,-46.61923036,sao paulo,SP
2360,-23.4368418,-46.57774432,sao paulo,SP
2361,-23.43666388,-46.58148978,sao paulo,SP
2362,-23.47923483,-46.57963324,sao paulo,SP
2363,-23.43232803,-46.57608959,sao paulo,SP
2364,-23.43394655,-46.58107273,são paulo,SP
2365,-23.44569993,-46.58188636,sao paulo,SP
2366,-23.46773275,-46.6105451,sao paulo,SP
2367,-23.46227028,-46.59380392,sao paulo,SP
2368,-23.40383591,-46.57809502,sao paulo,SP
2370,-23.4628275,-46.62180475,sao paulo,SP
2371,-23.45901472,-46.61867658,sao paulo,SP
2372,-23.46009454,-46.62462503,são paulo,SP
2373,-23.45486214,-46.61725337,sao paulo,SP
2374,-23.45476696,-46.62144325,sao paulo,SP
2375,-23.45367713,-46.62503391,sao paulo,SP
2376,-23.45761891,-46.62810513,sao paulo,SP
2377,-23.45681437,-46.63181316,sao paulo,SP
2378,-23.45739408,-46.62966644,são paulo,SP
2401,-23.49172444,-46.62677132,sao paulo,SP
2402,-23.49033361,-46.62712161,sao paulo,SP
2403,-23.49399222,-46.62835871,sao paulo,SP
2404,-23.49126147,-46.62898232,sao paulo,SP
2405,-23.48948989,-46.63285801,sao paulo,SP
2406,-23.48800697,-46.63010417,sao paulo,SP
2407,-23.48487511,-46.6245752,sao paulo,SP
2408,-23.482523,-46.62728976,sao paulo,SP
2409,-23.47824424,-46.62488292,sao paulo,SP
2410,-23.47581667,-46.62302829,sao paulo,SP
2411,-23.47564799,-46.6243233,sao paulo,SP
2413,-23.48294043,-46.63702493,sao paulo,SP
2415,-23.47194835,-46.63137026,são paulo,SP
2416,-23.47771926,-46.62817006,são paulo,SP
2417,-23.47762645,-46.63014548,sao paulo,SP
2418,-23.47055027,-46.62906177,são paulo,SP
2419,-23.47706013,-46.64012872,sao paulo,SP
2420,-23.47418699,-46.63639384,sao paulo,SP
2421,-23.47369187,-46.63266339,sao paulo,SP
2422,-23.47174879,-46.63677318,sao paulo,SP
2423,-23.46837496,-46.63341004,sao paulo,SP
2430,-23.48210333,-46.64537516,sao paulo,SP
2431,-23.48700476,-46.63616963,sao paulo,SP
2432,-23.47685144,-46.62526514,sao paulo,SP
2433,-23.48179175,-46.63626819,são paulo,SP
2434,-23.4833299,-46.63935395,sao paulo,SP
2435,-23.48030332,-46.64176778,sao paulo,SP
2436,-23.47940989,-46.63601238,sao paulo,SP
2440,-23.47769375,-46.64822335,sao paulo,SP
2441,-23.47306978,-46.64145037,sao paulo,SP
2442,-23.47312248,-46.6438167,sao paulo,SP
2443,-23.47299453,-46.64742941,são paulo,SP
2450,-23.49826168,-46.63778499,sao paulo,SP
2451,-23.4991629,-46.642112,sao paulo,SP
2452,-23.50031207,-46.64407821,são paulo,SP
2460,-23.49071002,-46.63754899,são paulo,SP
2461,-23.49200316,-46.63900286,sao paulo,SP
2462,-23.49180038,-46.64160688,sao paulo,SP
2463,-23.48848879,-46.64548957,sao paulo,SP
2464,-23.48933523,-46.65039083,sao paulo,SP
2465,-23.4839828,-46.65555098,sao paulo,SP
2466,-23.49537984,-46.64242666,sao paulo,SP
2467,-23.49129388,-46.64626429,são paulo,SP
2468,-23.48828974,-46.649002,sao paulo,SP
2469,-23.48535532,-46.64478821,sao paulo,SP
2470,-23.48496867,-46.64915069,sao paulo,SP
2471,-23.48174085,-46.65212246,sao paulo,SP
2472,-23.47685709,-46.6555596,sao paulo,SP
2473,-23.47775361,-46.6518163,são paulo,SP
2474,-23.4772667,-46.65650769,sao paulo,SP
2475,-23.47998896,-46.64486949,sao paulo,SP
2478,-23.47754906,-46.66003242,sao paulo,SP
2479,-23.47511416,-46.656481,sao paulo,SP
2501,-23.51491229,-46.66118358,sao paulo,SP
2508,-23.50984807,-46.66369014,sao paulo,SP
2510,-23.5130421,-46.65199447,sao paulo,SP
2511,-23.50976444,-46.65095918,sao paulo,SP
2512,-23.5137194,-46.65934245,são paulo,SP
2513,-23.56133096,-46.68516396,sao paulo,SP
2514,-23.51063074,-46.65523765,sao paulo,SP
2515,-23.51020765,-46.65788988,sao paulo,SP
2516,-23.50897567,-46.65938507,sao paulo,SP
2517,-23.50734651,-46.66423595,sao paulo,SP
2518,-23.50994839,-46.66534775,sao paulo,SP
2519,-23.50198109,-46.65543872,sao paulo,SP
2520,-23.50315759,-46.65570908,sao paulo,SP
2521,-23.50397314,-46.66510042,sao paulo,SP
2522,-23.50442217,-46.65918307,sao paulo,SP
2523,-23.50583015,-46.65562823,sao paulo,SP
2524,-23.50271628,-46.65036243,sao paulo,SP
2525,-23.50217383,-46.6574085,sao paulo,SP
2526,-23.50301983,-46.64679629,sao paulo,SP
2530,-23.50076771,-46.66045404,sao paulo,SP
2531,-23.50093691,-46.6527417,sao paulo,SP
2532,-23.49976402,-46.65547084,sao paulo,SP
2533,-23.49758161,-46.65496978,sao paulo,SP
2534,-23.49627641,-46.65371215,sao paulo,SP
2535,-23.49739767,-46.64946297,sao paulo,SP
2536,-23.49585617,-46.64791815,sao paulo,SP
2537,-23.49131238,-46.65245975,sao paulo,SP
2538,-23.49886499,-46.65446765,são paulo,SP
2539,-23.49481692,-46.65810863,sao paulo,SP
2540,-23.48929699,-46.65618557,sao paulo,SP
2541,-23.48615571,-46.65569206,sao paulo,SP
2542,-23.48701299,-46.65867539,sao paulo,SP
2543,-23.4837878,-46.6611758,sao paulo,SP
2544,-23.48892716,-46.66091832,sao paulo,SP
2545,-23.49242091,-46.66262633,sao paulo,SP
2546,-23.50357299,-46.66677018,sao paulo,SP
2550,-23.50647547,-46.67131738,sao paulo,SP
2551,-23.50258211,-46.66924435,são paulo,SP
2552,-23.50803013,-46.66118911,sao paulo,SP
2553,-23.49897838,-46.66638685,sao paulo,SP
2554,-23.49905418,-46.66885195,sao paulo,SP
2555,-23.49368509,-46.66619179,sao paulo,SP
2556,-23.49789024,-46.66940285,sao paulo,SP
2557,-23.49829641,-46.67272327,sao paulo,SP
2558,-23.49611021,-46.67463778,sao paulo,SP
2559,-23.49305417,-46.672446,são paulo,SP
2560,-23.49468611,-46.67113288,sao paulo,SP
2561,-23.4923524,-46.67494217,sao paulo,SP
2562,-23.48686598,-46.67379824,sao paulo,SP
2563,-23.49004174,-46.66899634,sao paulo,SP
2564,-23.48805491,-46.66871189,sao paulo,SP
2565,-23.48657415,-46.66835997,sao paulo,SP
2566,-23.4828367,-46.66889674,sao paulo,SP
2567,-23.48066728,-46.66820677,sao paulo,SP
2577,-23.48818295,-46.67890394,sao paulo,SP
2598,-23.51285765,-46.67101189,sao paulo,SP
2610,-23.48263112,-46.65943086,sao paulo,SP
2611,-23.46779032,-46.64820626,sao paulo,SP
2612,-23.47270052,-46.66375781,são paulo,SP
2613,-23.47874715,-46.66256987,sao paulo,SP
2614,-23.47233458,-46.65657845,são paulo,SP
2615,-23.47152488,-46.65419127,sao paulo,SP
2616,-23.46919072,-46.6545735,sao paulo,SP
2617,-23.46638168,-46.65868271,sao paulo,SP
2618,-23.46839155,-46.64998006,são paulo,SP
2630,-23.46377509,-46.64143326,sao paulo,SP
2631,-23.45902795,-46.64565575,sao paulo,SP
2632,-23.46450871,-46.64920725,sao paulo,SP
2633,-23.46169319,-46.65173661,sao paulo,SP
2634,-23.45763338,-46.65040415,sao paulo,SP
2635,-23.45649656,-46.64439211,são paulo,SP
2636,-23.45333769,-46.64510402,sao paulo,SP
2637,-23.45473725,-46.64898302,sao paulo,SP
2643,-23.46809878,-46.65037805,sao paulo,SP
2649,-23.4606458,-46.66255874,sao paulo,SP
2650,-23.46156811,-46.65679807,sao paulo,SP
2651,-23.46088944,-46.65885904,sao paulo,SP
2652,-23.4576363,-46.65668055,sao paulo,SP
2653,-23.45343176,-46.65837495,são paulo,SP
2670,-23.46582809,-46.66428448,sao paulo,SP
2671,-23.46739797,-46.66387774,sao paulo,SP
2672,-23.45986542,-46.66642207,sao paulo,SP
2673,-23.4624427,-46.67122201,sao paulo,SP
2674,-23.46009261,-46.66842343,sao paulo,SP
2675,-23.4568467,-46.6709061,sao paulo,SP
2676,-23.45620283,-46.67104309,sao paulo,SP
2677,-23.45432195,-46.66553613,são paulo,SP
2678,-23.45505335,-46.66168084,sao paulo,SP
2679,-23.45687101,-46.66484747,sao paulo,SP
2680,-23.45135229,-46.66750444,sao paulo,SP
2701,-23.51183462,-46.67877215,sao paulo,SP
2710,-23.50813343,-46.67378854,sao paulo,SP
2712,-23.50584944,-46.67838837,sao paulo,SP
2713,-23.50663153,-46.68490054,sao paulo,SP
2714,-23.50610424,-46.68712936,sao paulo,SP
2715,-23.50423166,-46.68212639,são paulo,SP
2716,-23.49464896,-46.68503708,são paulo,SP
2717,-23.49199756,-46.68466993,sao paulo,SP
2720,-23.49299277,-46.67416163,sao paulo,SP
2721,-23.49670766,-46.67463272,sao paulo,SP
2722,-23.50084054,-46.67833554,sao paulo,SP
2723,-23.4998791,-46.68003016,sao paulo,SP
2724,-23.49765103,-46.68173235,sao paulo,SP
2725,-23.49940173,-46.68239382,sao paulo,SP
2726,-23.50034764,-46.68713207,são paulo,SP
2727,-23.49682862,-46.68578345,sao paulo,SP
2728,-23.49582506,-46.6881599,sao paulo,SP
2729,-23.50324023,-46.6903384,sao paulo,SP
2730,-23.49779662,-46.69079895,sao paulo,SP
2731,-23.49805927,-46.69242442,sao paulo,SP
2732,-23.50002827,-46.69545476,sao paulo,SP
2733,-23.49538107,-46.6951463,sao paulo,SP
2734,-23.49096927,-46.69408092,sao paulo,SP
2735,-23.49269053,-46.69358212,sao paulo,SP
2736,-23.49011613,-46.69106985,sao paulo,SP
2737,-23.48773257,-46.69018202,sao paulo,SP
2738,-23.49136561,-46.68862748,são paulo,SP
2739,-23.47939852,-46.68107186,são paulo,SP
2750,-23.49330302,-46.68063772,sao paulo,SP
2751,-23.49090034,-46.68212772,sao paulo,SP
2752,-23.49419676,-46.6829306,sao paulo,SP
2753,-23.49070498,-46.68447226,sao paulo,SP
2754,-23.49041264,-46.6776944,sao paulo,SP
2755,-23.48800288,-46.67972965,são paulo,SP
2756,-23.486022,-46.67756178,sao paulo,SP
2757,-23.48661452,-46.68525073,sao paulo,SP
2758,-23.48486813,-46.68431129,sao paulo,SP
2759,-23.48402318,-46.68305657,sao paulo,SP
2760,-23.48060329,-46.68074976,sao paulo,SP
2762,-23.48253008,-46.67532727,sao paulo,SP
2763,-23.47903767,-46.67583717,sao paulo,SP
2764,-23.47970169,-46.6777339,são paulo,SP
2765,-23.4766548,-46.67366761,sao paulo,SP
2801,-23.48351736,-46.70051311,sao paulo,SP
2802,-23.48552819,-46.69543377,sao paulo,SP
2803,-23.48668515,-46.69370947,sao paulo,SP
2804,-23.48389472,-46.69775961,sao paulo,SP
2805,-23.47900912,-46.6978103,sao paulo,SP
2806,-23.47349044,-46.69895014,sao paulo,SP
2807,-23.473611,-46.70072869,sao paulo,SP
2808,-23.4687193,-46.70291623,sao paulo,SP
2809,-23.47189488,-46.70358162,sao paulo,SP
2810,-23.45043799,-46.71520117,sao paulo,SP
2811,-23.47604466,-46.70279925,sao paulo,SP
2812,-23.48121805,-46.6977333,sao paulo,SP
2813,-23.45067331,-46.71181868,sao paulo,SP
2814,-23.45798407,-46.70787669,sao paulo,SP
2815,-23.44501078,-46.71458896,sao paulo,SP
2816,-23.46132845,-46.70646297,são paulo,SP
2817,-23.46322983,-46.70244085,sao paulo,SP
2820,-23.45279311,-46.70898594,são paulo,SP
2829,-23.49505725,-46.70260061,sao paulo,SP
2831,-23.47817509,-46.69172337,sao paulo,SP
2832,-23.48118297,-46.69371032,sao paulo,SP
2833,-23.47808379,-46.6925745,sao paulo,SP
2834,-23.47539928,-46.69283375,sao paulo,SP
2835,-23.47150999,-46.6945517,sao paulo,SP
2836,-23.47241609,-46.69670779,sao paulo,SP
2837,-23.46425493,-46.69946118,sao paulo,SP
2839,-23.47747057,-46.68293029,sao paulo,SP
2840,-23.48219971,-46.68958779,sao paulo,SP
2841,-23.47991576,-46.68652181,sao paulo,SP
2842,-23.47517027,-46.6873846,sao paulo,SP
2844,-23.47162561,-46.68762169,sao paulo,SP
2845,-23.46816675,-46.69241674,sao paulo,SP
2846,-23.46239371,-46.69765257,sao paulo,SP
2847,-23.46463105,-46.69168965,são paulo,SP
2848,-23.46378751,-46.68984298,sao paulo,SP
2849,-23.46395359,-46.68734545,são paulo,SP
2850,-23.46654634,-46.67348989,são paulo,SP
2851,-23.45956619,-46.69137676,sao paulo,SP
2853,-23.45741328,-46.69505096,são paulo,SP
2854,-23.4565448,-46.69754074,sao paulo,SP
2855,-23.45616004,-46.70068645,sao paulo,SP
2856,-23.46397583,-46.67975333,sao paulo,SP
2857,-23.6139041,-46.7379715,sao paulo,SP
2858,-23.4463383,-46.70258169,sao paulo,SP
2859,-23.45438413,-46.70243865,são paulo,SP
2860,-23.46043304,-46.68603517,sao paulo,SP
2861,-23.47133885,-46.67191322,são paulo,SP
2862,-23.47502247,-46.68018605,sao paulo,SP
2863,-23.47361985,-46.6744824,sao paulo,SP
2864,-23.47238114,-46.68166781,sao paulo,SP
2865,-23.47458844,-46.67693609,sao paulo,SP
2866,-23.46768213,-46.68087683,sao paulo,SP
2867,-23.46920036,-46.68344415,sao paulo,SP
2870,-23.4613838,-46.677314,sao paulo,SP
2871,-23.46280703,-46.67536704,sao paulo,SP
2872,-23.46237885,-46.67165334,sao paulo,SP
2873,-23.45706944,-46.68240622,são paulo,SP
2874,-23.46256464,-46.67642532,sao paulo,SP
2875,-23.46155703,-46.68193587,sao paulo,SP
2876,-23.45911715,-46.69260867,sao paulo,SP
2877,-23.45936417,-46.68322004,sao paulo,SP
2878,-23.45203459,-46.68707135,sao paulo,SP
2879,-23.44893008,-46.69773175,sao paulo,SP
2880,-23.46668062,-46.67222686,são paulo,SP
2881,-23.4666162,-46.67501243,sao paulo,SP
2882,-23.47061948,-46.66808892,sao paulo,SP
2883,-23.44646115,-46.70148929,sao paulo,SP
2888,-23.46593153,-46.67485349,sao paulo,SP
2908,-23.50201415,-46.70019373,sao paulo,SP
2909,-23.50713262,-46.69891026,sao paulo,SP
2910,-23.50521646,-46.69939596,sao paulo,SP
2911,-23.5040124,-46.70206853,sao paulo,SP
2912,-23.50545893,-46.70852061,sao paulo,SP
2913,-23.50345931,-46.7128787,sao paulo,SP
2914,-23.50323599,-46.70954985,sao paulo,SP
2915,-23.4980156,-46.70785532,sao paulo,SP
2916,-23.49425224,-46.71388031,sao paulo,SP
2917,-23.49795733,-46.71311509,sao paulo,SP
2918,-23.49585483,-46.71685166,sao paulo,SP
2919,-23.49934383,-46.71441631,são paulo,SP
2920,-23.49020198,-46.72136075,são paulo,SP
2921,-23.48865959,-46.72384764,sao paulo,SP
2924,-23.49947924,-46.70743417,sao paulo,SP
2925,-23.50194675,-46.69850016,sao paulo,SP
2926,-23.49997629,-46.70156109,sao paulo,SP
2927,-23.49773974,-46.7037837,são paulo,SP
2928,-23.50886158,-46.68112721,sao paulo,SP
2929,-23.49268786,-46.70633793,sao paulo,SP
2930,-23.49083087,-46.70795631,sao paulo,SP
2931,-23.49731421,-46.70960852,sao paulo,SP
2932,-23.49083514,-46.71143789,sao paulo,SP
2933,-23.49296893,-46.71284206,são paulo,SP
2934,-23.48680401,-46.70530002,sao paulo,SP
2935,-23.48893208,-46.71666142,são paulo,SP
2936,-23.48598303,-46.71794555,sao paulo,SP
2937,-23.48496774,-46.72092591,sao paulo,SP
2938,-23.45883545,-46.72211102,sao paulo,SP
2939,-23.48322763,-46.72991005,são paulo,SP
2940,-23.48024256,-46.72383269,sao paulo,SP
2941,-23.47880292,-46.7227247,sao paulo,SP
2942,-23.47608838,-46.72258785,sao paulo,SP
2943,-23.47674132,-46.72499374,sao paulo,SP
2944,-23.47534253,-46.7260702,sao paulo,SP
2945,-23.48369544,-46.7266792,sao paulo,SP
2950,-23.47849957,-46.71913034,sao paulo,SP
2951,-23.4736705,-46.72213754,sao paulo,SP
2952,-23.47264604,-46.71346522,sao paulo,SP
2955,-23.4681751,-46.72025344,sao paulo,SP
2956,-23.46866001,-46.72254103,sao paulo,SP
2957,-23.46694149,-46.72244408,sao paulo,SP
2959,-23.49248459,-46.70012869,sao paulo,SP
2960,-23.49521444,-46.70109132,sao paulo,SP
2961,-23.49249121,-46.69963829,sao paulo,SP
2962,-23.48941908,-46.7023217,sao paulo,SP
2963,-23.50486891,-46.68260222,sao paulo,SP
2964,-23.48552606,-46.70560335,sao paulo,SP
2965,-23.48371848,-46.70470118,sao paulo,SP
2966,-23.47126983,-46.70956137,sao paulo,SP
2967,-23.48098468,-46.70421634,sao paulo,SP
2968,-23.47932357,-46.70767472,sao paulo,SP
2969,-23.49205878,-46.71062804,sao paulo,SP
2970,-23.48281926,-46.7149317,sao paulo,SP
2971,-23.484882,-46.70832129,são paulo,SP
2972,-23.481158,-46.71053626,sao paulo,SP
2975,-23.4781309,-46.7113625,são paulo,SP
2976,-23.47614215,-46.71578919,sao paulo,SP
2977,-23.47077712,-46.71443121,sao paulo,SP
2978,-23.47361504,-46.70682318,sao paulo,SP
2979,-23.47602295,-46.6980785,sao paulo,SP
2981,-23.46000024,-46.71724733,são paulo,SP
2982,-23.45431944,-46.71586814,são paulo,SP
2983,-23.45215609,-46.7188059,são paulo,SP
2984,-23.44500136,-46.7205532,sao paulo,SP
2985,-23.44200839,-46.71936668,sao paulo,SP
2986,-23.43399518,-46.71447905,sao paulo,SP
2987,-23.43510508,-46.70534737,sao paulo,SP
2988,-23.60844355,-46.74037146,são paulo,SP
2989,-23.43376239,-46.72095785,sao paulo,SP
2990,-23.44479985,-46.72758256,sao paulo,SP
2991,-23.43667506,-46.72729636,sao paulo,SP
2992,-23.44882068,-46.72876363,sao paulo,SP
2993,-23.45396166,-46.73188403,sao paulo,SP
2994,-23.45714965,-46.73484355,são paulo,SP
2995,-23.44427169,-46.73898866,sao paulo,SP
2996,-23.44176854,-46.73962666,sao paulo,SP
2997,-23.53527072,-46.68065127,sao paulo,SP
2998,-23.44349824,-46.72775697,são paulo,SP
3001,-23.54173453,-46.61466029,sao paulo,SP
3002,-23.54497641,-46.62029385,são paulo,SP
3003,-23.54543959,-46.6237068,sao paulo,SP
3004,-23.54395842,-46.62165835,sao paulo,SP
3005,-23.54268707,-46.62477459,sao paulo,SP
3006,-23.54181224,-46.62455026,sao paulo,SP
3007,-23.54116088,-46.62643086,sao paulo,SP
3008,-23.5425809,-46.62047122,sao paulo,SP
3009,-23.53617487,-46.62055539,sao paulo,SP
3010,-23.53700204,-46.61861215,sao paulo,SP
3011,-23.538259,-46.61510842,sao paulo,SP
3012,-23.5408096,-46.61542128,sao paulo,SP
3013,-23.53531619,-46.61431294,são paulo,SP
3014,-23.53847476,-46.60203376,sao paulo,SP
3015,-23.53743459,-46.5959545,sao paulo,SP
3016,-23.53706492,-46.61508206,sao paulo,SP
3017,-23.5366031,-46.61093957,sao paulo,SP
3018,-23.53230249,-46.61134432,sao paulo,SP
3019,-23.53342246,-46.60497704,sao paulo,SP
3020,-23.53331729,-46.60210353,são paulo,SP
3021,-23.53101201,-46.60081028,sao paulo,SP
3022,-23.5259117,-46.60487874,são paulo,SP
3023,-23.53233839,-46.61080528,sao paulo,SP
3024,-23.53044482,-46.60948107,sao paulo,SP
3025,-23.53510381,-46.6096259,sao paulo,SP
3026,-23.53136421,-46.61113186,sao paulo,SP
3027,-23.53418515,-46.61368135,sao paulo,SP
3028,-23.52725903,-46.61149457,são paulo,SP
3029,-23.52982461,-46.61817355,sao paulo,SP
3030,-23.52676238,-46.61837884,sao paulo,SP
3031,-23.53185681,-46.62064204,sao paulo,SP
3032,-23.53110607,-46.62163067,são paulo,SP
3033,-23.52955905,-46.62416568,sao paulo,SP
3034,-23.52296982,-46.6174068,sao paulo,SP
3035,-23.52558073,-46.61466093,sao paulo,SP
3036,-23.51964923,-46.61859872,são paulo,SP
3040,-23.54992372,-46.62303104,sao paulo,SP
3041,-23.54923675,-46.61994837,sao paulo,SP
3042,-23.54873345,-46.61844871,sao paulo,SP
3043,-23.54725424,-46.61712266,são paulo,SP
3044,-23.55169213,-46.62090771,sao paulo,SP
3045,-23.5428291,-46.60252439,sao paulo,SP
3046,-23.54434249,-46.61561991,sao paulo,SP
3047,-23.54206448,-46.60567559,sao paulo,SP
3050,-23.54409789,-46.61270858,sao paulo,SP
3051,-23.54538738,-46.60841438,sao paulo,SP
3052,-23.54073545,-46.60714574,sao paulo,SP
3053,-23.54418018,-46.60707887,sao paulo,SP
3054,-23.54231343,-46.60375547,sao paulo,SP
3055,-23.5405825,-46.59939013,sao paulo,SP
3057,-23.5411838,-46.59684405,sao paulo,SP
3058,-23.53907811,-46.59060271,sao paulo,SP
3059,-23.54017187,-46.59168777,sao paulo,SP
3060,-23.53843267,-46.58699382,sao paulo,SP
3061,-23.54026286,-46.58495463,sao paulo,SP
3062,-23.54108431,-46.5894294,sao paulo,SP
3063,-23.53243832,-46.56432028,sao paulo,SP
3064,-23.53330896,-46.56975841,sao paulo,SP
3065,-23.53737143,-46.57894829,sao paulo,SP
3066,-23.53739359,-46.57674715,sao paulo,SP
3067,-23.53775964,-46.57342741,são paulo,SP
3068,-23.53669799,-46.56809001,sao paulo,SP
3069,-23.5354193,-46.56539114,sao paulo,SP
3070,-23.538367,-46.56911829,sao paulo,SP
3071,-23.53401759,-46.56152031,sao paulo,SP
3072,-23.53443495,-46.55699904,sao paulo,SP
3073,-23.53175558,-46.55574449,são paulo,SP
3074,-23.52223121,-46.56464924,são paulo,SP
3076,-23.53783243,-46.58204802,sao paulo,SP
3077,-23.53168093,-46.58070215,sao paulo,SP
3080,-23.53290646,-46.57849751,sao paulo,SP
3081,-23.53163603,-46.57548705,sao paulo,SP
3084,-23.53347417,-46.57092785,sao paulo,SP
3085,-23.53307546,-46.56853276,sao paulo,SP
3086,-23.53025263,-46.56711052,sao paulo,SP
3087,-23.53039562,-46.56597236,sao paulo,SP
3088,-23.52690103,-46.56186443,sao paulo,SP
3089,-23.53101646,-46.56101664,sao paulo,SP
3090,-23.52842383,-46.55785411,sao paulo,SP
3101,-23.55219866,-46.61075514,sao paulo,SP
3102,-23.55032304,-46.61366842,sao paulo,SP
3103,-23.55437139,-46.61059234,sao paulo,SP
3104,-23.55424524,-46.61454015,sao paulo,SP
3105,-23.55574543,-46.61919394,sao paulo,SP
3106,-23.5562841,-46.61636651,são paulo,SP
3107,-23.56388638,-46.60786711,são paulo,SP
3108,-23.56543865,-46.60872555,sao paulo,SP
3109,-23.57511058,-46.59767716,sao paulo,SP
3110,-23.55760614,-46.6071959,sao paulo,SP
3111,-23.56018268,-46.604393,sao paulo,SP
3112,-23.55651324,-46.60204784,sao paulo,SP
3113,-23.56145739,-46.60235393,sao paulo,SP
3114,-23.56424376,-46.59588884,sao paulo,SP
3115,-23.56442551,-46.59443844,sao paulo,SP
3116,-23.56745325,-46.58696055,sao paulo,SP
3117,-23.56074683,-46.59337549,sao paulo,SP
3118,-23.56176774,-46.59488336,sao paulo,SP
3119,-23.5635205,-46.59441805,sao paulo,SP
3120,-23.56102944,-46.59743646,são paulo,SP
3121,-23.56327006,-46.59940392,sao paulo,SP
3122,-23.56818768,-46.59475375,sao paulo,SP
3123,-23.5725619,-46.59414385,sao paulo,SP
3124,-23.57099678,-46.59096664,sao paulo,SP
3125,-23.57691427,-46.59120061,sao paulo,SP
3126,-23.58039531,-46.5913264,sao paulo,SP
3127,-23.57789321,-46.58816128,sao paulo,SP
3128,-23.57306414,-46.58463505,sao paulo,SP
3129,-23.57847261,-46.58213754,são paulo,SP
3130,-23.58010036,-46.58364058,sao paulo,SP
3131,-23.57887299,-46.57962869,sao paulo,SP
3132,-23.58226466,-46.58223783,sao paulo,SP
3133,-23.59624023,-46.57760922,sao paulo,SP
3134,-23.58476156,-46.58437201,sao paulo,SP
3135,-23.5788957,-46.58091125,sao paulo,SP
3136,-23.57935629,-46.57876971,sao paulo,SP
3137,-23.5800712,-46.57621264,sao paulo,SP
3138,-23.58741915,-46.58143533,sao paulo,SP
3139,-23.58612529,-46.57810424,sao paulo,SP
3140,-23.58621174,-46.57677124,sao paulo,SP
3141,-23.58845721,-46.57455217,sao paulo,SP
3142,-23.59059526,-46.57730158,sao paulo,SP
3143,-23.59020989,-46.57783356,sao paulo,SP
3144,-23.59450383,-46.57224575,são paulo,SP
3145,-23.59165311,-46.57239067,sao paulo,SP
3146,-23.59313242,-46.57686179,sao paulo,SP
3147,-23.59512091,-46.57334684,sao paulo,SP
3149,-23.57698293,-46.58716127,sao paulo,SP
3150,-23.58587084,-46.58792267,sao paulo,SP
3151,-23.58728364,-46.5862366,sao paulo,SP
3152,-23.59255236,-46.58181593,sao paulo,SP
3153,-23.59689569,-46.58061925,são paulo,SP
3154,-23.58291959,-46.56674927,sao paulo,SP
3155,-23.58115575,-46.57129791,sao paulo,SP
3156,-23.58085366,-46.56817122,sao paulo,SP
3157,-23.57715225,-46.57130069,sao paulo,SP
3158,-23.57576418,-46.56671945,sao paulo,SP
3159,-23.57884183,-46.56918188,sao paulo,SP
3160,-23.57873773,-46.56466688,são paulo,SP
3161,-23.57727689,-46.56338618,sao paulo,SP
3162,-23.55132779,-46.60360231,sao paulo,SP
3163,-23.54598588,-46.59593803,sao paulo,SP
3164,-23.54837606,-46.60923672,sao paulo,SP
3165,-23.55999665,-46.5859735,sao paulo,SP
3166,-23.54929881,-46.59560376,sao paulo,SP
3167,-23.5557449,-46.59460788,são paulo,SP
3168,-23.55439789,-46.59568963,sao paulo,SP
3169,-23.55291515,-46.5939765,sao paulo,SP
3170,-23.55090216,-46.59234068,sao paulo,SP
3171,-23.55070297,-46.59043468,sao paulo,SP
3172,-23.55270274,-46.58532811,sao paulo,SP
3173,-23.55329348,-46.58427014,sao paulo,SP
3174,-23.54707223,-46.58905013,sao paulo,SP
3175,-23.549368,-46.5844974,sao paulo,SP
3176,-23.55000793,-46.58786141,sao paulo,SP
3177,-23.55073311,-46.58622852,são paulo,SP
3178,-23.55347001,-46.58779032,são paulo,SP
3179,-23.5529186,-46.58143102,sao paulo,SP
3180,-23.55971357,-46.58774602,sao paulo,SP
3181,-23.55837118,-46.58214904,sao paulo,SP
3182,-23.55943764,-46.59142783,são paulo,SP
3183,-23.56035694,-46.59085956,sao paulo,SP
3184,-23.56417824,-46.58662066,sao paulo,SP
3185,-23.56338443,-46.58303459,sao paulo,SP
3186,-23.56556171,-46.58163874,sao paulo,SP
3187,-23.56113331,-46.57891781,sao paulo,SP
3188,-23.562632,-46.57834473,sao paulo,SP
3189,-23.5694697,-46.57783364,sao paulo,SP
3190,-23.56451691,-46.57388001,sao paulo,SP
3191,-23.56880146,-46.57173941,sao paulo,SP
3192,-23.57166058,-46.57754994,sao paulo,SP
3193,-23.57415477,-46.57645499,sao paulo,SP
3194,-23.56788989,-46.57394822,são paulo,SP
3195,-23.5704584,-46.5820272,sao paulo,SP
3201,-23.5986861,-46.5740034,sao paulo,SP
3202,-23.60072726,-46.57017922,sao paulo,SP
3203,-23.59386435,-46.57347663,sao paulo,SP
3204,-23.59549859,-46.55972696,sao paulo,SP
3205,-23.60275554,-46.56692499,sao paulo,SP
3206,-23.59869175,-46.56248318,sao paulo,SP
3207,-23.60066373,-46.56264155,sao paulo,SP
3208,-23.59937183,-46.55792003,sao paulo,SP
3209,-23.60125125,-46.55894892,sao paulo,SP
3210,-23.6006268,-46.54953091,sao paulo,SP
3211,-23.60109206,-46.55369625,sao paulo,SP
3212,-23.60429642,-46.56021506,sao paulo,SP
3213,-23.60636135,-46.56094792,sao paulo,SP
3214,-23.60806673,-46.56148327,são paulo,SP
3215,-23.60743412,-46.55682562,sao paulo,SP
3216,-23.60847856,-46.55619491,sao paulo,SP
3220,-23.60453364,-46.52842163,sao paulo,SP
3221,-23.59632319,-46.5403948,são paulo,SP
3222,-23.58527841,-46.5610943,sao paulo,SP
3223,-23.58985547,-46.55935189,são paulo,SP
3224,-23.59046705,-46.56098911,são paulo,SP
3225,-23.58499498,-46.55588386,sao paulo,SP
3226,-23.59185767,-46.56752279,sao paulo,SP
3227,-23.58636551,-46.57107896,sao paulo,SP
3231,-23.65080247,-46.65849944,são paulo,SP
3236,-23.59236812,-46.5533861,são paulo,SP
3237,-23.59345495,-46.55235597,são paulo,SP
3238,-23.59415636,-46.54931505,sao paulo,SP
3239,-23.5964639,-46.5466621,são paulo,SP
3240,-23.59840258,-46.54732485,sao paulo,SP
3241,-23.60025258,-46.54659636,são paulo,SP
3242,-23.59774006,-46.54375783,sao paulo,SP
3243,-23.59898784,-46.54197184,sao paulo,SP
3244,-23.60383267,-46.54086244,sao paulo,SP
3245,-23.60387382,-46.53546787,sao paulo,SP
3249,-23.59948906,-46.53346456,sao paulo,SP
3250,-23.60582984,-46.53178508,sao paulo,SP
3251,-23.60650176,-46.53722056,sao paulo,SP
3252,-23.60924715,-46.54230642,sao paulo,SP
3253,-23.60711091,-46.53119021,sao paulo,SP
3254,-23.60983668,-46.53119971,são paulo,SP
3255,-23.60128174,-46.52573981,sao paulo,SP
3256,-23.60985649,-46.52964693,sao paulo,SP
3257,-23.60827682,-46.52671491,sao paulo,SP
3258,-23.61058128,-46.52648833,sao paulo,SP
3259,-23.60356085,-46.52175387,sao paulo,SP
3260,-23.60405753,-46.51801099,sao paulo,SP
3261,-23.58666441,-46.55187516,sao paulo,SP
3262,-23.58840363,-46.54991767,sao paulo,SP
3263,-23.58923866,-46.54789753,são paulo,SP
3264,-23.59149436,-46.54472994,sao paulo,SP
3265,-23.59494036,-46.54115925,são paulo,SP
3266,-23.59838632,-46.53670008,sao paulo,SP
3267,-23.60090839,-46.52925257,sao paulo,SP
3268,-23.59893437,-46.5263975,sao paulo,SP
3269,-23.59941404,-46.52443946,sao paulo,SP
3270,-23.60076166,-46.52099071,são paulo,SP
3271,-23.60060739,-46.51784627,sao paulo,SP
3272,-23.60152617,-46.51461732,sao paulo,SP
3273,-23.5773469,-46.55995458,sao paulo,SP
3274,-23.5784962,-46.55725356,sao paulo,SP
3275,-23.58398714,-46.54139703,sao paulo,SP
3276,-23.57898435,-46.54721152,são paulo,SP
3277,-23.5832251,-46.54649565,sao paulo,SP
3278,-23.58217113,-46.5440381,sao paulo,SP
3279,-23.58487338,-46.54140042,sao paulo,SP
3280,-23.5835512,-46.53738367,sao paulo,SP
3281,-23.5882658,-46.54307501,sao paulo,SP
3282,-23.58861427,-46.5439182,são paulo,SP
3283,-23.5903178,-46.53928915,sao paulo,SP
3284,-23.58750366,-46.53687798,sao paulo,SP
3286,-23.59081738,-46.53525233,sao paulo,SP
3287,-23.59549802,-46.53310583,são paulo,SP
3288,-23.59264858,-46.53198943,sao paulo,SP
3289,-23.59514435,-46.52928289,sao paulo,SP
3294,-23.59285754,-46.53659861,sao paulo,SP
3295,-23.5881778,-46.54478574,sao paulo,SP
3301,-23.54330214,-46.58282993,sao paulo,SP
3302,-23.54496472,-46.5896935,sao paulo,SP
3303,-23.54520338,-46.58769816,sao paulo,SP
3304,-23.54514786,-46.57813032,sao paulo,SP
3305,-23.54656166,-46.57683131,são paulo,SP
3306,-23.54465173,-46.57571243,sao paulo,SP
3307,-23.54672413,-46.57405805,sao paulo,SP
3308,-23.54154753,-46.57190645,sao paulo,SP
3309,-23.5455521,-46.56741433,sao paulo,SP
3310,-23.54338155,-46.56683946,sao paulo,SP
3311,-23.54367644,-46.56404587,são paulo,SP
3312,-23.54846811,-46.55831555,sao paulo,SP
3313,-23.5452801,-46.55833696,sao paulo,SP
3314,-23.5413204,-46.56603387,sao paulo,SP
3315,-23.5422138,-46.56846285,são paulo,SP
3316,-23.54227577,-46.56634914,sao paulo,SP
3317,-23.54154695,-46.5606561,são paulo,SP
3318,-23.54437687,-46.56537641,sao paulo,SP
3319,-23.5448173,-46.56210024,sao paulo,SP
3320,-23.54653038,-46.56533762,sao paulo,SP
3321,-23.5474383,-46.56476051,são paulo,SP
3322,-23.54868916,-46.56553814,sao paulo,SP
3323,-23.54591893,-46.57241378,sao paulo,SP
3324,-23.55117193,-46.56581997,sao paulo,SP
3325,-23.55251588,-46.55693527,sao paulo,SP
3330,-23.54538473,-46.58532661,são paulo,SP
3331,-23.5475823,-46.58295189,são paulo,SP
3332,-23.55178603,-46.57513411,sao paulo,SP
3333,-23.55619058,-46.56912835,são paulo,SP
3334,-23.55365999,-46.57228291,sao paulo,SP
3335,-23.55493816,-46.56841445,sao paulo,SP
3336,-23.55385982,-46.56304462,sao paulo,SP
3337,-23.55620823,-46.56186139,sao paulo,SP
3338,-23.55969719,-46.56057952,sao paulo,SP
3340,-23.57034219,-46.55119132,sao paulo,SP
3342,-23.56123322,-46.56376233,sao paulo,SP
3343,-23.55933843,-46.57097407,sao paulo,SP
3344,-23.56002629,-46.57345956,sao paulo,SP
3345,-23.57157696,-46.56366059,sao paulo,SP
3346,-23.56018264,-46.5713646,sao paulo,SP
3347,-23.56268975,-46.56674098,sao paulo,SP
3348,-23.56605516,-46.56231418,sao paulo,SP
3349,-23.5672641,-46.56287585,sao paulo,SP
3350,-23.56946838,-46.56596474,sao paulo,SP
3351,-23.57209282,-46.5642635,sao paulo,SP
3355,-23.56044369,-46.55342163,sao paulo,SP
3356,-23.56565329,-46.5455063,sao paulo,SP
3357,-23.56512276,-46.55513072,sao paulo,SP
3358,-23.56568917,-46.5503797,sao paulo,SP
3359,-23.56682154,-46.54868787,sao paulo,SP
3360,-23.56928411,-46.54352104,sao paulo,SP
3361,-23.57365748,-46.52991121,sao paulo,SP
3362,-23.56505284,-46.5430306,sao paulo,SP
3363,-23.56275649,-46.53913023,sao paulo,SP
3364,-23.56515767,-46.5378593,sao paulo,SP
3365,-23.57002012,-46.53717191,sao paulo,SP
3366,-23.56462964,-46.53426768,sao paulo,SP
3367,-23.56934708,-46.53475012,sao paulo,SP
3370,-23.56992185,-46.55930876,sao paulo,SP
3371,-23.56846798,-46.55284854,sao paulo,SP
3372,-23.57055699,-46.55585348,sao paulo,SP
3373,-23.57335204,-46.55291231,sao paulo,SP
3374,-23.58852239,-46.53129129,sao paulo,SP
3375,-23.57399725,-46.54875472,sao paulo,SP
3376,-23.57740966,-46.54286364,sao paulo,SP
3377,-23.57488825,-46.54273362,sao paulo,SP
3378,-23.57098062,-46.53923864,sao paulo,SP
3379,-23.57594065,-46.53757503,são paulo,SP
3380,-23.57606764,-46.53256744,sao paulo,SP
3381,-23.57828613,-46.53324458,sao paulo,SP
3382,-23.57999808,-46.53127969,sao paulo,SP
3383,-23.58225628,-46.53061992,sao paulo,SP
3384,-23.57805737,-46.52272883,sao paulo,SP
3385,-23.58284049,-46.5253537,sao paulo,SP
3386,-23.57238121,-46.55064229,são paulo,SP
3387,-23.58584324,-46.52933705,sao paulo,SP
3388,-23.58813433,-46.52972888,sao paulo,SP
3389,-23.59002821,-46.5279126,sao paulo,SP
3390,-23.5923868,-46.52581953,sao paulo,SP
3401,-23.5487761,-46.5547095,sao paulo,SP
3402,-23.5438327,-46.54577257,sao paulo,SP
3403,-23.54549919,-46.54298309,sao paulo,SP
3404,-23.53775272,-46.55409684,sao paulo,SP
3405,-23.53836202,-46.54893972,sao paulo,SP
3406,-23.54120497,-46.54559838,sao paulo,SP
3407,-23.54338812,-46.55095502,sao paulo,SP
3408,-23.54710199,-46.55323325,são paulo,SP
3409,-23.54718619,-46.55070588,sao paulo,SP
3410,-23.55046185,-46.55143657,sao paulo,SP
3411,-23.54781986,-46.54756094,sao paulo,SP
3412,-23.55522288,-46.55109625,sao paulo,SP
3413,-23.55470942,-46.54785614,sao paulo,SP
3414,-23.56061233,-46.54867984,sao paulo,SP
3415,-23.55974068,-46.54514607,sao paulo,SP
3416,-23.56098129,-46.54936098,sao paulo,SP
3417,-23.53989924,-46.54740653,sao paulo,SP
3420,-23.54942936,-46.54572839,sao paulo,SP
3421,-23.55161134,-46.54513678,sao paulo,SP
3422,-23.5556842,-46.54412419,são paulo,SP
3423,-23.55103874,-46.54148574,sao paulo,SP
3424,-23.55238521,-46.54079134,sao paulo,SP
3425,-23.55554458,-46.53985544,sao paulo,SP
3426,-23.55233644,-46.53686856,sao paulo,SP
3427,-23.55280915,-46.53652663,são paulo,SP
3428,-23.55346845,-46.53848929,sao paulo,SP
3429,-23.55354633,-46.53614248,sao paulo,SP
3430,-23.54972963,-46.53778402,sao paulo,SP
3431,-23.55047243,-46.53884596,sao paulo,SP
3432,-23.55810946,-46.53665448,sao paulo,SP
3433,-23.56013881,-46.53418583,sao paulo,SP
3434,-23.55963335,-46.53286065,são paulo,SP
3435,-23.55858107,-46.53087656,sao paulo,SP
3436,-23.55951372,-46.53141043,sao paulo,SP
3437,-23.55849531,-46.52911922,sao paulo,SP
3438,-23.55868959,-46.52719871,sao paulo,SP
3440,-23.54454291,-46.54361934,sao paulo,SP
3441,-23.54676332,-46.53676429,sao paulo,SP
3442,-23.54378827,-46.53990034,são paulo,SP
3443,-23.54411608,-46.535906,sao paulo,SP
3444,-23.54511831,-46.53442236,são paulo,SP
3445,-23.54876817,-46.52872609,sao paulo,SP
3446,-23.55061575,-46.52914594,são paulo,SP
3447,-23.5533898,-46.52528956,são paulo,SP
3448,-23.55372549,-46.52277327,sao paulo,SP
3449,-23.55605153,-46.52261721,são paulo,SP
3450,-23.55578778,-46.51840157,sao paulo,SP
3451,-23.55864353,-46.51925843,sao paulo,SP
3452,-23.5676378,-46.51066886,sao paulo,SP
3453,-23.56437506,-46.51425029,são paulo,SP
3454,-23.56318536,-46.51248297,sao paulo,SP
3455,-23.56556817,-46.50967704,sao paulo,SP
3456,-23.56944697,-46.50651112,são paulo,SP
3460,-23.56523148,-46.5177477,sao paulo,SP
3461,-23.56988248,-46.52553596,sao paulo,SP
3462,-23.5738448,-46.52772658,são paulo,SP
3463,-23.57231327,-46.5307805,sao paulo,SP
3470,-23.56911279,-46.52228691,sao paulo,SP
3471,-23.56509562,-46.51856509,sao paulo,SP
3472,-23.57440914,-46.52207894,sao paulo,SP
3474,-23.5725257,-46.51483704,são paulo,SP
3475,-23.57469334,-46.51620621,sao paulo,SP
3476,-23.57207939,-46.51148786,sao paulo,SP
3477,-23.56849994,-46.51180958,sao paulo,SP
3478,-23.57148534,-46.51342385,sao paulo,SP
3479,-23.57538688,-46.50810683,sao paulo,SP
3480,-23.5781716,-46.50730741,sao paulo,SP
3490,-23.5558701,-46.5165225,sao paulo,SP
3501,-23.53344831,-46.54027294,são paulo,SP
3502,-23.53652817,-46.54238297,sao paulo,SP
3503,-23.53694199,-46.54170793,são paulo,SP
3504,-23.53755537,-46.53822847,sao paulo,SP
3505,-23.53496135,-46.53859119,são paulo,SP
3506,-23.53747319,-46.53570579,sao paulo,SP
3507,-23.53783926,-46.53862536,sao paulo,SP
3508,-23.53474003,-46.53293131,sao paulo,SP
3509,-23.53589348,-46.52907615,são paulo,SP
3510,-23.5388054,-46.53089979,sao paulo,SP
3511,-23.53492121,-46.52716377,são paulo,SP
3512,-23.53904043,-46.52661282,sao paulo,SP
3513,-23.53583699,-46.52310864,sao paulo,SP
3514,-23.53379801,-46.51787272,sao paulo,SP
3515,-23.53976264,-46.53152855,sao paulo,SP
3516,-23.54154281,-46.52463207,sao paulo,SP
3517,-23.5437287,-46.528242,sao paulo,SP
3518,-23.54454336,-46.52427199,sao paulo,SP
3519,-23.54678846,-46.52310509,sao paulo,SP
3520,-23.54706743,-46.52164439,sao paulo,SP
3521,-23.54758378,-46.51853405,sao paulo,SP
3522,-23.54790912,-46.51891761,sao paulo,SP
3523,-23.54996612,-46.5163995,sao paulo,SP
3524,-23.54851527,-46.51423507,sao paulo,SP
3525,-23.54853362,-46.51837017,sao paulo,SP
3526,-23.55253994,-46.50149166,são paulo,SP
3527,-23.54512158,-46.52934746,sao paulo,SP
3530,-23.53880753,-46.52012161,sao paulo,SP
3531,-23.54116798,-46.51841215,sao paulo,SP
3532,-23.54203179,-46.51586608,são paulo,SP
3533,-23.54455956,-46.51680507,sao paulo,SP
3534,-23.54599188,-46.50970757,são paulo,SP
3535,-23.54520118,-46.50581846,sao paulo,SP
3540,-23.53508322,-46.49952831,são paulo,SP
3541,-23.53496679,-46.5180134,são paulo,SP
3542,-23.53103954,-46.51583258,sao paulo,SP
3543,-23.53500721,-46.51490381,sao paulo,SP
3544,-23.53167419,-46.51135489,sao paulo,SP
3545,-23.53263798,-46.51224065,sao paulo,SP
3546,-23.53580687,-46.50960002,são paulo,SP
3547,-23.53834207,-46.51257059,sao paulo,SP
3548,-23.54080094,-46.51177859,sao paulo,SP
3550,-23.53123454,-46.50691508,sao paulo,SP
3551,-23.53320355,-46.50341968,sao paulo,SP
3552,-23.53556756,-46.50420977,sao paulo,SP
3553,-23.53422174,-46.50685724,sao paulo,SP
3554,-23.5380488,-46.50652036,sao paulo,SP
3555,-23.53851842,-46.49875812,sao paulo,SP
3556,-23.5398391,-46.50066118,são paulo,SP
3557,-23.54151834,-46.50490729,sao paulo,SP
3558,-23.54395986,-46.5020659,sao paulo,SP
3559,-23.54653142,-46.50224298,sao paulo,SP
3560,-23.54761003,-46.4997765,sao paulo,SP
3561,-23.54773676,-46.4949962,sao paulo,SP
3562,-23.54485289,-46.49672422,são paulo,SP
3563,-23.54648128,-46.49189066,são paulo,SP
3564,-23.53516852,-46.49726785,sao paulo,SP
3565,-23.53862391,-46.49447915,sao paulo,SP
3566,-23.54034942,-46.49712028,sao paulo,SP
3567,-23.53989582,-46.48962526,sao paulo,SP
3568,-23.54200079,-46.48484333,sao paulo,SP
3569,-23.54315016,-46.49010131,sao paulo,SP
3570,-23.5662324,-46.48729265,sao paulo,SP
3571,-23.56943251,-46.48596031,sao paulo,SP
3572,-23.57483597,-46.49680878,sao paulo,SP
3573,-23.55913134,-46.50884108,sao paulo,SP
3574,-23.55485523,-46.51209025,sao paulo,SP
3575,-23.55629667,-46.50741604,sao paulo,SP
3576,-23.55246537,-46.50817935,são paulo,SP
3577,-23.55315642,-46.50308034,sao paulo,SP
3578,-23.55842803,-46.5048267,sao paulo,SP
3579,-23.56337315,-46.49598896,sao paulo,SP
3580,-23.55329843,-46.49992444,sao paulo,SP
3581,-23.55580997,-46.49963791,sao paulo,SP
3582,-23.55736367,-46.49773605,sao paulo,SP
3583,-23.55804163,-46.49418859,sao paulo,SP
3584,-23.56027735,-46.48664304,são paulo,SP
3585,-23.56577,-46.49178572,sao paulo,SP
3586,-23.55622067,-46.48903942,sao paulo,SP
3587,-23.55615045,-46.48741941,são paulo,SP
3588,-23.55825096,-46.48709244,sao paulo,SP
3589,-23.55166853,-46.48650878,sao paulo,SP
3590,-23.54655346,-46.48340739,sao paulo,SP
3591,-23.55047071,-46.48017143,sao paulo,SP
3601,-23.51455854,-46.52108947,sao paulo,SP
3602,-23.53223814,-46.57226394,sao paulo,SP
3603,-23.5242055,-46.55007534,sao paulo,SP
3604,-23.52371731,-46.55062104,são paulo,SP
3605,-23.52145676,-46.54980935,sao paulo,SP
3606,-23.52256925,-46.54756099,sao paulo,SP
3607,-23.51980833,-46.54202229,são paulo,SP
3608,-23.51677889,-46.54314576,sao paulo,SP
3609,-23.51603189,-46.54180709,sao paulo,SP
3610,-23.51995453,-46.53960081,sao paulo,SP
3611,-23.51955758,-46.53768299,sao paulo,SP
3612,-23.51749959,-46.5357429,sao paulo,SP
3613,-23.51919319,-46.53363245,sao paulo,SP
3614,-23.51766252,-46.53169823,sao paulo,SP
3615,-23.51828973,-46.52993833,sao paulo,SP
3616,-23.51802011,-46.52769687,sao paulo,SP
3617,-23.51808859,-46.52550376,sao paulo,SP
3618,-23.51600942,-46.52195191,são paulo,SP
3619,-23.51323415,-46.51475787,sao paulo,SP
3620,-23.51995628,-46.52420522,sao paulo,SP
3621,-23.51989401,-46.52214031,são paulo,SP
3622,-23.52045199,-46.51904595,sao paulo,SP
3623,-23.51870666,-46.51631237,sao paulo,SP
3624,-23.51490989,-46.51512663,sao paulo,SP
3625,-23.51593693,-46.51179191,sao paulo,SP
3626,-23.5131776,-46.5096299,sao paulo,SP
3627,-23.51175571,-46.50577844,sao paulo,SP
3630,-23.53266088,-46.55000834,são paulo,SP
3631,-23.53049212,-46.55100937,sao paulo,SP
3632,-23.52798206,-46.54977981,são paulo,SP
3633,-23.52957861,-46.54595145,sao paulo,SP
3634,-23.52512293,-46.54710748,são paulo,SP
3635,-23.51731045,-46.5197812,sao paulo,SP
3636,-23.52234062,-46.52866708,são paulo,SP
3637,-23.52504164,-46.54352516,sao paulo,SP
3638,-23.52823824,-46.54152974,sao paulo,SP
3639,-23.52585382,-46.54028232,sao paulo,SP
3640,-23.53118131,-46.54137488,sao paulo,SP
3641,-23.5238973,-46.54499252,sao paulo,SP
3642,-23.52640356,-46.53563962,sao paulo,SP
3643,-23.52785838,-46.53424303,sao paulo,SP
3644,-23.52600858,-46.53344299,sao paulo,SP
3645,-23.52505543,-46.53176551,sao paulo,SP
3646,-23.52547119,-46.52961502,sao paulo,SP
3647,-23.52595781,-46.52763524,sao paulo,SP
3648,-23.52486568,-46.52727642,sao paulo,SP
3649,-23.52742879,-46.52388212,sao paulo,SP
3650,-23.52719794,-46.52313642,sao paulo,SP
3651,-23.52673778,-46.51986041,são paulo,SP
3652,-23.51449134,-46.50583754,sao paulo,SP
3653,-23.51764636,-46.51069909,são paulo,SP
3654,-23.52521944,-46.51702871,sao paulo,SP
3655,-23.52542876,-46.51380633,sao paulo,SP
3656,-23.52560659,-46.5098204,sao paulo,SP
3657,-23.52763349,-46.50400413,são paulo,SP
3658,-23.52813994,-46.50066365,sao paulo,SP
3659,-23.52154004,-46.51139904,sao paulo,SP
3660,-23.52225246,-46.5071813,sao paulo,SP
3661,-23.52406964,-46.50252777,sao paulo,SP
3662,-23.52272852,-46.50003339,sao paulo,SP
3663,-23.52468838,-46.50057596,sao paulo,SP
3664,-23.52544317,-46.49841987,sao paulo,SP
3665,-23.52680135,-46.49679065,sao paulo,SP
3666,-23.52866988,-46.49566476,sao paulo,SP
3667,-23.53130695,-46.49479456,sao paulo,SP
3668,-23.53350315,-46.48968962,sao paulo,SP
3669,-23.53165778,-46.49138353,são paulo,SP
3670,-23.51719794,-46.50663196,sao paulo,SP
3671,-23.51735048,-46.50314872,são paulo,SP
3672,-23.51618748,-46.5026945,sao paulo,SP
3673,-23.51476791,-46.50250782,sao paulo,SP
3674,-23.51858166,-46.49965568,sao paulo,SP
3675,-23.51917011,-46.49731178,são paulo,SP
3676,-23.5182965,-46.49345096,sao paulo,SP
3677,-23.52487354,-46.50607493,sao paulo,SP
3678,-23.51749486,-46.48987604,são paulo,SP
3679,-23.51966506,-46.48912231,sao paulo,SP
3680,-23.52351291,-46.48932142,sao paulo,SP
3681,-23.52228468,-46.48657993,sao paulo,SP
3682,-23.51943354,-46.48242393,são paulo,SP
3683,-23.52192001,-46.48230181,sao paulo,SP
3685,-23.52414488,-46.47840267,sao paulo,SP
3687,-23.52648193,-46.48639538,sao paulo,SP
3688,-23.52795228,-46.48405348,sao paulo,SP
3689,-23.5294962,-46.48159665,sao paulo,SP
3690,-23.52845977,-46.47831604,sao paulo,SP
3691,-23.53413108,-46.48345285,sao paulo,SP
3692,-23.53331554,-46.48026359,sao paulo,SP
3693,-23.53178641,-46.47668102,sao paulo,SP
3694,-23.53207132,-46.47633256,sao paulo,SP
3695,-23.52467361,-46.49539126,são paulo,SP
3701,-23.5134974,-46.55024451,são paulo,SP
3702,-23.5159779,-46.54737186,sao paulo,SP
3703,-23.5138144,-46.55060393,sao paulo,SP
3704,-23.51250584,-46.55287887,sao paulo,SP
3707,-23.50735758,-46.54417948,sao paulo,SP
3710,-23.51187783,-46.54888717,sao paulo,SP
3711,-23.50755311,-46.52911626,sao paulo,SP
3712,-23.50771886,-46.52906265,sao paulo,SP
3713,-23.51068374,-46.54592953,sao paulo,SP
3714,-23.50771858,-46.54051766,sao paulo,SP
3715,-23.50653852,-46.53759606,sao paulo,SP
3716,-23.50474887,-46.53369227,sao paulo,SP
3717,-23.5106932,-46.52782758,sao paulo,SP
3718,-23.49850504,-46.52925323,sao paulo,SP
3720,-23.50269192,-46.52979795,sao paulo,SP
3721,-23.50280386,-46.52430246,sao paulo,SP
3725,-23.49993791,-46.51858686,sao paulo,SP
3726,-23.50087451,-46.51611816,sao paulo,SP
3727,-23.50257131,-46.51305552,sao paulo,SP
3728,-23.50132291,-46.50961283,sao paulo,SP
3729,-23.50096776,-46.5050217,sao paulo,SP
3730,-23.53391652,-46.56195502,sao paulo,SP
3731,-23.51086005,-46.53675954,são paulo,SP
3732,-23.51116412,-46.53330351,sao paulo,SP
3733,-23.5100156,-46.52886234,sao paulo,SP
3734,-23.5099347,-46.52515656,sao paulo,SP
3735,-23.50964306,-46.52117239,sao paulo,SP
3736,-23.50816629,-46.5164008,sao paulo,SP
3737,-23.5089427,-46.51231048,sao paulo,SP
3738,-23.50752671,-46.50745645,sao paulo,SP
3739,-23.51405019,-46.54663791,sao paulo,SP
3755,-23.51137589,-46.50276219,sao paulo,SP
3756,-23.50655232,-46.50371261,sao paulo,SP
3757,-23.50748495,-46.49733903,sao paulo,SP
3758,-23.50430618,-46.49966827,sao paulo,SP
3759,-23.50263505,-46.49317674,sao paulo,SP
3801,-23.50284763,-46.49002927,sao paulo,SP
3802,-23.50244734,-46.48560524,sao paulo,SP
3803,-23.49555929,-46.48735883,sao paulo,SP
3804,-23.4991434,-46.48329855,sao paulo,SP
3805,-23.5044665,-46.48092312,sao paulo,SP
3806,-23.49751898,-46.47760601,sao paulo,SP
3807,-23.49956917,-46.47297735,sao paulo,SP
3808,-23.49397773,-46.47482439,são paulo,SP
3809,-23.4906635,-46.47631091,sao paulo,SP
3810,-23.49046179,-46.47241736,sao paulo,SP
3811,-23.49104157,-46.48255023,sao paulo,SP
3812,-23.48993071,-46.47620396,sao paulo,SP
3813,-23.48823413,-46.46998901,sao paulo,SP
3814,-23.48910579,-46.48490023,sao paulo,SP
3816,-23.48971545,-46.48929187,sao paulo,SP
3817,-23.49256132,-46.49267293,sao paulo,SP
3818,-23.49744829,-46.49414128,sao paulo,SP
3819,-23.49927014,-46.49730993,sao paulo,SP
3820,-23.49586309,-46.50308451,sao paulo,SP
3821,-23.49450896,-46.5033429,são paulo,SP
3822,-23.49813982,-46.49572758,sao paulo,SP
3823,-23.49799948,-46.48582675,sao paulo,SP
3827,-23.48384993,-46.48181903,sao paulo,SP
3828,-23.48164866,-46.49334618,sao paulo,SP
3831,-23.58705153,-46.5803211,são paulo,SP
3840,-23.60153821,-46.46167529,são paulo,SP
3870,-23.50790082,-46.48782021,sao paulo,SP
3871,-23.50813524,-46.49215922,sao paulo,SP
3872,-23.51245973,-46.50082149,sao paulo,SP
3873,-23.51039575,-46.49595517,sao paulo,SP
3874,-23.51245734,-46.49550283,sao paulo,SP
3875,-23.51348136,-46.496039,sao paulo,SP
3876,-23.51120189,-46.4942625,sao paulo,SP
3877,-23.51161645,-46.49150766,sao paulo,SP
3878,-23.51048637,-46.49377179,sao paulo,SP
3880,-23.50832107,-46.48545546,sao paulo,SP
3881,-23.5099878,-46.48843048,são paulo,SP
3882,-23.51146222,-46.4851466,sao paulo,SP
3883,-23.50886722,-46.48218366,sao paulo,SP
3884,-23.51220692,-46.48109047,sao paulo,SP
3886,-23.50958864,-46.48081271,sao paulo,SP
3887,-23.51095758,-46.47843552,sao paulo,SP
3888,-23.50860498,-46.47927294,sao paulo,SP
3889,-23.51285804,-46.47698566,sao paulo,SP
3890,-23.51576897,-46.48821453,sao paulo,SP
3891,-23.51310114,-46.48929705,sao paulo,SP
3892,-23.51359211,-46.48669476,sao paulo,SP
3893,-23.51476012,-46.48402845,sao paulo,SP
3894,-23.51545915,-46.48182178,são paulo,SP
3895,-23.51561828,-46.47928013,são paulo,SP
3896,-23.51390937,-46.4796774,sao paulo,SP
3901,-23.57822996,-46.51295583,sao paulo,SP
3904,-23.57820785,-46.51850284,sao paulo,SP
3905,-23.57982406,-46.51489218,são paulo,SP
3906,-23.58118938,-46.51135808,sao paulo,SP
3907,-23.58735899,-46.50788455,sao paulo,SP
3908,-23.58251936,-46.50719417,sao paulo,SP
3909,-23.58478957,-46.51127583,sao paulo,SP
3910,-23.58488075,-46.5155884,sao paulo,SP
3911,-23.58202351,-46.51928863,sao paulo,SP
3912,-23.58258718,-46.52229628,sao paulo,SP
3916,-23.58843786,-46.51144074,sao paulo,SP
3917,-23.58638336,-46.52109254,sao paulo,SP
3918,-23.59210769,-46.51977944,são paulo,SP
3919,-23.59318933,-46.52352468,sao paulo,SP
3920,-23.59773045,-46.52652368,sao paulo,SP
3921,-23.58937993,-46.516604,sao paulo,SP
3922,-23.59506186,-46.51627799,sao paulo,SP
3923,-23.59195428,-46.51100158,sao paulo,SP
3924,-23.59129763,-46.50534004,sao paulo,SP
3925,-23.60599544,-46.53492338,sao paulo,SP
3926,-23.59921192,-46.50172221,sao paulo,SP
3927,-23.60285393,-46.49870518,são paulo,SP
3928,-23.60559733,-46.50215174,são paulo,SP
3929,-23.60551443,-46.49030091,sao paulo,SP
3930,-23.58063481,-46.49765134,sao paulo,SP
3931,-23.5815629,-46.49480257,sao paulo,SP
3932,-23.58263362,-46.50103632,sao paulo,SP
3933,-23.58493742,-46.49867324,sao paulo,SP
3934,-23.59002347,-46.50212794,sao paulo,SP
3935,-23.58794031,-46.50330658,sao paulo,SP
3936,-23.59028633,-46.49645798,sao paulo,SP
3937,-23.58600256,-46.49963763,são paulo,SP
3938,-23.59534595,-46.5039899,sao paulo,SP
3939,-23.5943979,-46.5031013,sao paulo,SP
3940,-23.59276362,-46.50006376,sao paulo,SP
3941,-23.59581863,-46.49848235,sao paulo,SP
3942,-23.59439207,-46.49711225,são paulo,SP
3943,-23.59779635,-46.49453365,sao paulo,SP
3944,-23.60201559,-46.49375541,são paulo,SP
3945,-23.59776303,-46.49076262,sao paulo,SP
3946,-23.59652395,-46.49028557,sao paulo,SP
3947,-23.59080723,-46.49323179,sao paulo,SP
3948,-23.59087177,-46.49184354,sao paulo,SP
3949,-23.59974552,-46.48425022,sao paulo,SP
3950,-23.59422142,-46.47996365,sao paulo,SP
3951,-23.58654972,-46.48869426,sao paulo,SP
3952,-23.58961998,-46.48305282,sao paulo,SP
3953,-23.59341347,-46.48221685,sao paulo,SP
3958,-23.59631703,-46.48553656,sao paulo,SP
3959,-23.59671659,-46.48373879,sao paulo,SP
3960,-23.59680688,-46.48213361,sao paulo,SP
3961,-23.60182871,-46.48434983,são paulo,SP
3962,-23.60567392,-46.48151262,sao paulo,SP
3963,-23.60952604,-46.4801637,sao paulo,SP
3964,-23.60423669,-46.47556975,sao paulo,SP
3965,-23.6018762,-46.47704708,sao paulo,SP
3966,-23.59793761,-46.47739831,sao paulo,SP
3967,-23.6027047,-46.47395753,sao paulo,SP
3968,-23.60270429,-46.47248338,sao paulo,SP
3969,-23.60817752,-46.48975784,sao paulo,SP
3970,-23.6140882,-46.47940179,sao paulo,SP
3971,-23.60561565,-46.48921338,são paulo,SP
3972,-23.61603746,-46.48179843,sao paulo,SP
3973,-23.62015763,-46.48117587,sao paulo,SP
3974,-23.61647892,-46.48434703,sao paulo,SP
3975,-23.60733666,-46.51330007,sao paulo,SP
3976,-23.61206754,-46.49758166,são paulo,SP
3977,-23.61604042,-46.4979634,são paulo,SP
3978,-23.62102018,-46.50454461,sao paulo,SP
3979,-23.61721451,-46.50859405,sao paulo,SP
3980,-23.61613589,-46.51277665,são paulo,SP
3981,-23.61344321,-46.51647466,sao paulo,SP
3982,-23.61153819,-46.51254574,sao paulo,SP
3983,-23.60982937,-46.50825171,sao paulo,SP
3984,-23.60692325,-46.5123863,sao paulo,SP
3985,-23.60619589,-46.51679801,sao paulo,SP
3986,-23.60881479,-46.52159212,sao paulo,SP
3987,-23.60327098,-46.51103445,sao paulo,SP
3988,-23.60186988,-46.5141229,sao paulo,SP
3989,-23.61233147,-46.48391762,sao paulo,SP
4001,-23.57293948,-46.65111478,sao paulo,SP
4002,-23.5714504,-46.64798146,sao paulo,SP
4003,-23.57361114,-46.64695541,sao paulo,SP
4004,-23.573757,-46.64628032,sao paulo,SP
4005,-23.57627418,-46.64871017,sao paulo,SP
4006,-23.57703197,-46.64702162,sao paulo,SP
4007,-23.57923602,-46.65382977,sao paulo,SP
4008,-23.58063151,-46.65187237,são paulo,SP
4009,-23.58911876,-46.63631367,sao paulo,SP
4010,-23.58493185,-46.63749186,sao paulo,SP
4011,-23.57951699,-46.64408093,sao paulo,SP
4012,-23.58295246,-46.6465581,sao paulo,SP
4013,-23.57831524,-46.64249418,sao paulo,SP
4014,-23.58444931,-46.64330255,sao paulo,SP
4015,-23.58652132,-46.64377391,sao paulo,SP
4016,-23.58820999,-46.64362845,sao paulo,SP
4017,-23.58815054,-46.63798243,sao paulo,SP
4018,-23.58683111,-46.64178788,sao paulo,SP
4019,-23.59028498,-46.64586547,sao paulo,SP
4020,-23.59343121,-46.63918871,sao paulo,SP
4021,-23.59318456,-46.64315858,sao paulo,SP
4022,-23.59413536,-46.64576084,sao paulo,SP
4023,-23.59289601,-46.64219106,sao paulo,SP
4024,-23.60038899,-46.64450573,são paulo,SP
4025,-23.59836128,-46.64643662,sao paulo,SP
4026,-23.59917301,-46.64802916,sao paulo,SP
4027,-23.60006396,-46.65286118,sao paulo,SP
4028,-23.60487446,-46.6635145,sao paulo,SP
4029,-23.60132014,-46.65993835,sao paulo,SP
4030,-23.59300735,-46.6559142,sao paulo,SP
4031,-23.5941683,-46.65866096,sao paulo,SP
4032,-23.59548054,-46.6591584,sao paulo,SP
4035,-23.59512562,-46.63657924,sao paulo,SP
4036,-23.59719512,-46.63666638,sao paulo,SP
4037,-23.59560804,-46.64327184,sao paulo,SP
4038,-23.59697435,-46.64449151,sao paulo,SP
4039,-23.59779372,-46.64392305,sao paulo,SP
4040,-23.59958281,-46.6378382,sao paulo,SP
4041,-23.60142668,-46.64483388,sao paulo,SP
4042,-23.6027357,-46.64395672,sao paulo,SP
4043,-23.60611667,-46.64294962,sao paulo,SP
4044,-23.60060918,-46.63978355,sao paulo,SP
4045,-23.6186662,-46.63958287,sao paulo,SP
4046,-23.61836033,-46.64027975,sao paulo,SP
4047,-23.60966316,-46.64267882,sao paulo,SP
4048,-23.7027935,-46.63646606,são paulo,SP
4049,-23.60654373,-46.6396278,sao paulo,SP
4050,-23.60630175,-46.6448659,sao paulo,SP
4051,-23.60825161,-46.64384591,sao paulo,SP
4052,-23.61074446,-46.64021903,sao paulo,SP
4053,-23.61431704,-46.64310978,sao paulo,SP
4054,-23.61629991,-46.64217626,sao paulo,SP
4055,-23.61912534,-46.64131605,sao paulo,SP
4057,-23.6091205,-46.64693405,são paulo,SP
4058,-23.61027923,-46.64822333,sao paulo,SP
4059,-23.61609553,-46.64521572,sao paulo,SP
4060,-23.61094657,-46.64895661,sao paulo,SP
4061,-23.61537503,-46.64828096,sao paulo,SP
4062,-23.6198207,-46.64772383,sao paulo,SP
4063,-23.61344817,-46.65035745,sao paulo,SP
4064,-23.6187658,-46.64940227,sao paulo,SP
4065,-23.62200961,-46.64914945,sao paulo,SP
4066,-23.61379844,-46.65163601,sao paulo,SP
4067,-23.61511122,-46.65210264,sao paulo,SP
4068,-23.62070269,-46.6475338,sao paulo,SP
4069,-23.62333616,-46.64304083,sao paulo,SP
4070,-23.62733219,-46.64607657,são paulo,SP
4071,-23.6244115,-46.65232759,sao paulo,SP
4072,-23.62409575,-46.65243189,sao paulo,SP
4074,-23.60854858,-46.65461694,sao paulo,SP
4075,-23.60279915,-46.65802357,sao paulo,SP
4076,-23.60654202,-46.65701373,sao paulo,SP
4077,-23.6074236,-46.6575802,sao paulo,SP
4078,-23.60618374,-46.65931171,são paulo,SP
4079,-23.60861207,-46.65874371,sao paulo,SP
4080,-23.6085272,-46.66120071,são paulo,SP
4081,-23.60997335,-46.66218954,sao paulo,SP
4082,-23.61277416,-46.66041492,são paulo,SP
4083,-23.61292013,-46.66202771,sao paulo,SP
4084,-23.61487247,-46.66128105,sao paulo,SP
4085,-23.61479235,-46.66248559,sao paulo,SP
4086,-23.61063973,-46.6602783,sao paulo,SP
4087,-23.60943002,-46.66050227,sao paulo,SP
4088,-23.60590592,-46.66127658,sao paulo,SP
4089,-23.60727718,-46.66109337,sao paulo,SP
4090,-23.60900124,-46.66118914,sao paulo,SP
4094,-23.58636363,-46.65447876,sao paulo,SP
4097,-23.58122867,-46.65839819,sao paulo,SP
4101,-23.58560675,-46.63379475,são paulo,SP
4102,-23.5898474,-46.63261381,sao paulo,SP
4103,-23.57474995,-46.63691427,sao paulo,SP
4104,-23.57608922,-46.6387307,são paulo,SP
4105,-23.57775179,-46.63659064,sao paulo,SP
4106,-23.58145083,-46.63502921,sao paulo,SP
4107,-23.57995725,-46.63420288,sao paulo,SP
4108,-23.57833096,-46.63030796,sao paulo,SP
4109,-23.57612852,-46.63177672,sao paulo,SP
4110,-23.58469373,-46.63358591,sao paulo,SP
4111,-23.58639254,-46.63229226,sao paulo,SP
4112,-23.58518494,-46.62895173,sao paulo,SP
4113,-23.5851182,-46.62575393,sao paulo,SP
4114,-23.58630918,-46.62381698,sao paulo,SP
4115,-23.58982156,-46.62447166,sao paulo,SP
4116,-23.59251095,-46.62549344,sao paulo,SP
4117,-23.58937784,-46.63039697,sao paulo,SP
4118,-23.59499093,-46.62861823,sao paulo,SP
4119,-23.59680395,-46.6346218,são paulo,SP
4120,-23.59567639,-46.63110974,sao paulo,SP
4121,-23.59966002,-46.62528784,sao paulo,SP
4122,-23.60270543,-46.62176815,sao paulo,SP
4123,-23.61042212,-46.62659437,sao paulo,SP
4124,-23.59752757,-46.61958476,são paulo,SP
4125,-23.60056167,-46.619094,sao paulo,SP
4126,-23.59857912,-46.63080143,são paulo,SP
4127,-23.6016402,-46.62995639,sao paulo,SP
4128,-23.6021272,-46.63292581,sao paulo,SP
4129,-23.6029428,-46.6229835,sao paulo,SP
4130,-23.60497215,-46.62000603,sao paulo,SP
4131,-23.60634365,-46.61793727,sao paulo,SP
4132,-23.61659769,-46.61848523,sao paulo,SP
4133,-23.62173806,-46.61838377,sao paulo,SP
4134,-23.60682155,-46.62265554,sao paulo,SP
4135,-23.60928275,-46.62849469,são paulo,SP
4136,-23.61055269,-46.62543313,sao paulo,SP
4137,-23.6092717,-46.6185541,sao paulo,SP
4138,-23.61087408,-46.63445113,sao paulo,SP
4139,-23.60585052,-46.63410663,sao paulo,SP
4140,-23.60641961,-46.63123905,sao paulo,SP
4141,-23.61005699,-46.63325835,sao paulo,SP
4142,-23.6118927,-46.63060942,sao paulo,SP
4143,-23.61502659,-46.63498469,sao paulo,SP
4144,-23.61911965,-46.6388926,sao paulo,SP
4145,-23.61656895,-46.63246064,sao paulo,SP
4146,-23.61705553,-46.62905586,sao paulo,SP
4147,-23.62041106,-46.63064651,são paulo,SP
4148,-23.61461657,-46.62276541,sao paulo,SP
4149,-23.61675446,-46.6226862,sao paulo,SP
4150,-23.62057159,-46.62231245,são paulo,SP
4151,-23.62132966,-46.62530856,sao paulo,SP
4152,-23.62463172,-46.62452124,sao paulo,SP
4153,-23.62697682,-46.62443008,sao paulo,SP
4154,-23.62844167,-46.62202395,sao paulo,SP
4155,-23.63264398,-46.6261567,sao paulo,SP
4156,-23.63176572,-46.62313404,sao paulo,SP
4157,-23.63184962,-46.61894313,são paulo,SP
4158,-23.62356907,-46.61831019,sao paulo,SP
4159,-23.62286081,-46.61142177,sao paulo,SP
4160,-23.62547546,-46.61200044,sao paulo,SP
4161,-23.6298426,-46.61562291,são paulo,SP
4162,-23.62688411,-46.60666686,são paulo,SP
4163,-23.62984375,-46.6132212,sao paulo,SP
4164,-23.6275343,-46.60829071,sao paulo,SP
4165,-23.62622482,-46.60620054,sao paulo,SP
4166,-23.64266841,-46.6066638,sao paulo,SP
4167,-23.63374631,-46.61435675,sao paulo,SP
4168,-23.63416691,-46.6122979,sao paulo,SP
4169,-23.65316293,-46.61499811,sao paulo,SP
4170,-23.63495576,-46.61293663,sao paulo,SP
4171,-23.6368746,-46.61290175,sao paulo,SP
4173,-23.63822732,-46.6101961,sao paulo,SP
4174,-23.63380561,-46.60741939,são paulo,SP
4176,-23.63514412,-46.60361073,sao paulo,SP
4177,-23.64222659,-46.60775727,sao paulo,SP
4180,-23.63500526,-46.59911605,sao paulo,SP
4181,-23.6384589,-46.59990354,sao paulo,SP
4182,-23.64169991,-46.59873101,sao paulo,SP
4183,-23.64299861,-46.59673592,são paulo,SP
4184,-23.64880859,-46.59983106,sao paulo,SP
4185,-23.64741331,-46.59254161,sao paulo,SP
4186,-23.64705656,-46.59444187,sao paulo,SP
4187,-23.64854569,-46.59486991,sao paulo,SP
4190,-23.65157314,-46.60268183,sao paulo,SP
4191,-23.64573053,-46.60429289,sao paulo,SP
4193,-23.64889344,-46.60849492,são paulo,SP
4194,-23.65372323,-46.61037831,sao paulo,SP
4195,-23.65724199,-46.61283084,sao paulo,SP
4201,-23.57480057,-46.60588988,sao paulo,SP
4202,-23.57761696,-46.60499463,sao paulo,SP
4203,-23.59062688,-46.60661224,sao paulo,SP
4204,-23.58553033,-46.6072926,sao paulo,SP
4205,-23.58089258,-46.60589818,são paulo,SP
4206,-23.5846785,-46.60437593,sao paulo,SP
4207,-23.58734433,-46.60324253,sao paulo,SP
4208,-23.59277555,-46.60119064,são paulo,SP
4209,-23.58616507,-46.60113477,sao paulo,SP
4210,-23.58524091,-46.60415502,são paulo,SP
4211,-23.59233862,-46.60651735,sao paulo,SP
4212,-23.59046003,-46.60499859,sao paulo,SP
4213,-23.59250412,-46.60240268,sao paulo,SP
4214,-23.59458884,-46.59939811,sao paulo,SP
4215,-23.59564102,-46.60115627,são paulo,SP
4216,-23.59669192,-46.60051742,são paulo,SP
4217,-23.59923218,-46.59764016,sao paulo,SP
4218,-23.6061451,-46.6014947,sao paulo,SP
4220,-23.59713456,-46.58726638,são paulo,SP
4221,-23.59409566,-46.59465553,sao paulo,SP
4222,-23.59851914,-46.5889764,sao paulo,SP
4223,-23.59927443,-46.59001697,sao paulo,SP
4224,-23.59729275,-46.59415515,sao paulo,SP
4225,-23.60243333,-46.58976226,sao paulo,SP
4229,-23.60629658,-46.59298349,sao paulo,SP
4230,-23.60545857,-46.59200608,sao paulo,SP
4231,-23.60608994,-46.59597535,sao paulo,SP
4232,-23.6133295,-46.59493038,sao paulo,SP
4233,-23.54984387,-46.55791079,sao paulo,SP
4235,-23.61301965,-46.59179479,sao paulo,SP
4236,-23.60716276,-46.58878887,sao paulo,SP
4239,-23.62329422,-46.58301882,sao paulo,SP
4240,-23.62022074,-46.5855235,sao paulo,SP
4241,-23.62310026,-46.58847769,sao paulo,SP
4242,-23.62634036,-46.58868894,são paulo,SP
4243,-23.62580726,-46.58637623,sao paulo,SP
4244,-23.62908781,-46.58759158,sao paulo,SP
4246,-23.62193184,-46.59871351,sao paulo,SP
4247,-23.62144654,-46.59840784,sao paulo,SP
4248,-23.61273445,-46.59813418,sao paulo,SP
4249,-23.61634858,-46.59888838,sao paulo,SP
4250,-23.62042239,-46.59886567,sao paulo,SP
4251,-23.62577001,-46.59703637,sao paulo,SP
4252,-23.61360399,-46.59800714,sao paulo,SP
4253,-23.61706689,-46.59652931,sao paulo,SP
4254,-23.6186271,-46.5942628,sao paulo,SP
4255,-23.62360098,-46.59315292,sao paulo,SP
4256,-23.62957142,-46.59150672,sao paulo,SP
4257,-23.63345386,-46.59040601,sao paulo,SP
4258,-23.634781,-46.58848973,sao paulo,SP
4260,-23.58313854,-46.61493278,são paulo,SP
4261,-23.58273492,-46.61206211,sao paulo,SP
4262,-23.59888513,-46.60964961,sao paulo,SP
4263,-23.58459686,-46.61053786,sao paulo,SP
4264,-23.58487859,-46.61406873,sao paulo,SP
4265,-23.5873536,-46.61525834,são paulo,SP
4266,-23.59009411,-46.6099021,sao paulo,SP
4267,-23.59883291,-46.60985248,sao paulo,SP
4268,-23.59513767,-46.60857285,sao paulo,SP
4269,-23.59835056,-46.61245523,sao paulo,SP
4270,-23.59145919,-46.61394649,sao paulo,SP
4271,-23.58930459,-46.6169605,sao paulo,SP
4272,-23.60537882,-46.6138792,sao paulo,SP
4273,-23.60747265,-46.61169912,sao paulo,SP
4274,-23.59115413,-46.61714578,sao paulo,SP
4275,-23.59383917,-46.61645867,sao paulo,SP
4276,-23.60131701,-46.61400637,são paulo,SP
4277,-23.60131025,-46.61215188,sao paulo,SP
4278,-23.60185598,-46.60890963,sao paulo,SP
4279,-23.60072893,-46.6053826,sao paulo,SP
4280,-23.60535072,-46.60696251,sao paulo,SP
4281,-23.60621312,-46.6091717,sao paulo,SP
4282,-23.60757559,-46.6110403,sao paulo,SP
4283,-23.60933071,-46.60442789,sao paulo,SP
4284,-23.6078819,-46.60194104,sao paulo,SP
4285,-23.61317968,-46.60311236,sao paulo,SP
4286,-23.61324786,-46.6033332,sao paulo,SP
4287,-23.60760433,-46.60584958,sao paulo,SP
4288,-23.61056581,-46.61237821,sao paulo,SP
4289,-23.60811497,-46.61562813,sao paulo,SP
4290,-23.613636,-46.61171342,sao paulo,SP
4291,-23.61728693,-46.61295462,sao paulo,SP
4292,-23.61706918,-46.61171689,sao paulo,SP
4293,-23.62139048,-46.61597395,sao paulo,SP
4294,-23.62063374,-46.60637376,são paulo,SP
4295,-23.62197926,-46.60466784,sao paulo,SP
4296,-23.62119789,-46.60394747,sao paulo,SP
4297,-23.62806645,-46.60230241,sao paulo,SP
4298,-23.62723473,-46.60027753,sao paulo,SP
4301,-23.62477552,-46.63352225,sao paulo,SP
4302,-23.62197508,-46.63678952,sao paulo,SP
4303,-23.62409841,-46.63751916,sao paulo,SP
4304,-23.62706445,-46.63665167,sao paulo,SP
4305,-23.62852893,-46.63546921,sao paulo,SP
4306,-23.63124778,-46.63667644,sao paulo,SP
4307,-23.62367947,-46.63685007,sao paulo,SP
4308,-23.6446927,-46.63956725,sao paulo,SP
4309,-23.64255394,-46.64108915,são paulo,SP
4310,-23.63246781,-46.64041103,sao paulo,SP
4311,-23.63321069,-46.6382767,sao paulo,SP
4312,-23.63243066,-46.63091929,sao paulo,SP
4313,-23.63728349,-46.63800501,sao paulo,SP
4314,-23.63578602,-46.63551611,sao paulo,SP
4315,-23.63573543,-46.62867117,são paulo,SP
4316,-23.63921625,-46.63526997,são paulo,SP
4317,-23.6417467,-46.63282615,são paulo,SP
4318,-23.64484448,-46.63654602,são paulo,SP
4319,-23.6474043,-46.63657001,sao paulo,SP
4320,-23.64882856,-46.63625758,sao paulo,SP
4321,-23.64725985,-46.6438926,sao paulo,SP
4323,-23.6537414,-46.63944436,sao paulo,SP
4324,-23.65438921,-46.63711084,são paulo,SP
4325,-23.66274711,-46.63647705,sao paulo,SP
4326,-23.65743719,-46.63536673,sao paulo,SP
4327,-23.66300962,-46.6329218,sao paulo,SP
4328,-23.66466566,-46.63589451,sao paulo,SP
4330,-23.65595818,-46.64681658,são paulo,SP
4331,-23.65774562,-46.64909761,sao paulo,SP
4332,-23.65912476,-46.64907258,sao paulo,SP
4333,-23.66112031,-46.64460462,sao paulo,SP
4334,-23.65726369,-46.6388033,são paulo,SP
4335,-23.66345401,-46.6397992,sao paulo,SP
4336,-23.66530412,-46.64447858,sao paulo,SP
4337,-23.66493769,-46.64716726,sao paulo,SP
4338,-23.66981671,-46.64608305,sao paulo,SP
4339,-23.66745622,-46.64104519,sao paulo,SP
4340,-23.66785059,-46.64043432,sao paulo,SP
4342,-23.63520932,-46.65058315,são paulo,SP
4343,-23.63547629,-46.64593347,sao paulo,SP
4344,-23.63705125,-46.64894162,sao paulo,SP
4345,-23.6402978,-46.64352748,sao paulo,SP
4346,-23.64056082,-46.65306654,sao paulo,SP
4347,-23.64258691,-46.64797406,sao paulo,SP
4348,-23.64502318,-46.6502445,sao paulo,SP
4349,-23.64872124,-46.64675573,são paulo,SP
4350,-23.64492639,-46.65282996,sao paulo,SP
4351,-23.64556172,-46.65428267,são paulo,SP
4355,-23.63374699,-46.65775276,são paulo,SP
4356,-23.63670147,-46.65943215,sao paulo,SP
4357,-23.63603622,-46.65471602,sao paulo,SP
4358,-23.639705,-46.65688642,sao paulo,SP
4359,-23.63995471,-46.6545028,sao paulo,SP
4360,-23.64003626,-46.66328464,sao paulo,SP
4361,-23.64352702,-46.66280936,sao paulo,SP
4362,-23.64534786,-46.66896312,sao paulo,SP
4363,-23.64650468,-46.66622568,sao paulo,SP
4364,-23.65022806,-46.67081336,sao paulo,SP
4365,-23.67161635,-46.64862369,sao paulo,SP
4366,-23.67356631,-46.64687768,sao paulo,SP
4367,-23.65145841,-46.66726499,são paulo,SP
4368,-23.6544421,-46.66622806,sao paulo,SP
4369,-23.65490382,-46.6631455,são paulo,SP
4370,-23.64903841,-46.66156191,sao paulo,SP
4371,-23.64834707,-46.65839596,sao paulo,SP
4372,-23.64854416,-46.6571585,sao paulo,SP
4373,-23.65226318,-46.65753254,são paulo,SP
4374,-23.65193705,-46.6564163,sao paulo,SP
4375,-23.65454341,-46.6572152,são paulo,SP
4376,-23.65332485,-46.65594054,sao paulo,SP
4377,-23.65394213,-46.6518179,sao paulo,SP
4378,-23.64963227,-46.66066471,sao paulo,SP
4379,-23.65672635,-46.65649781,sao paulo,SP
4381,-23.6554579,-46.66610432,sao paulo,SP
4382,-23.65806591,-46.66374296,sao paulo,SP
4383,-23.65869286,-46.66049409,sao paulo,SP
4384,-23.66032922,-46.65986532,sao paulo,SP
4385,-23.66476518,-46.657096,são paulo,SP
4386,-23.66356706,-46.65517373,sao paulo,SP
4387,-23.66301326,-46.65103534,sao paulo,SP
4401,-23.66692952,-46.66490985,sao paulo,SP
4402,-23.66689153,-46.66276157,sao paulo,SP
4403,-23.67054392,-46.66105568,sao paulo,SP
4404,-23.66906404,-46.6582398,sao paulo,SP
4405,-23.67345539,-46.65646298,sao paulo,SP
4406,-23.6705537,-46.65419674,sao paulo,SP
4407,-23.67125473,-46.65130555,sao paulo,SP
4408,-23.67369607,-46.65057311,sao paulo,SP
4409,-23.67643781,-46.65133304,sao paulo,SP
4410,-23.68023857,-46.64864011,sao paulo,SP
4411,-23.67802832,-46.64439528,sao paulo,SP
4412,-23.67505922,-46.64554024,sao paulo,SP
4413,-23.67058024,-46.6380934,sao paulo,SP
4414,-23.66807807,-46.63864016,sao paulo,SP
4415,-23.67394859,-46.63675212,sao paulo,SP
4416,-23.67696082,-46.63848809,sao paulo,SP
4417,-23.67980203,-46.63413635,sao paulo,SP
4419,-23.6824649,-46.64106599,sao paulo,SP
4421,-23.69022793,-46.63953173,sao paulo,SP
4423,-23.68618746,-46.63443964,sao paulo,SP
4424,-23.68736615,-46.64044939,sao paulo,SP
4425,-23.68133205,-46.6439072,sao paulo,SP
4426,-23.68160395,-46.64478621,sao paulo,SP
4427,-23.68052524,-46.65285152,sao paulo,SP
4428,-23.6804635,-46.6549242,sao paulo,SP
4429,-23.67920402,-46.66141474,são paulo,SP
4430,-23.68104693,-46.64315747,sao paulo,SP
4431,-23.68821308,-46.65518357,são paulo,SP
4432,-23.68279506,-46.66096269,sao paulo,SP
4433,-23.68140503,-46.65688689,sao paulo,SP
4434,-23.68313767,-46.66679869,sao paulo,SP
4436,-23.67100694,-46.67257818,sao paulo,SP
4437,-23.67044943,-46.67588495,sao paulo,SP
4438,-23.67656985,-46.6698969,sao paulo,SP
4439,-23.67958172,-46.66798262,sao paulo,SP
4444,-23.68881186,-46.68796318,sao paulo,SP
4445,-23.6831997,-46.68526592,sao paulo,SP
4446,-23.68697156,-46.68426827,sao paulo,SP
4447,-23.68934953,-46.67905904,sao paulo,SP
4448,-23.75089809,-46.70457605,sao paulo,SP
4455,-23.68039649,-46.6792267,sao paulo,SP
4456,-23.68573252,-46.67796463,sao paulo,SP
4457,-23.68974453,-46.67558612,são paulo,SP
4458,-23.68831217,-46.67290292,sao paulo,SP
4459,-23.69298728,-46.67221439,sao paulo,SP
4460,-23.69165112,-46.67424573,sao paulo,SP
4461,-23.69118301,-46.67958429,sao paulo,SP
4462,-23.69452611,-46.66553702,sao paulo,SP
4463,-23.69516541,-46.66204202,sao paulo,SP
4464,-23.69732723,-46.65788329,são paulo,SP
4466,-23.68447913,-46.64680606,são paulo,SP
4467,-23.6863721,-46.64835972,sao paulo,SP
4468,-23.69142823,-46.66450459,sao paulo,SP
4469,-23.69261188,-46.66813035,sao paulo,SP
4470,-23.71224002,-46.65429233,sao paulo,SP
4472,-23.64623509,-46.5847403,sao paulo,SP
4473,-23.70177578,-46.65125779,são paulo,SP
4474,-23.6875506,-46.63711488,sao paulo,SP
4475,-23.70099889,-46.63498701,sao paulo,SP
4476,-23.70723033,-46.6249275,sao paulo,SP
4477,-23.7168379,-46.6388457,sao paulo,SP
4479,-23.66023431,-46.72039021,sao paulo,SP
4501,-23.58904132,-46.66304475,sao paulo,SP
4502,-23.58482526,-46.66329247,são paulo,SP
4503,-23.58351801,-46.66697211,sao paulo,SP
4504,-23.58471836,-46.66567325,sao paulo,SP
4505,-23.59464099,-46.67301776,sao paulo,SP
4506,-23.59322144,-46.6727327,sao paulo,SP
4507,-23.58718793,-46.66810588,sao paulo,SP
4508,-23.58941317,-46.66942377,sao paulo,SP
4509,-23.59127455,-46.67043121,sao paulo,SP
4510,-23.59361491,-46.67016687,sao paulo,SP
4511,-23.59585804,-46.66888854,sao paulo,SP
4512,-23.59726522,-46.6682543,são paulo,SP
4513,-23.59698327,-46.67052962,são paulo,SP
4514,-23.60078868,-46.67137819,são paulo,SP
4515,-23.60161922,-46.66615719,são paulo,SP
4516,-23.60474408,-46.66928871,sao paulo,SP
4517,-23.60596688,-46.67340883,sao paulo,SP
4518,-23.60908376,-46.67419942,sao paulo,SP
4520,-23.60119097,-46.66750945,são paulo,SP
4521,-23.68669198,-46.66485786,sao paulo,SP
4522,-23.59822836,-46.66241094,sao paulo,SP
4523,-23.6037257,-46.66684161,sao paulo,SP
4524,-23.60511572,-46.6657086,sao paulo,SP
4530,-23.58166435,-46.67309051,sao paulo,SP
4531,-23.58169584,-46.67705269,sao paulo,SP
4532,-23.58374451,-46.67471803,sao paulo,SP
4533,-23.58434404,-46.67837486,sao paulo,SP
4534,-23.5842211,-46.67405283,sao paulo,SP
4535,-23.5900084,-46.67555611,sao paulo,SP
4536,-23.58202339,-46.68062801,sao paulo,SP
4537,-23.59312793,-46.67676098,sao paulo,SP
4538,-23.58927921,-46.6813853,sao paulo,SP
4542,-23.58725131,-46.67919576,sao paulo,SP
4543,-23.58948792,-46.68100071,sao paulo,SP
4544,-23.59158283,-46.67760011,sao paulo,SP
4545,-23.59592651,-46.67558951,sao paulo,SP
4546,-23.5979273,-46.67991973,sao paulo,SP
4547,-23.59778748,-46.68397117,sao paulo,SP
4548,-23.59954353,-46.68276804,sao paulo,SP
4549,-23.60196629,-46.67739208,sao paulo,SP
4550,-23.60197395,-46.67991677,sao paulo,SP
4551,-23.59470155,-46.68729881,sao paulo,SP
4552,-23.59340668,-46.68572126,sao paulo,SP
4553,-23.60197217,-46.6836722,sao paulo,SP
4555,-23.61393596,-46.67896902,sao paulo,SP
4556,-23.61327886,-46.67865971,sao paulo,SP
4557,-23.60298172,-46.68333815,sao paulo,SP
4558,-23.60219596,-46.68634749,sao paulo,SP
4559,-23.61464444,-46.68140475,são paulo,SP
4560,-23.61175618,-46.68171263,sao paulo,SP
4561,-23.60853669,-46.68565735,sao paulo,SP
4562,-23.61025724,-46.68710162,sao paulo,SP
4563,-23.61094239,-46.68659355,são paulo,SP
4564,-23.61302358,-46.68482315,são paulo,SP
4565,-23.61109329,-46.68960089,são paulo,SP
4566,-23.61377563,-46.68617107,sao paulo,SP
4567,-23.61325802,-46.68995373,sao paulo,SP
4568,-23.61203912,-46.68797981,são paulo,SP
4569,-23.60681461,-46.68921596,são paulo,SP
4570,-23.60189036,-46.68958229,sao paulo,SP
4571,-23.60478048,-46.69355856,sao paulo,SP
4575,-23.60842276,-46.69438747,são paulo,SP
4576,-23.61572425,-46.68903434,sao paulo,SP
4578,-23.6076342,-46.69725158,são paulo,SP
4580,-23.61994648,-46.6850525,sao paulo,SP
4581,-23.61972878,-46.68336128,sao paulo,SP
4582,-23.61986973,-46.68929971,são paulo,SP
4583,-23.61860003,-46.69670651,são paulo,SP
4601,-23.61966773,-46.68171695,sao paulo,SP
4602,-23.62233297,-46.68144846,sao paulo,SP
4603,-23.62206074,-46.68021757,são paulo,SP
4604,-23.62269817,-46.68007511,sao paulo,SP
4605,-23.61964672,-46.67572234,sao paulo,SP
4606,-23.62077079,-46.67516919,são paulo,SP
4607,-23.62111048,-46.6741206,sao paulo,SP
4608,-23.62412496,-46.67436074,sao paulo,SP
4609,-23.62267898,-46.67376196,sao paulo,SP
4610,-23.62482878,-46.67235004,sao paulo,SP
4611,-23.62466152,-46.67145342,sao paulo,SP
4612,-23.62225892,-46.66355613,sao paulo,SP
4613,-23.618896,-46.66765351,são paulo,SP
4614,-23.61702548,-46.67223884,sao paulo,SP
4615,-23.6231019,-46.66749536,sao paulo,SP
4616,-23.61966063,-46.67326589,sao paulo,SP
4617,-23.62319209,-46.66990311,sao paulo,SP
4618,-23.62087561,-46.67590699,sao paulo,SP
4619,-23.62350908,-46.67580838,sao paulo,SP
4620,-23.62680349,-46.67493464,sao paulo,SP
4621,-23.627045,-46.68041581,sao paulo,SP
4622,-23.62918064,-46.68040489,são paulo,SP
4623,-23.63624956,-46.67496314,sao paulo,SP
4624,-23.62808672,-46.66909018,sao paulo,SP
4625,-23.62826899,-46.66595672,sao paulo,SP
4626,-23.63473473,-46.66897041,sao paulo,SP
4627,-23.63466698,-46.67103411,sao paulo,SP
4630,-23.63260597,-46.66300554,sao paulo,SP
4631,-23.63173576,-46.66409776,são paulo,SP
4632,-23.63232925,-46.66616756,sao paulo,SP
4633,-23.63412219,-46.66502171,são paulo,SP
4634,-23.63858513,-46.66754819,sao paulo,SP
4635,-23.64101529,-46.6705267,sao paulo,SP
4636,-23.63783696,-46.67758118,sao paulo,SP
4637,-23.63119637,-46.68138927,são paulo,SP
4638,-23.63199929,-46.6851432,sao paulo,SP
4639,-23.63619067,-46.68529719,sao paulo,SP
4640,-23.63184413,-46.68165304,são paulo,SP
4641,-23.63557467,-46.68518367,são paulo,SP
4642,-23.64128275,-46.68714216,são paulo,SP
4643,-23.64590929,-46.68378274,sao paulo,SP
4644,-23.63914662,-46.67219957,sao paulo,SP
4645,-23.64657213,-46.67903572,sao paulo,SP
4646,-23.64252625,-46.67599874,sao paulo,SP
4647,-23.64770631,-46.67720936,sao paulo,SP
4648,-23.65006299,-46.67412973,sao paulo,SP
4649,-23.64235683,-46.65733329,são paulo,SP
4650,-23.65785084,-46.67692508,sao paulo,SP
4651,-23.65829537,-46.67092418,sao paulo,SP
4652,-23.66266878,-46.66804755,sao paulo,SP
4653,-23.66387975,-46.67473819,sao paulo,SP
4654,-23.66040285,-46.67648134,sao paulo,SP
4655,-23.66347169,-46.67202538,sao paulo,SP
4657,-23.66797484,-46.67377386,sao paulo,SP
4658,-23.66795785,-46.66730028,são paulo,SP
4660,-23.66505871,-46.67951914,sao paulo,SP
4661,-23.67431728,-46.6842097,são paulo,SP
4662,-23.65506844,-46.69202773,sao paulo,SP
4663,-23.65323785,-46.68352,são paulo,SP
4664,-23.65682321,-46.68326926,sao paulo,SP
4671,-23.65880874,-46.69183549,sao paulo,SP
4672,-23.66095102,-46.69918966,sao paulo,SP
4673,-23.66399742,-46.69479201,sao paulo,SP
4674,-23.66385515,-46.68579218,sao paulo,SP
4675,-23.66497754,-46.69093003,sao paulo,SP
4676,-23.66195544,-46.67883554,são paulo,SP
4677,-23.66769306,-46.68238639,sao paulo,SP
4678,-23.66772436,-46.68029355,sao paulo,SP
4679,-23.67427925,-46.68190697,sao paulo,SP
4685,-23.66321132,-46.69351617,sao paulo,SP
4686,-23.66540891,-46.69077118,sao paulo,SP
4688,-23.66631397,-46.69165319,são paulo,SP
4689,-23.67024562,-46.69111304,sao paulo,SP
4690,-23.6733144,-46.69287527,sao paulo,SP
4691,-23.67464846,-46.69018299,sao paulo,SP
4692,-23.67455818,-46.68678249,sao paulo,SP
4693,-23.67965711,-46.69141449,sao paulo,SP
4696,-23.66941386,-46.70246251,sao paulo,SP
4701,-23.63779446,-46.69640108,sao paulo,SP
4702,-23.63397947,-46.69363722,sao paulo,SP
4703,-23.62092766,-46.6912326,são paulo,SP
4704,-23.62350836,-46.68828824,sao paulo,SP
4705,-23.62153085,-46.6951882,sao paulo,SP
4707,-23.62498863,-46.69337339,sao paulo,SP
4708,-23.62940762,-46.69212962,são paulo,SP
4709,-23.62948499,-46.69568016,são paulo,SP
4710,-23.62775426,-46.69571985,sao paulo,SP
4711,-23.62728926,-46.70094897,são paulo,SP
4713,-23.62965317,-46.70170376,são paulo,SP
4714,-23.63183485,-46.70032626,são paulo,SP
4715,-23.6319807,-46.70135124,são paulo,SP
4716,-23.63187201,-46.70380803,são paulo,SP
4717,-23.63143155,-46.70542363,sao paulo,SP
4718,-23.63214487,-46.70377183,sao paulo,SP
4719,-23.63294145,-46.70695848,sao paulo,SP
4720,-23.63625068,-46.70309152,são paulo,SP
4721,-23.64093853,-46.70038236,sao paulo,SP
4722,-23.64073017,-46.70387477,sao paulo,SP
4723,-23.6453126,-46.71324288,são paulo,SP
4724,-23.6453697,-46.71220276,sao paulo,SP
4725,-23.64359258,-46.70501209,sao paulo,SP
4726,-23.63602732,-46.7130025,sao paulo,SP
4727,-23.64243757,-46.71406897,sao paulo,SP
4728,-23.63940816,-46.71450001,sao paulo,SP
4729,-23.63767683,-46.71726188,são paulo,SP
4730,-23.64197946,-46.72026557,sao paulo,SP
4733,-23.63552988,-46.69403108,são paulo,SP
4734,-23.64255765,-46.69829418,sao paulo,SP
4735,-23.64269446,-46.69738954,sao paulo,SP
4736,-23.64291769,-46.69665952,sao paulo,SP
4737,-23.64443979,-46.69565281,sao paulo,SP
4738,-23.64231017,-46.69538261,sao paulo,SP
4739,-23.64560662,-46.69884923,sao paulo,SP
4740,-23.64659825,-46.69298462,sao paulo,SP
4741,-23.64941511,-46.7006984,sao paulo,SP
4742,-23.65093662,-46.70090582,são paulo,SP
4743,-23.65325236,-46.70361898,sao paulo,SP
4744,-23.65661164,-46.70672764,são paulo,SP
4745,-23.65652794,-46.70543595,sao paulo,SP
4746,-23.65887185,-46.7079321,sao paulo,SP
4747,-23.65671811,-46.69780878,sao paulo,SP
4748,-23.64974986,-46.68948503,são paulo,SP
4750,-23.64709027,-46.7048209,sao paulo,SP
4751,-23.65180503,-46.70749381,sao paulo,SP
4752,-23.65325574,-46.71183481,sao paulo,SP
4753,-23.65434955,-46.71378918,sao paulo,SP
4754,-23.65228183,-46.71548233,sao paulo,SP
4755,-23.6471846,-46.71383856,sao paulo,SP
4756,-23.64698378,-46.7187216,são paulo,SP
4757,-23.65108358,-46.71962633,sao paulo,SP
4760,-23.66362201,-46.7152008,sao paulo,SP
4761,-23.6628434,-46.71802739,sao paulo,SP
4762,-23.66519586,-46.71954903,sao paulo,SP
4763,-23.66958508,-46.71857329,sao paulo,SP
4764,-23.67239161,-46.71465164,sao paulo,SP
4765,-23.67325528,-46.71140016,sao paulo,SP
4766,-23.67186627,-46.70943641,sao paulo,SP
4767,-23.67758643,-46.70650796,sao paulo,SP
4768,-23.67273077,-46.71193325,são paulo,SP
4770,-23.68099185,-46.71541981,são paulo,SP
4771,-23.68158689,-46.71207373,sao paulo,SP
4772,-23.68778951,-46.71495641,sao paulo,SP
4773,-23.68224733,-46.70898564,sao paulo,SP
4774,-23.68442967,-46.70700377,sao paulo,SP
4775,-23.6854218,-46.70039446,sao paulo,SP
4776,-23.6870076,-46.70240296,sao paulo,SP
4777,-23.69549146,-46.69822957,sao paulo,SP
4778,-23.63223359,-46.70564659,sao paulo,SP
4779,-23.66023431,-46.72039021,são paulo,SP
4781,-23.68630308,-46.70451271,sao paulo,SP
4782,-23.69101305,-46.70381011,sao paulo,SP
4783,-23.69470118,-46.70434288,sao paulo,SP
4784,-23.68313814,-46.70759069,sao paulo,SP
4785,-23.69346897,-46.71128496,sao paulo,SP
4786,-23.70232358,-46.7049943,são paulo,SP
4787,-23.6974328,-46.7101215,são paulo,SP
4788,-23.70358542,-46.71028406,sao paulo,SP
4789,-23.70669033,-46.70838559,sao paulo,SP
4792,-23.70168238,-46.70380459,sao paulo,SP
4794,-23.62011582,-46.69978749,sao paulo,SP
4795,-23.66302446,-46.71088405,sao paulo,SP
4801,-23.71371322,-46.69924361,sao paulo,SP
4802,-23.70966631,-46.70586397,sao paulo,SP
4803,-23.71613299,-46.70963812,são paulo,SP
4805,-23.71501551,-46.70348903,sao paulo,SP
4806,-23.71177824,-46.70272928,sao paulo,SP
4807,-23.71384363,-46.69858936,sao paulo,SP
4808,-23.71410367,-46.7046042,são paulo,SP
4809,-23.71691621,-46.69469317,sao paulo,SP
4810,-23.71135832,-46.69794827,sao paulo,SP
4811,-23.71041906,-46.69325441,sao paulo,SP
4812,-23.71319006,-46.68740654,sao paulo,SP
4813,-23.72032591,-46.68700522,sao paulo,SP
4814,-23.72548035,-46.67852718,são paulo,SP
4815,-23.70380846,-46.69129801,sao paulo,SP
4816,-23.70515746,-46.6863248,sao paulo,SP
4820,-23.73627721,-46.68707125,sao paulo,SP
4821,-23.72576683,-46.68743068,sao paulo,SP
4822,-23.73326574,-46.69035356,sao paulo,SP
4823,-23.72448075,-46.69524995,sao paulo,SP
4824,-23.73008355,-46.69508202,sao paulo,SP
4826,-23.72329026,-46.71018939,sao paulo,SP
4827,-23.72161498,-46.7017825,sao paulo,SP
4828,-23.72565493,-46.70445174,são paulo,SP
4829,-23.7301422,-46.70950947,sao paulo,SP
4830,-23.73177373,-46.70126482,sao paulo,SP
4831,-23.73451356,-46.71364678,sao paulo,SP
4832,-23.7347698,-46.71560649,sao paulo,SP
4833,-23.74349755,-46.70632871,sao paulo,SP
4835,-23.7376348,-46.70481168,sao paulo,SP
4836,-23.74382119,-46.71021502,são paulo,SP
4837,-23.74289917,-46.70441539,sao paulo,SP
4840,-23.75540773,-46.68298266,sao paulo,SP
4841,-23.73870891,-46.68933299,sao paulo,SP
4842,-23.74497,-46.68528686,são paulo,SP
4843,-23.7428774,-46.69441745,sao paulo,SP
4844,-23.75106952,-46.70176911,sao paulo,SP
4845,-23.74707233,-46.69129515,são paulo,SP
4846,-23.74478459,-46.6781425,sao paulo,SP
4847,-23.75468298,-46.69631496,sao paulo,SP
4848,-23.73274867,-46.67752803,sao paulo,SP
4849,-23.7193111,-46.66039716,são paulo,SP
4850,-23.74794736,-46.68180589,são paulo,SP
4851,-23.73159518,-46.66661691,sao paulo,SP
4852,-23.76091277,-46.67085585,sao paulo,SP
4853,-23.76830305,-46.67385346,sao paulo,SP
4854,-23.74693707,-46.69079514,sao paulo,SP
4855,-23.75825727,-46.6807145,sao paulo,SP
4856,-23.76990998,-46.68609058,sao paulo,SP
4857,-23.76397302,-46.68808148,sao paulo,SP
4858,-23.77169613,-46.71251909,sao paulo,SP
4859,-23.76629691,-46.70454841,sao paulo,SP
4860,-23.76187248,-46.71463947,sao paulo,SP
4862,-23.76191191,-46.69940765,sao paulo,SP
4863,-23.76216766,-46.70637779,sao paulo,SP
4864,-23.76829418,-46.721048,sao paulo,SP
4865,-23.78324859,-46.70641047,sao paulo,SP
4866,-23.78650581,-46.71770866,sao paulo,SP
4867,-23.69649228,-46.73394367,sao paulo,SP
4870,-23.75763123,-46.75609187,sao paulo,SP
4872,-23.71637163,-46.63934525,sao paulo,SP
4875,-23.82060222,-46.68535992,são paulo,SP
4877,-23.86086213,-46.64452907,sao paulo,SP
4880,-23.78836049,-46.72025037,são paulo,SP
4881,-23.79433217,-46.73040487,sao paulo,SP
4882,-23.80931051,-46.75711047,sao paulo,SP
4883,-23.81333005,-46.7349744,sao paulo,SP
4884,-23.80193515,-46.70268009,sao paulo,SP
4886,-23.83466196,-46.75797448,sao paulo,SP
4888,-23.8270275,-46.73683875,sao paulo,SP
4890,-23.82868591,-46.72278517,sao paulo,SP
4891,-23.80269076,-46.73150078,sao paulo,SP
4892,-23.84664642,-46.71514599,sao paulo,SP
4893,-23.80803177,-46.68669611,sao paulo,SP
4894,-23.84797579,-46.75213574,sao paulo,SP
4895,-23.8121236,-46.69878825,sao paulo,SP
4896,-23.84123101,-46.70713532,sao paulo,SP
4897,-23.81420139,-46.68906871,sao paulo,SP
4898,-23.73492979,-46.63509299,são paulo,SP
4902,-23.67191526,-46.73263716,sao paulo,SP
4904,-23.67379409,-46.73742538,são paulo,SP
4905,-23.67472526,-46.75060207,são paulo,SP
4906,-23.67555011,-46.75526494,sao paulo,SP
4909,-23.67893996,-46.73628126,são paulo,SP
4910,-23.68450604,-46.73806703,sao paulo,SP
4911,-23.6803833,-46.74049643,sao paulo,SP
4912,-23.68240517,-46.74460062,sao paulo,SP
4913,-23.67703957,-46.74069469,sao paulo,SP
4914,-23.67641939,-46.74525174,são paulo,SP
4915,-23.68142553,-46.74828543,sao paulo,SP
4916,-23.68578868,-46.75071083,sao paulo,SP
4917,-23.68634401,-46.74587908,sao paulo,SP
4918,-23.69063603,-46.74469014,sao paulo,SP
4919,-23.69339142,-46.76318775,sao paulo,SP
4920,-23.69173704,-46.75675805,sao paulo,SP
4921,-23.69467221,-46.75200374,sao paulo,SP
4922,-23.69072296,-46.739288,sao paulo,SP
4923,-23.70444249,-46.74814701,sao paulo,SP
4925,-23.70609274,-46.74562524,sao paulo,SP
4926,-23.70274673,-46.74125243,sao paulo,SP
4928,-23.70708099,-46.73276133,sao paulo,SP
4929,-23.69988674,-46.76523516,sao paulo,SP
4930,-23.68043585,-46.75272666,são paulo,SP
4931,-23.68047075,-46.75563321,são paulo,SP
4932,-23.67941831,-46.75620589,sao paulo,SP
4933,-23.6823847,-46.76454522,sao paulo,SP
4935,-23.68440943,-46.76724221,são paulo,SP
4937,-23.68602726,-46.76122292,sao paulo,SP
4938,-23.6900249,-46.76140901,sao paulo,SP
4939,-23.69023559,-46.77038994,sao paulo,SP
4940,-23.68856288,-46.76613787,sao paulo,SP
4941,-23.70077415,-46.77446962,sao paulo,SP
4942,-23.69775131,-46.77551766,sao paulo,SP
4943,-23.70530016,-46.78826511,sao paulo,SP
4944,-23.71136932,-46.77639401,sao paulo,SP
4945,-23.7133896,-46.77826927,sao paulo,SP
4947,-23.71980089,-46.75917436,sao paulo,SP
4948,-23.70348729,-46.78048124,são paulo,SP
4949,-23.72033591,-46.76983612,são paulo,SP
4950,-23.72257407,-46.75912529,sao paulo,SP
4951,-23.72732872,-46.75853472,sao paulo,SP
4952,-23.72075663,-46.75279662,sao paulo,SP
4953,-23.72303033,-46.75556472,são paulo,SP
4955,-23.76218298,-46.68431269,sao paulo,SP
4960,-23.72396954,-46.78263763,sao paulo,SP
4961,-23.68199321,-46.75595071,são paulo,SP
4962,-23.73632093,-46.78258216,sao paulo,SP
4963,-23.74925946,-46.77909847,sao paulo,SP
4965,-23.73808767,-46.77799962,sao paulo,SP
4966,-23.72756526,-46.78395728,sao paulo,SP
5001,-23.52747482,-46.67379367,sao paulo,SP
5002,-23.52950766,-46.67354758,sao paulo,SP
5003,-23.52759013,-46.67569282,sao paulo,SP
5004,-23.53268347,-46.66558631,sao paulo,SP
5005,-23.53234482,-46.67128074,são paulo,SP
5006,-23.53510135,-46.66779159,são paulo,SP
5007,-23.53477609,-46.67176501,sao paulo,SP
5008,-23.5345734,-46.67510959,são paulo,SP
5009,-23.53413117,-46.67859104,sao paulo,SP
5010,-23.5351958,-46.67981363,sao paulo,SP
5011,-23.53578334,-46.68171461,são paulo,SP
5012,-23.53903289,-46.6793327,sao paulo,SP
5013,-23.53766911,-46.66814022,sao paulo,SP
5014,-23.53659189,-46.67012079,sao paulo,SP
5015,-23.53587655,-46.67093885,sao paulo,SP
5016,-23.53813715,-46.67678839,sao paulo,SP
5017,-23.53711367,-46.6796784,sao paulo,SP
5018,-23.53488034,-46.68056922,sao paulo,SP
5019,-23.53457301,-46.68229313,sao paulo,SP
5020,-23.53476946,-46.68416828,são paulo,SP
5021,-23.53270402,-46.68485034,sao paulo,SP
5022,-23.53484682,-46.68845234,sao paulo,SP
5023,-23.53040035,-46.68480885,sao paulo,SP
5024,-23.53014172,-46.68540943,sao paulo,SP
5025,-23.53384157,-46.68821291,sao paulo,SP
5026,-23.53057165,-46.6894128,sao paulo,SP
5027,-23.53229723,-46.69237776,sao paulo,SP
5028,-23.53706545,-46.69284283,são paulo,SP
5029,-23.54104595,-46.69384599,sao paulo,SP
5030,-23.5420731,-46.69175767,sao paulo,SP
5033,-23.52315778,-46.68532073,sao paulo,SP
5034,-23.51151758,-46.68380078,são paulo,SP
5035,-23.50974552,-46.71949865,sao paulo,SP
5036,-23.51567607,-46.68823275,sao paulo,SP
5037,-23.51362271,-46.68908004,são paulo,SP
5038,-23.51460889,-46.69904454,sao paulo,SP
5040,-23.51309662,-46.70793162,sao paulo,SP
5041,-23.52385994,-46.69580554,são paulo,SP
5042,-23.52485972,-46.69201009,sao paulo,SP
5043,-23.52570061,-46.69169175,sao paulo,SP
5044,-23.52860787,-46.69471811,sao paulo,SP
5045,-23.52880234,-46.69529718,sao paulo,SP
5046,-23.53049339,-46.69776897,sao paulo,SP
5047,-23.52535252,-46.69940379,sao paulo,SP
5048,-23.53125923,-46.69735448,são paulo,SP
5049,-23.52709837,-46.70054443,sao paulo,SP
5050,-23.52349458,-46.70141214,sao paulo,SP
5051,-23.52743021,-46.69602838,sao paulo,SP
5052,-23.53321071,-46.70104021,sao paulo,SP
5053,-23.53761316,-46.6995599,sao paulo,SP
5054,-23.54026406,-46.70011264,sao paulo,SP
5055,-23.53266648,-46.70313447,são paulo,SP
5056,-23.53241481,-46.7051154,sao paulo,SP
5057,-23.53213299,-46.70721098,sao paulo,SP
5058,-23.53203242,-46.70834569,são paulo,SP
5059,-23.53349344,-46.71130098,sao paulo,SP
5060,-23.52864231,-46.7086178,sao paulo,SP
5061,-23.5395536,-46.70471878,sao paulo,SP
5065,-23.51884499,-46.69557271,sao paulo,SP
5068,-23.51623671,-46.70225484,sao paulo,SP
5069,-23.51455919,-46.70669727,são paulo,SP
5072,-23.52142225,-46.70348444,sao paulo,SP
5073,-23.522897,-46.70627877,sao paulo,SP
5074,-23.51986872,-46.70559264,são paulo,SP
5075,-23.52275817,-46.70872938,sao paulo,SP
5076,-23.52207347,-46.71022244,sao paulo,SP
5077,-23.52046804,-46.72051889,são paulo,SP
5078,-23.52288457,-46.71716818,são paulo,SP
5079,-23.52623019,-46.71184422,sao paulo,SP
5080,-23.52734772,-46.71423209,sao paulo,SP
5081,-23.52723073,-46.71459946,sao paulo,SP
5082,-23.52942196,-46.7176336,são paulo,SP
5083,-23.53295616,-46.71679682,sao paulo,SP
5084,-23.52974177,-46.72174148,são paulo,SP
5085,-23.52601123,-46.72888765,sao paulo,SP
5086,-23.52401922,-46.72871844,são paulo,SP
5087,-23.5243082,-46.72589363,sao paulo,SP
5088,-23.52535288,-46.72636165,sao paulo,SP
5089,-23.52043348,-46.72668925,sao paulo,SP
5092,-23.51223129,-46.71518,são paulo,SP
5093,-23.51623317,-46.71996327,sao paulo,SP
5094,-23.51144904,-46.71921683,sao paulo,SP
5095,-23.51197495,-46.71782026,sao paulo,SP
5101,-23.50489121,-46.72658805,sao paulo,SP
5102,-23.51767034,-46.75069274,sao paulo,SP
5103,-23.51419155,-46.752797,sao paulo,SP
5104,-23.51387706,-46.75621775,sao paulo,SP
5105,-23.51209836,-46.7573291,sao paulo,SP
5106,-23.51093399,-46.73632757,são paulo,SP
5107,-23.51826659,-46.75168509,sao paulo,SP
5108,-23.50932424,-46.75805957,sao paulo,SP
5109,-23.50384157,-46.76057808,sao paulo,SP
5110,-23.49370399,-46.75035082,sao paulo,SP
5112,-23.47554334,-46.76727496,sao paulo,SP
5113,-23.4798558,-46.75835472,sao paulo,SP
5114,-23.50782288,-46.75206169,sao paulo,SP
5115,-23.51023689,-46.75043683,sao paulo,SP
5116,-23.51265554,-46.74654135,são paulo,SP
5117,-23.51338064,-46.74355766,são paulo,SP
5118,-23.51618987,-46.74196713,são paulo,SP
5119,-23.49438191,-46.73602571,sao paulo,SP
5120,-23.51192941,-46.73138369,são paulo,SP
5121,-23.50759509,-46.72996397,são paulo,SP
5122,-23.50497852,-46.73489604,sao paulo,SP
5123,-23.50554889,-46.73796872,sao paulo,SP
5124,-23.50450861,-46.736391,sao paulo,SP
5125,-23.50272304,-46.73872786,sao paulo,SP
5126,-23.50212557,-46.74114214,sao paulo,SP
5127,-23.49754465,-46.73894138,sao paulo,SP
5128,-23.49280801,-46.74070171,sao paulo,SP
5131,-23.4987892,-46.74414024,sao paulo,SP
5132,-23.5051894,-46.74466682,sao paulo,SP
5133,-23.49287747,-46.74349865,sao paulo,SP
5134,-23.48774997,-46.74410162,sao paulo,SP
5135,-23.493736,-46.74830568,sao paulo,SP
5136,-23.50098843,-46.74876246,sao paulo,SP
5138,-23.4847697,-46.73414273,são paulo,SP
5139,-23.48900672,-46.73157433,sao paulo,SP
5140,-23.48998008,-46.72712042,sao paulo,SP
5141,-23.49202403,-46.72898406,sao paulo,SP
5142,-23.49421738,-46.7269788,sao paulo,SP
5143,-23.49621127,-46.72238766,sao paulo,SP
5144,-23.49982913,-46.72251737,sao paulo,SP
5145,-23.50325736,-46.72035403,sao paulo,SP
5154,-23.49529643,-46.7465803,sao paulo,SP
5157,-23.48566041,-46.76316342,sao paulo,SP
5158,-23.48979967,-46.75897784,sao paulo,SP
5159,-23.48797218,-46.75212779,sao paulo,SP
5160,-23.48584548,-46.75061164,sao paulo,SP
5161,-23.4858165,-46.75630536,sao paulo,SP
5162,-23.48155044,-46.75576409,sao paulo,SP
5163,-23.48159697,-46.76480644,sao paulo,SP
5164,-23.48439068,-46.71914917,sao paulo,SP
5165,-23.48194432,-46.75295328,sao paulo,SP
5170,-23.48358338,-46.74807054,sao paulo,SP
5171,-23.47763837,-46.74921996,sao paulo,SP
5172,-23.48131402,-46.74344964,são paulo,SP
5173,-23.47959615,-46.74209558,sao paulo,SP
5174,-23.47993489,-46.74217746,sao paulo,SP
5175,-23.47533994,-46.73854879,sao paulo,SP
5176,-23.4770628,-46.71191181,sao paulo,SP
5177,-23.48264054,-46.74561873,são paulo,SP
5180,-23.45894682,-46.74953709,sao paulo,SP
5181,-23.45586146,-46.74409159,sao paulo,SP
5182,-23.45066535,-46.74628466,sao paulo,SP
5183,-23.45263613,-46.75239926,sao paulo,SP
5184,-23.45687841,-46.7549109,sao paulo,SP
5185,-23.44151348,-46.74790735,sao paulo,SP
5186,-23.4347243,-46.751448,sao paulo,SP
5187,-23.4446403,-46.7504752,sao paulo,SP
5201,-23.41304547,-46.72367776,são paulo,SP
5202,-23.40206452,-46.74714404,sao paulo,SP
5203,-23.4075938,-46.74636907,são paulo,SP
5204,-23.40761909,-46.75523576,sao paulo,SP
5205,-23.40953217,-46.76428345,são paulo,SP
5206,-23.40457936,-46.76319667,sao paulo,SP
5207,-23.39877512,-46.75287465,sao paulo,SP
5208,-23.41330693,-46.75447954,sao paulo,SP
5209,-23.43151405,-46.72712954,sao paulo,SP
5210,-23.43007624,-46.74721215,sao paulo,SP
5211,-23.40898871,-46.75938868,sao paulo,SP
5212,-23.415347,-46.74744352,sao paulo,SP
5215,-23.39180876,-46.7349397,sao paulo,SP
5220,-23.40499072,-46.72613787,sao paulo,SP
5223,-23.40961108,-46.73976853,são paulo,SP
5224,-23.41306019,-46.74366315,sao paulo,SP
5240,-23.42948031,-46.76379073,sao paulo,SP
5263,-23.51260577,-46.56145695,sao paulo,SP
5264,-23.44577659,-46.7851327,sao paulo,SP
5265,-23.45115172,-46.79009259,são paulo,SP
5266,-23.446228,-46.79981906,sao paulo,SP
5267,-23.44060796,-46.79235581,são paulo,SP
5268,-23.44085546,-46.78398627,são paulo,SP
5269,-23.43350078,-46.78917946,sao paulo,SP
5270,-23.54491585,-46.64831661,sao paulo,SP
5271,-23.42970979,-46.79422972,sao paulo,SP
5272,-23.47727335,-46.76740523,sao paulo,SP
5273,-23.43814244,-46.79571706,sao paulo,SP
5274,-23.45820226,-46.79326227,sao paulo,SP
5275,-23.42588399,-46.8067333,sao paulo,SP
5276,-23.49751139,-46.49147222,sao paulo,SP
5279,-23.5427985,-46.577862,sao paulo,SP
5280,-23.43790945,-46.77069997,sao paulo,SP
5281,-23.46936624,-46.75853164,são paulo,SP
5282,-23.46398391,-46.7549567,sao paulo,SP
5283,-23.44158651,-46.7753048,sao paulo,SP
5301,-23.53395144,-46.7223281,são paulo,SP
5302,-23.53056157,-46.72688707,sao paulo,SP
5303,-23.52768103,-46.73062332,sao paulo,SP
5304,-23.5242078,-46.73516812,sao paulo,SP
5305,-23.53196981,-46.72949586,sao paulo,SP
5307,-23.52257043,-46.74217126,sao paulo,SP
5308,-23.52652806,-46.74274088,sao paulo,SP
5310,-23.54333639,-46.73492199,são paulo,SP
5311,-23.52838383,-46.73995426,são paulo,SP
5312,-23.52999411,-46.73750669,sao paulo,SP
5313,-23.53052284,-46.73717772,sao paulo,SP
5314,-23.5306466,-46.73645255,sao paulo,SP
5315,-23.53337447,-46.73128132,são paulo,SP
5316,-23.5349487,-46.73391596,são paulo,SP
5317,-23.54604022,-46.73276548,sao paulo,SP
5318,-23.53553346,-46.72963724,sao paulo,SP
5319,-23.54181228,-46.73068652,sao paulo,SP
5321,-23.54387521,-46.74152501,são paulo,SP
5322,-23.53962142,-46.75146234,sao paulo,SP
5323,-23.54340084,-46.75251285,sao paulo,SP
5324,-23.54069159,-46.75657333,sao paulo,SP
5325,-23.53942403,-46.75871441,sao paulo,SP
5326,-23.54333788,-46.75777575,sao paulo,SP
5327,-23.54529298,-46.75764643,sao paulo,SP
5328,-23.54288578,-46.75596752,sao paulo,SP
5329,-23.57349399,-46.73790459,sao paulo,SP
5330,-23.54293729,-46.74819292,sao paulo,SP
5331,-23.54538333,-46.74878307,sao paulo,SP
5332,-23.54619825,-46.74727931,sao paulo,SP
5333,-23.5426215,-46.7437779,sao paulo,SP
5334,-23.54797957,-46.74671014,são paulo,SP
5335,-23.54618849,-46.75360727,sao paulo,SP
5336,-23.54492483,-46.7533304,são paulo,SP
5337,-23.55218663,-46.74972081,sao paulo,SP
5338,-23.55312026,-46.74980882,sao paulo,SP
5339,-23.55447419,-46.75548754,são paulo,SP
5340,-23.55315091,-46.7551766,sao paulo,SP
5343,-23.55408017,-46.75076526,sao paulo,SP
5344,-23.55302498,-46.74524388,sao paulo,SP
5345,-23.55134353,-46.74418209,sao paulo,SP
5346,-23.55601759,-46.74444434,sao paulo,SP
5347,-23.55346226,-46.73831415,sao paulo,SP
5348,-23.54753139,-46.73705264,sao paulo,SP
5350,-23.56757018,-46.75443268,sao paulo,SP
5351,-23.55949014,-46.75475042,sao paulo,SP
5352,-23.55557141,-46.75882706,sao paulo,SP
5353,-23.56033909,-46.75091587,sao paulo,SP
5356,-23.56323994,-46.75360798,sao paulo,SP
5358,-23.57190871,-46.75004411,sao paulo,SP
5359,-23.5700435,-46.74424239,sao paulo,SP
5360,-23.56872922,-46.73833894,são paulo,SP
5361,-23.5665034,-46.74846875,sao paulo,SP
5362,-23.57266059,-46.74092044,sao paulo,SP
5363,-23.57299308,-46.7471264,são paulo,SP
5364,-23.57145438,-46.75220021,sao paulo,SP
5365,-23.57612816,-46.74778945,são paulo,SP
5366,-23.57777666,-46.75608629,sao paulo,SP
5367,-23.5719028,-46.75530136,sao paulo,SP
5368,-23.57869855,-46.752259,sao paulo,SP
5369,-23.57055395,-46.74469365,sao paulo,SP
5371,-23.58329602,-46.75399715,sao paulo,SP
5372,-23.5798303,-46.75751353,são paulo,SP
5373,-23.58360156,-46.75858581,são paulo,SP
5374,-23.57922547,-46.76054027,sao paulo,SP
5376,-23.58092797,-46.76652456,sao paulo,SP
5379,-23.5658173,-46.75268751,sao paulo,SP
5381,-23.57218985,-46.7617567,sao paulo,SP
5382,-23.57463436,-46.76198684,sao paulo,SP
5386,-23.56512308,-46.75974397,sao paulo,SP
5387,-23.565899,-46.76499828,sao paulo,SP
5388,-23.56917605,-46.76340671,sao paulo,SP
5396,-23.57328322,-46.7698224,sao paulo,SP
5397,-23.57963909,-46.77558804,sao paulo,SP
5398,-23.57412517,-46.77783928,são paulo,SP
5399,-23.57471779,-46.77914617,sao paulo,SP
5400,-23.55697379,-46.67603639,são paulo,SP
5401,-23.56352617,-46.67716947,sao paulo,SP
5402,-23.5642544,-46.6786843,são paulo,SP
5403,-23.5576145,-46.66911738,sao paulo,SP
5404,-23.56383813,-46.68371872,sao paulo,SP
5405,-23.56048099,-46.68249824,são paulo,SP
5406,-23.55822184,-46.6789567,sao paulo,SP
5407,-23.55998323,-46.68503702,sao paulo,SP
5408,-23.55919089,-46.68325817,sao paulo,SP
5409,-23.55741436,-46.67498899,são paulo,SP
5410,-23.55536893,-46.67720957,sao paulo,SP
5411,-23.55841983,-46.67754385,sao paulo,SP
5412,-23.55676149,-46.68041496,são paulo,SP
5413,-23.55976588,-46.6800093,sao paulo,SP
5414,-23.56195889,-46.68145702,são paulo,SP
5415,-23.56265442,-46.68385353,são paulo,SP
5416,-23.56094858,-46.68842233,sao paulo,SP
5417,-23.5614339,-46.68984601,sao paulo,SP
5418,-23.56404702,-46.68955362,sao paulo,SP
5419,-23.56232027,-46.69444919,sao paulo,SP
5420,-23.56520549,-46.69137334,sao paulo,SP
5421,-23.56495276,-46.6920569,sao paulo,SP
5422,-23.56692205,-46.68744615,sao paulo,SP
5423,-23.57000883,-46.6942563,sao paulo,SP
5424,-23.56877071,-46.69810964,são paulo,SP
5425,-23.56918562,-46.70010733,sao paulo,SP
5426,-23.56230398,-46.69495215,sao paulo,SP
5427,-23.56338294,-46.69604287,sao paulo,SP
5428,-23.56321807,-46.69821444,sao paulo,SP
5429,-23.56195216,-46.69932459,sao paulo,SP
5432,-23.55715218,-46.68975777,são paulo,SP
5433,-23.55229144,-46.69119745,sao paulo,SP
5434,-23.55544278,-46.69096416,sao paulo,SP
5435,-23.55163961,-46.69044231,são paulo,SP
5436,-23.55446111,-46.68535388,sao paulo,SP
5437,-23.54479787,-46.69205706,sao paulo,SP
5438,-23.54526329,-46.69152485,são paulo,SP
5439,-23.54960158,-46.68940218,sao paulo,SP
5440,-23.54725626,-46.69142521,sao paulo,SP
5441,-23.54580477,-46.69503148,sao paulo,SP
5442,-23.54442842,-46.69730262,sao paulo,SP
5443,-23.55308176,-46.69574896,sao paulo,SP
5444,-23.55744282,-46.69725963,sao paulo,SP
5445,-23.55231811,-46.6981833,são paulo,SP
5446,-23.55372153,-46.70042925,sao paulo,SP
5447,-23.54854682,-46.70027375,sao paulo,SP
5448,-23.54639886,-46.70059349,sao paulo,SP
5449,-23.54593332,-46.70495621,sao paulo,SP
5450,-23.54804132,-46.70619923,sao paulo,SP
5451,-23.54271137,-46.70247582,sao paulo,SP
5452,-23.54426649,-46.70810802,são paulo,SP
5453,-23.54231687,-46.70758474,sao paulo,SP
5454,-23.5410018,-46.71048876,sao paulo,SP
5455,-23.54138304,-46.71185447,sao paulo,SP
5458,-23.5418233,-46.71630989,sao paulo,SP
5459,-23.55792174,-46.70292853,sao paulo,SP
5460,-23.55085154,-46.71112086,sao paulo,SP
5461,-23.5478153,-46.71642856,sao paulo,SP
5462,-23.55896457,-46.70445042,são paulo,SP
5463,-23.55869339,-46.70788565,sao paulo,SP
5464,-23.55062704,-46.7148276,sao paulo,SP
5465,-23.55414914,-46.71601739,sao paulo,SP
5466,-23.55111641,-46.71877658,são paulo,SP
5467,-23.54352371,-46.71546294,sao paulo,SP
5468,-23.53905023,-46.71577306,sao paulo,SP
5469,-23.54112818,-46.71955745,são paulo,SP
5470,-23.54083843,-46.72368794,sao paulo,SP
5471,-23.53996734,-46.72600118,sao paulo,SP
5472,-23.549589,-46.718019,sao paulo,SP
5477,-23.55195373,-46.72226781,sao paulo,SP
5501,-23.57080781,-46.70495206,sao paulo,SP
5502,-23.57695029,-46.70451314,são paulo,SP
5503,-23.57021169,-46.71083963,são paulo,SP
5505,-23.55883778,-46.71209682,sao paulo,SP
5506,-23.56322487,-46.70848406,sao paulo,SP
5507,-23.56683034,-46.71010301,sao paulo,SP
5508,-23.56102212,-46.7277852,sao paulo,SP
5509,-23.57094627,-46.7111722,sao paulo,SP
5510,-23.57296477,-46.70904207,sao paulo,SP
5511,-23.57661195,-46.70866535,são paulo,SP
5512,-23.58387905,-46.71825524,sao paulo,SP
5513,-23.5815819,-46.71510707,sao paulo,SP
5514,-23.58400679,-46.6878834,sao paulo,SP
5515,-23.58015716,-46.71430636,são paulo,SP
5516,-23.58172621,-46.71793925,sao paulo,SP
5517,-23.58398337,-46.72214707,sao paulo,SP
5518,-23.58616717,-46.7270021,sao paulo,SP
5519,-23.58906101,-46.7310332,sao paulo,SP
5520,-23.59805828,-46.74071634,sao paulo,SP
5521,-23.58865489,-46.7266543,são paulo,SP
5522,-23.59223489,-46.73641423,sao paulo,SP
5523,-23.59371032,-46.74021294,sao paulo,SP
5524,-23.59701794,-46.74276541,sao paulo,SP
5525,-23.60179975,-46.75180066,sao paulo,SP
5526,-23.6016589,-46.74681833,sao paulo,SP
5527,-23.59531451,-46.74680405,sao paulo,SP
5528,-23.59461803,-46.75724228,sao paulo,SP
5529,-23.59296729,-46.73607617,são paulo,SP
5530,-23.57669802,-46.71705185,sao paulo,SP
5531,-23.57948374,-46.72274121,sao paulo,SP
5532,-23.57820807,-46.72373518,sao paulo,SP
5533,-23.58293093,-46.72471073,sao paulo,SP
5534,-23.60138908,-46.7492809,sao paulo,SP
5535,-23.58327089,-46.73144023,sao paulo,SP
5536,-23.58881504,-46.73894631,sao paulo,SP
5537,-23.58593543,-46.73503173,sao paulo,SP
5538,-23.5884826,-46.73790829,sao paulo,SP
5539,-23.57593766,-46.72721564,são paulo,SP
5540,-23.57619154,-46.72398929,sao paulo,SP
5541,-23.58828747,-46.74170988,sao paulo,SP
5542,-23.58763459,-46.74933567,sao paulo,SP
5543,-23.58876458,-46.74010515,sao paulo,SP
5544,-23.59362078,-46.76614576,sao paulo,SP
5545,-23.58665319,-46.76690113,sao paulo,SP
5546,-23.58650864,-46.77007565,sao paulo,SP
5547,-23.59328929,-46.77250542,são paulo,SP
5549,-23.59713488,-46.76615821,sao paulo,SP
5550,-23.57823244,-46.76116672,sao paulo,SP
5551,-23.58913785,-46.76124464,sao paulo,SP
5560,-23.58806409,-46.78016278,sao paulo,SP
5563,-23.60178206,-46.78421472,sao paulo,SP
5564,-23.59168124,-46.77033832,sao paulo,SP
5565,-23.59566001,-46.78908352,sao paulo,SP
5566,-23.5929454,-46.79136663,sao paulo,SP
5567,-23.5940273,-46.78617344,sao paulo,SP
5568,-23.59007805,-46.78607382,sao paulo,SP
5569,-23.6003021,-46.79351779,sao paulo,SP
5570,-23.60357379,-46.79514649,são paulo,SP
5571,-23.59455594,-46.78748871,sao paulo,SP
5572,-23.59674683,-46.79540587,sao paulo,SP
5573,-23.58526375,-46.74059246,sao paulo,SP
5574,-23.5883801,-46.80242673,sao paulo,SP
5576,-23.58713726,-46.77847249,são paulo,SP
5577,-23.58498874,-46.76723184,sao paulo,SP
5578,-23.5765776,-46.71240926,sao paulo,SP
5579,-23.57139515,-46.71313075,sao paulo,SP
5580,-23.57299558,-46.71751394,sao paulo,SP
5581,-23.57176885,-46.72230765,sao paulo,SP
5582,-23.57374981,-46.72884589,sao paulo,SP
5583,-23.58327543,-46.78711576,sao paulo,SP
5584,-23.58042769,-46.79106328,sao paulo,SP
5585,-23.57111603,-46.72532608,são paulo,SP
5586,-23.57072227,-46.7285708,sao paulo,SP
5587,-23.57193914,-46.72553508,sao paulo,SP
5588,-23.57601658,-46.74118637,sao paulo,SP
5589,-23.57576906,-46.73811092,sao paulo,SP
5590,-23.57563693,-46.73273653,são paulo,SP
5591,-23.57882679,-46.73246378,sao paulo,SP
5592,-23.5792374,-46.7371799,sao paulo,SP
5593,-23.58120491,-46.73674862,são paulo,SP
5594,-23.58254107,-46.73993691,sao paulo,SP
5595,-23.58041059,-46.74276228,sao paulo,SP
5596,-23.58100758,-46.746206,sao paulo,SP
5601,-23.58195296,-46.70046837,sao paulo,SP
5602,-23.57721466,-46.70470881,sao paulo,SP
5603,-23.58300868,-46.70165964,são paulo,SP
5604,-23.587287,-46.70021747,sao paulo,SP
5605,-23.59047182,-46.70408006,sao paulo,SP
5606,-23.58020767,-46.70584728,são paulo,SP
5608,-23.58206319,-46.7067638,sao paulo,SP
5609,-23.58086319,-46.70882645,sao paulo,SP
5610,-23.58514931,-46.70988078,sao paulo,SP
5611,-23.58530795,-46.71262965,sao paulo,SP
5612,-23.59152003,-46.70897103,sao paulo,SP
5613,-23.58990811,-46.71261024,sao paulo,SP
5614,-23.59521516,-46.71136757,sao paulo,SP
5615,-23.58730582,-46.7174071,sao paulo,SP
5616,-23.58845659,-46.71933842,sao paulo,SP
5617,-23.591282,-46.72003055,sao paulo,SP
5618,-23.59031015,-46.72357246,sao paulo,SP
5619,-23.59119619,-46.72709579,sao paulo,SP
5620,-23.59399117,-46.72405968,sao paulo,SP
5621,-23.59774524,-46.72303055,sao paulo,SP
5622,-23.59911093,-46.72485502,são paulo,SP
5623,-23.60090593,-46.72671324,são paulo,SP
5624,-23.59528485,-46.72819854,são paulo,SP
5625,-23.59623345,-46.73045208,sao paulo,SP
5626,-23.59454887,-46.73348319,sao paulo,SP
5627,-23.59535924,-46.73229886,sao paulo,SP
5628,-23.59961466,-46.73071432,sao paulo,SP
5629,-23.60382675,-46.72927448,são paulo,SP
5630,-23.61153067,-46.73636662,sao paulo,SP
5632,-23.59953559,-46.73543637,sao paulo,SP
5633,-23.60001479,-46.73968659,são paulo,SP
5634,-23.60637544,-46.73749142,sao paulo,SP
5635,-23.60283607,-46.73600433,sao paulo,SP
5638,-23.60747625,-46.74035789,sao paulo,SP
5639,-23.6092493,-46.74028972,sao paulo,SP
5640,-23.61639398,-46.73984702,sao paulo,SP
5641,-23.61808878,-46.73688048,sao paulo,SP
5642,-23.62169533,-46.73602293,são paulo,SP
5650,-23.61086171,-46.69927907,sao paulo,SP
5651,-23.60242618,-46.72362467,sao paulo,SP
5652,-23.59808487,-46.71690779,sao paulo,SP
5653,-23.60142952,-46.71741044,sao paulo,SP
5654,-23.60621408,-46.71634315,são paulo,SP
5655,-23.60877732,-46.71625405,sao paulo,SP
5656,-23.61292149,-46.72056929,sao paulo,SP
5657,-23.62045423,-46.71700023,sao paulo,SP
5658,-23.60340767,-46.72268685,sao paulo,SP
5659,-23.60942057,-46.72390604,sao paulo,SP
5660,-23.61254395,-46.72713506,sao paulo,SP
5661,-23.61066928,-46.72616036,são paulo,SP
5662,-23.61209256,-46.72493236,são paulo,SP
5663,-23.61401199,-46.72683864,sao paulo,SP
5664,-23.617612,-46.72379563,sao paulo,SP
5665,-23.61885844,-46.72859004,sao paulo,SP
5670,-23.58601931,-46.69696902,sao paulo,SP
5671,-23.58779918,-46.69484552,são paulo,SP
5672,-23.59050499,-46.69645979,sao paulo,SP
5673,-23.59092952,-46.70129372,sao paulo,SP
5674,-23.59190989,-46.69924735,são paulo,SP
5675,-23.59499803,-46.70071232,são paulo,SP
5676,-23.59696487,-46.69861844,sao paulo,SP
5678,-23.5981111,-46.70467227,sao paulo,SP
5679,-23.60146526,-46.70129232,sao paulo,SP
5683,-23.60477376,-46.70807903,sao paulo,SP
5684,-23.60706598,-46.70458437,sao paulo,SP
5685,-23.60702389,-46.70493309,sao paulo,SP
5686,-23.61166438,-46.70288902,sao paulo,SP
5687,-23.61059619,-46.70728333,sao paulo,SP
5688,-23.61122804,-46.70738602,sao paulo,SP
5690,-23.61530972,-46.70463044,sao paulo,SP
5691,-23.61559511,-46.70859542,sao paulo,SP
5692,-23.61914464,-46.70589033,sao paulo,SP
5693,-23.62018184,-46.70281581,sao paulo,SP
5704,-23.62892578,-46.72017495,sao paulo,SP
5705,-23.62584555,-46.72115931,sao paulo,SP
5706,-23.62836387,-46.72478378,sao paulo,SP
5707,-23.64088887,-46.72983813,sao paulo,SP
5709,-23.6178639,-46.74177221,são paulo,SP
5710,-23.60911038,-46.74503617,sao paulo,SP
5711,-23.61323278,-46.74372392,sao paulo,SP
5712,-23.62132352,-46.73019141,sao paulo,SP
5713,-23.62637268,-46.73033396,sao paulo,SP
5715,-23.62911216,-46.73207076,sao paulo,SP
5716,-23.63045315,-46.73388659,sao paulo,SP
5717,-23.63461765,-46.73233474,sao paulo,SP
5718,-23.63514308,-46.73782009,sao paulo,SP
5723,-23.64194458,-46.7323467,sao paulo,SP
5724,-23.63280963,-46.73571358,sao paulo,SP
5725,-23.6248256,-46.73612224,sao paulo,SP
5726,-23.62546893,-46.74135023,sao paulo,SP
5727,-23.62664825,-46.73950895,sao paulo,SP
5728,-23.63221232,-46.73919255,sao paulo,SP
5729,-23.63460703,-46.73588184,sao paulo,SP
5730,-23.63497092,-46.74143013,sao paulo,SP
5731,-23.64037484,-46.74282186,sao paulo,SP
5734,-23.62569896,-46.74346812,sao paulo,SP
5735,-23.62888496,-46.74899437,sao paulo,SP
5736,-23.63367473,-46.74639478,sao paulo,SP
5741,-23.61064127,-46.74785399,sao paulo,SP
5742,-23.6103788,-46.74997764,sao paulo,SP
5743,-23.61220809,-46.75359473,sao paulo,SP
5745,-23.6145331,-46.75197229,sao paulo,SP
5749,-23.61990636,-46.74667314,sao paulo,SP
5750,-23.61562006,-46.74657578,sao paulo,SP
5752,-23.61857457,-46.75202097,são paulo,SP
5754,-23.61976007,-46.75403016,sao paulo,SP
5755,-23.62074242,-46.75632566,sao paulo,SP
5756,-23.62443868,-46.75501666,sao paulo,SP
5757,-23.62454329,-46.75997474,sao paulo,SP
5758,-23.62889887,-46.7637949,sao paulo,SP
5759,-23.63021977,-46.766261,são paulo,SP
5760,-23.63246757,-46.76656934,sao paulo,SP
5761,-23.63548906,-46.76659334,sao paulo,SP
5762,-23.64093741,-46.76337437,sao paulo,SP
5763,-23.64364823,-46.75901938,sao paulo,SP
5765,-23.62926381,-46.75676136,sao paulo,SP
5766,-23.63091745,-46.75480827,sao paulo,SP
5767,-23.63211435,-46.76077038,sao paulo,SP
5770,-23.64853648,-46.75895003,sao paulo,SP
5772,-23.63956027,-46.75549581,sao paulo,SP
5773,-23.63502499,-46.75501165,sao paulo,SP
5774,-23.63371935,-46.75009231,sao paulo,SP
5775,-23.63544993,-46.75335739,sao paulo,SP
5776,-23.63673143,-46.74658403,sao paulo,SP
5777,-23.64572224,-46.75303861,sao paulo,SP
5778,-23.64177776,-46.75224489,sao paulo,SP
5780,-23.64712356,-46.75264042,sao paulo,SP
5781,-23.6519998,-46.7603352,sao paulo,SP
5782,-23.65129394,-46.76685346,sao paulo,SP
5783,-23.64513691,-46.76918117,sao paulo,SP
5784,-23.62016142,-46.76165319,sao paulo,SP
5785,-23.62480661,-46.7664865,são paulo,SP
5786,-23.63519167,-46.77249598,sao paulo,SP
5787,-23.61979499,-46.75948584,sao paulo,SP
5788,-23.63170805,-46.77366119,sao paulo,SP
5789,-23.64770021,-46.77770614,sao paulo,SP
5790,-23.64186314,-46.78544217,sao paulo,SP
5791,-23.64636102,-46.78451326,sao paulo,SP
5792,-23.63879885,-46.77305001,sao paulo,SP
5793,-23.63922057,-46.77524603,sao paulo,SP
5794,-23.641456,-46.77107151,sao paulo,SP
5795,-23.64656078,-46.77587958,sao paulo,SP
5796,-23.65031092,-46.77443216,sao paulo,SP
5797,-23.65477922,-46.77239155,sao paulo,SP
5798,-23.65740146,-46.76806592,sao paulo,SP
5801,-23.64716876,-46.73449086,sao paulo,SP
5802,-23.65859974,-46.72550736,sao paulo,SP
5804,-23.64831729,-46.73174553,são paulo,SP
5805,-23.65332251,-46.73451119,sao paulo,SP
5812,-23.65583385,-46.73411535,são paulo,SP
5813,-23.65490907,-46.73169885,sao paulo,SP
5814,-23.65972052,-46.73225083,sao paulo,SP
5815,-23.66196083,-46.73578432,sao paulo,SP
5816,-23.66693802,-46.7390759,sao paulo,SP
5818,-23.66502456,-46.73172064,sao paulo,SP
5819,-23.66584215,-46.73656569,sao paulo,SP
5820,-23.66534491,-46.74004198,sao paulo,SP
5821,-23.66737924,-46.75116626,são paulo,SP
5822,-23.66307651,-46.75205847,sao paulo,SP
5823,-23.66405673,-46.74989611,sao paulo,SP
5828,-23.6684979,-46.74165737,sao paulo,SP
5830,-23.66941341,-46.74502372,sao paulo,SP
5831,-23.6722955,-46.7478684,sao paulo,SP
5832,-23.67306473,-46.75140133,sao paulo,SP
5833,-23.67091236,-46.75917046,sao paulo,SP
5834,-23.67007513,-46.75514722,sao paulo,SP
5835,-23.65025585,-46.7537247,sao paulo,SP
5836,-23.64623844,-46.73756522,sao paulo,SP
5840,-23.64576376,-46.74062793,sao paulo,SP
5841,-23.64594411,-46.74284233,sao paulo,SP
5842,-23.65027835,-46.74420451,sao paulo,SP
5843,-23.65121878,-46.73692407,são paulo,SP
5844,-23.65708616,-46.74061858,sao paulo,SP
5845,-23.65416694,-46.74258159,são paulo,SP
5846,-23.65550135,-46.74240184,sao paulo,SP
5847,-23.65427027,-46.74861951,sao paulo,SP
5848,-23.65819519,-46.75992353,sao paulo,SP
5849,-23.65236618,-46.75575337,sao paulo,SP
5850,-23.65838322,-46.75380387,sao paulo,SP
5851,-23.66359902,-46.75637765,são paulo,SP
5852,-23.66612486,-46.75745271,sao paulo,SP
5853,-23.65955686,-46.75177269,sao paulo,SP
5854,-23.66088564,-46.7621074,sao paulo,SP
5855,-23.66255882,-46.76433743,sao paulo,SP
5856,-23.65166354,-46.78428699,sao paulo,SP
5857,-23.65678941,-46.78053307,sao paulo,SP
5858,-23.66748877,-46.78230624,sao paulo,SP
5859,-23.66721202,-46.77043276,são paulo,SP
5860,-23.66476736,-46.76657171,são paulo,SP
5861,-23.67162488,-46.76465693,sao paulo,SP
5862,-23.66791659,-46.76444337,sao paulo,SP
5863,-23.67691815,-46.76618596,sao paulo,SP
5864,-23.67527397,-46.76131089,sao paulo,SP
5866,-23.67764352,-46.76968588,são paulo,SP
5867,-23.67300943,-46.7700917,sao paulo,SP
5868,-23.66610618,-46.77934,sao paulo,SP
5869,-23.67733529,-46.7713809,sao paulo,SP
5870,-23.68061205,-46.77256582,são paulo,SP
5871,-23.68492898,-46.77281242,sao paulo,SP
5872,-23.68563169,-46.77606972,sao paulo,SP
5873,-23.68996316,-46.77854758,são paulo,SP
5874,-23.67958489,-46.77288493,sao paulo,SP
5875,-23.69084616,-46.77814739,são paulo,SP
5876,-23.69728226,-46.79371117,sao paulo,SP
5877,-23.69188631,-46.79068227,sao paulo,SP
5878,-23.68980295,-46.78480992,sao paulo,SP
5879,-23.68871339,-46.79261135,sao paulo,SP
5880,-23.68668885,-46.78829547,sao paulo,SP
5881,-23.68143054,-46.77814623,sao paulo,SP
5882,-23.68074255,-46.78422428,sao paulo,SP
5883,-23.67658776,-46.77941495,sao paulo,SP
5884,-23.67155328,-46.77598333,sao paulo,SP
5885,-23.67502806,-46.7856557,são paulo,SP
5886,-23.68057694,-46.79243711,sao paulo,SP
5887,-23.67837777,-46.79756867,sao paulo,SP
5888,-23.67313806,-46.79223084,sao paulo,SP
5889,-23.66761787,-46.78364935,sao paulo,SP
5890,-23.66564299,-46.78861772,são paulo,SP
5891,-23.66300891,-46.7917411,são paulo,SP
5892,-23.66125814,-46.78639666,são paulo,SP
5893,-23.6580272,-46.7903321,sao paulo,SP
5894,-23.65247143,-46.78858304,sao paulo,SP
5895,-23.6522652,-46.78579959,sao paulo,SP
6010,-23.53546386,-46.76806257,osasco,SP
6013,-23.53187615,-46.77716327,osasco,SP
6016,-23.53246343,-46.77954308,osasco,SP
6018,-23.54089999,-46.77611297,osasco,SP
6020,-23.53847817,-46.76162169,osasco,SP
6023,-23.54343921,-46.77031627,osasco,SP
6026,-23.55157982,-46.76387499,osasco,SP
6028,-23.54613564,-46.76726377,osasco,SP
6029,-23.54845386,-46.76981811,osasco,SP
6030,-23.55707864,-46.76757875,osasco,SP
6033,-23.56042071,-46.77789976,osasco,SP
6036,-23.55807594,-46.77602096,osasco,SP
6037,-23.55503702,-46.77326263,osasco,SP
6038,-23.5655303,-46.77836723,osasco,SP
6040,-23.56929879,-46.78310813,osasco,SP
6045,-23.57288591,-46.79287787,osasco,SP
6050,-23.56017177,-46.78708995,osasco,SP
6053,-23.55911478,-46.78762556,osasco,SP
6056,-23.56629299,-46.78782137,osasco,SP
6060,-23.55305447,-46.78198098,osasco,SP
6065,-23.55500651,-46.79034472,osasco,SP
6070,-23.54814672,-46.78052883,osasco,SP
6075,-23.5494903,-46.78783092,osasco,SP
6080,-23.54353287,-46.78492157,osasco,SP
6083,-23.54210528,-46.77872843,osasco,SP
6086,-23.53465302,-46.7850642,osasco,SP
6090,-23.5333212,-46.78225542,osasco,SP
6093,-23.53002051,-46.78276806,osasco,SP
6097,-23.52854909,-46.77978833,osasco,SP
6102,-23.54946788,-46.81297819,osasco,SP
6110,-23.53158778,-46.79142511,osasco,SP
6112,-23.53640184,-46.79599574,osasco,SP
6114,-23.53356012,-46.79780464,osasco,SP
6120,-23.54189481,-46.79178866,osasco,SP
6122,-23.54231357,-46.79881675,osasco,SP
6124,-23.54668763,-46.79810978,osasco,SP
6126,-23.55159974,-46.79452338,osasco,SP
6130,-23.55755124,-46.79678722,osasco,SP
6132,-23.55655969,-46.79838841,osasco,SP
6140,-23.57652564,-46.80087429,osasco,SP
6142,-23.56954809,-46.79786431,osasco,SP
6144,-23.56693261,-46.80093561,osasco,SP
6145,-23.5700696,-46.80295939,osasco,SP
6147,-23.57869654,-46.80773026,osasco,SP
6149,-23.58181112,-46.81341603,osasco,SP
6150,-23.5702559,-46.81130803,osasco,SP
6152,-23.56361381,-46.80360899,osasco,SP
6154,-23.56005588,-46.80446836,osasco,SP
6160,-23.55741936,-46.81212889,osasco,SP
6162,-23.55355704,-46.80913962,osasco,SP
6170,-23.54548737,-46.80486551,osasco,SP
6172,-23.54245143,-46.81284888,osasco,SP
6180,-23.53652475,-46.80341057,osasco,SP
6182,-23.52910697,-46.8124181,osasco,SP
6184,-23.5384138,-46.80799648,osasco,SP
6186,-23.53325762,-46.81309222,osasco,SP
6187,-23.5451582,-46.81366607,osasco,SP
6190,-23.53003717,-46.79888215,osasco,SP
6192,-23.52769284,-46.80134979,osasco,SP
6194,-23.52535884,-46.80190233,osasco,SP
6210,-23.52841509,-46.766271,osasco,SP
6213,-23.53018018,-46.76822274,osasco,SP
6216,-23.5256954,-46.77159124,osasco,SP
6220,-23.516495,-46.78235815,osasco,SP
6223,-23.51574568,-46.77764057,osasco,SP
6226,-23.50828707,-46.77809618,osasco,SP
6230,-23.51640472,-46.79983996,osasco,SP
6233,-23.51660026,-46.78697369,osasco,SP
6236,-23.51010787,-46.78735482,osasco,SP
6240,-23.50398448,-46.80555307,osasco,SP
6243,-23.50355324,-46.79825426,osasco,SP
6246,-23.49885856,-46.80706578,osasco,SP
6250,-23.50065651,-46.7960034,osasco,SP
6253,-23.49706387,-46.79744928,osasco,SP
6260,-23.49939153,-46.79104298,osasco,SP
6263,-23.49379695,-46.79651631,osasco,SP
6266,-23.49320529,-46.7878892,osasco,SP
6268,-23.50004967,-46.77822733,osasco,SP
6270,-23.49620124,-46.77137977,osasco,SP
6273,-23.49906269,-46.76793858,osasco,SP
6276,-23.48445638,-46.77506801,osasco,SP
6278,-23.4788389,-46.77875443,osasco,SP
6280,-23.50978859,-46.76684854,osasco,SP
6283,-23.51444547,-46.76816095,osasco,SP
6286,-23.50655626,-46.77205872,osasco,SP
6288,-23.50236338,-46.76555984,osasco,SP
6290,-23.52028041,-46.77128848,osasco,SP
6293,-23.51629514,-46.76288048,osasco,SP
6296,-23.51818223,-46.75729593,osasco,SP
6298,-23.52114704,-46.75403556,osasco,SP
6310,-23.51545395,-46.83908951,carapicuiba,SP
6311,-23.52089232,-46.84578284,carapicuiba,SP
6315,-23.52517318,-46.84154768,carapicuiba,SP
6317,-23.52630642,-46.84569409,carapicuiba,SP
6320,-23.52455637,-46.83627482,carapicuiba,SP
6321,-23.53849786,-46.83055847,carapicuíba,SP
6322,-23.53007582,-46.83339599,carapicuiba,SP
6325,-23.53016227,-46.82934462,carapicuiba,SP
6326,-23.52928131,-46.82848036,carapicuiba,SP
6327,-23.53312304,-46.82395403,carapicuiba,SP
6328,-23.52908248,-46.82595599,carapicuiba,SP
6329,-23.53893543,-46.82179198,carapicuiba,SP
6330,-23.55551845,-46.82833863,carapicuiba,SP
6331,-23.54366743,-46.82868349,carapicuiba,SP
6332,-23.54880597,-46.83024045,carapicuiba,SP
6333,-23.55972474,-46.83154123,carapicuiba,SP
6334,-23.54447899,-46.83207894,carapicuiba,SP
6335,-23.55482232,-46.83375867,carapicuiba,SP
6340,-23.56738649,-46.82425029,carapicuiba,SP
6341,-23.572518,-46.81995277,carapicuiba,SP
6342,-23.57975662,-46.82535846,carapicuiba,SP
6343,-23.56852976,-46.83315254,carapicuiba,SP
6345,-23.57449986,-46.8417883,carapicuiba,SP
6350,-23.57474239,-46.85594357,carapicuiba,SP
6351,-23.56909398,-46.86363,carapicuiba,SP
6352,-23.56398385,-46.86981653,carapicuiba,SP
6355,-23.55979469,-46.86022951,carapicuiba,SP
6360,-23.55888638,-46.8391293,carapicuiba,SP
6361,-23.5568019,-46.84622468,carapicuiba,SP
6362,-23.55427598,-46.84144554,carapicuíba,SP
6363,-23.56783155,-46.8386144,carapicuiba,SP
6364,-23.56563035,-46.84229825,carapicuiba,SP
6365,-23.5529461,-46.85082345,carapicuiba,SP
6379,-23.53484203,-46.85972267,carapicuíba,SP
6380,-23.54191208,-46.83721005,carapicuiba,SP
6381,-23.54580438,-46.83882325,carapicuiba,SP
6382,-23.54978478,-46.83915709,carapicuíba,SP
6384,-23.54268115,-46.84627592,carapicuiba,SP
6385,-23.54205787,-46.84312392,carapicuiba,SP
6386,-23.53257175,-46.84282293,carapicuiba,SP
6387,-23.55134994,-46.83514189,carapicuiba,SP
6390,-23.54029496,-46.85298992,carapicuiba,SP
6394,-23.52504554,-46.85695425,carapicuiba,SP
6395,-23.53232609,-46.85022451,carapicuiba,SP
6396,-23.52947099,-46.85397994,carapicuiba,SP
6397,-23.53093004,-46.85832902,carapicuiba,SP
6401,-23.50945858,-46.88108056,barueri,SP
6402,-23.5083943,-46.87923786,barueri,SP
6404,-23.50644916,-46.86860821,barueri,SP
6405,-23.4969524,-46.88364386,barueri,SP
6406,-23.50174557,-46.88703241,barueri,SP
6407,-23.50006424,-46.89055948,barueri,SP
6408,-23.49555655,-46.88538697,barueri,SP
6409,-23.49415772,-46.89610614,barueri,SP
6410,-23.50162114,-46.86723421,barueri,SP
6411,-23.50143714,-46.87441824,barueri,SP
6412,-23.497201,-46.88099248,barueri,SP
6413,-23.48712573,-46.87874389,barueri,SP
6414,-23.49355179,-46.87170402,barueri,SP
6415,-23.49047804,-46.88895922,barueri,SP
6416,-23.48692629,-46.89283569,barueri,SP
6417,-23.48614939,-46.88394058,barueri,SP
6418,-23.48288735,-46.8857871,barueri,SP
6419,-23.47693366,-46.88530037,barueri,SP
6420,-23.51221859,-46.89595804,barueri,SP
6421,-23.50865233,-46.90125512,barueri,SP
6422,-23.51672944,-46.89998739,barueri,SP
6423,-23.49738572,-46.90609782,barueri,SP
6424,-23.49590147,-46.8746867,barueri,SP
6428,-23.49653038,-46.95772893,barueri,SP
6429,-23.4896879,-46.95291516,barueri,SP
6433,-23.52610751,-46.88800784,barueri,SP
6434,-23.52991689,-46.88926053,barueri,SP
6435,-23.53165613,-46.8842021,barueri,SP
6436,-23.53770034,-46.88888392,barueri,SP
6437,-23.54433545,-46.88874699,barueri,SP
6440,-23.5109217,-46.85992349,barueri,SP
6442,-23.51584578,-46.87344526,barueri,SP
6443,-23.53945448,-46.86436194,barueri,SP
6444,-23.54266079,-46.88379587,barueri,SP
6445,-23.52915426,-46.86476925,barueri,SP
6447,-23.54145162,-46.87715678,barueri,SP
6448,-23.54801124,-46.87569402,barueri,SP
6449,-23.54212152,-46.86867382,barueri,SP
6453,-23.49707799,-46.85105837,barueri,SP
6454,-23.49578648,-46.84748345,barueri,SP
6455,-23.50112394,-46.84970163,barueri,SP
6458,-23.49127675,-46.82590539,barueri,SP
6460,-23.49879609,-46.83305816,barueri,SP
6462,-23.48539708,-46.80979379,barueri,SP
6463,-23.50240352,-46.81346336,barueri,SP
6465,-23.49852069,-46.85053708,barueri,SP
6470,-23.49476044,-46.85865484,barueri,SP
6471,-23.48647717,-46.85337629,barueri,SP
6472,-23.48526154,-46.8526213,barueri,SP
6473,-23.48367405,-46.863477,barueri,SP
6474,-23.48775848,-46.84622191,barueri,SP
6475,-23.48711524,-46.83720056,barueri,SP
6480,-23.48801831,-46.85551054,barueri,SP
6485,-23.4833015,-46.84776115,barueri,SP
6501,-23.44402867,-46.91550913,santana de parnaiba,SP
6502,-23.44535594,-46.92498269,santana de parnaíba,SP
6503,-23.45627691,-46.93719372,santana de parnaiba,SP
6504,-23.4396466,-46.93655312,santana de parnaiba,SP
6505,-23.41213274,-46.94124477,santana de parnaiba,SP
6506,-23.41861387,-46.95887634,santana de parnaiba,SP
6509,-23.45185792,-46.94689737,santana de parnaiba,SP
6513,-23.4615734,-46.91529507,santana de parnaiba,SP
6514,-23.47324681,-46.91221504,santana de parnaiba,SP
6515,-23.47370269,-46.89651272,santana de parnaiba,SP
6516,-23.48104826,-46.89353671,santana de parnaiba,SP
6517,-23.47611023,-46.9339743,santana de parnaiba,SP
6519,-23.49133213,-46.96378125,santana de parnaiba,SP
6520,-23.47797638,-46.9750882,santana de parnaiba,SP
6523,-23.49349597,-47.00063392,santana de parnaiba,SP
6524,-23.47573165,-47.00409406,santana de parnaiba,SP
6525,-23.41655025,-46.89337836,santana de parnaiba,SP
6526,-23.42948395,-46.9219823,santana de parnaiba,SP
6528,-23.40829213,-46.89723212,santana de parnaíba,SP
6529,-23.40425794,-46.88345222,santana de parnaiba,SP
6530,-23.41064892,-46.88479415,santana de parnaiba,SP
6531,-23.42057198,-46.87518741,santana de parnaiba,SP
6532,-23.4421302,-46.88792477,santana de parnaiba,SP
6533,-23.42213623,-46.87361405,santana de parnaiba,SP
6534,-23.41466156,-46.8688435,santana de parnaiba,SP
6535,-23.42549832,-46.85573064,santana de parnaiba,SP
6537,-23.42904628,-46.82684649,santana de parnaíba,SP
6539,-23.46503945,-46.88499666,santana de parnaiba,SP
6540,-23.4539183,-46.88258785,santana de parnaiba,SP
6541,-23.46298587,-46.87264107,santana de parnaíba,SP
6542,-23.47360567,-46.86850015,santana de parnaiba,SP
6543,-23.46994428,-46.84806741,santana de parnaiba,SP
6544,-23.46370323,-46.8524729,santana de parnaiba,SP
6550,-23.40304773,-46.99511625,pirapora do bom jesus,SP
6600,-23.53235383,-46.90135229,jandira,SP
6602,-23.53425748,-46.89748442,jandira,SP
6604,-23.5392795,-46.90402085,jandira,SP
6606,-23.5329494,-46.90733115,jandira,SP
6608,-23.5338068,-46.91489958,jandira,SP
6609,-23.53513589,-46.91081075,jandira,SP
6610,-23.52418607,-46.92088103,jandira,SP
6612,-23.52097819,-46.9190628,jandira,SP
6616,-23.52466414,-46.91119597,jandira,SP
6618,-23.5249658,-46.89873198,jandira,SP
6620,-23.54729848,-46.89250491,jandira,SP
6622,-23.54670336,-46.89983624,jandira,SP
6624,-23.54818043,-46.91036003,jandira,SP
6626,-23.54159209,-46.91160442,jandira,SP
6630,-23.55530038,-46.8903468,jandira,SP
6631,-23.54499828,-46.90430341,jandira,SP
6633,-23.53055324,-46.88623979,jandira,SP
6634,-23.55933651,-46.90465369,jandira,SP
6636,-23.55661994,-46.89904059,jandira,SP
6642,-23.55744947,-46.87728975,jandira,SP
6648,-23.54852188,-46.86708654,jandira,SP
6650,-23.544589,-46.9351587,itapevi,SP
6652,-23.5496037,-46.92632692,itapevi,SP
6653,-23.54705354,-46.92972088,itapevi,SP
6654,-23.53890581,-46.92410128,itapevi,SP
6655,-23.56496428,-46.97551309,itapevi,SP
6656,-23.55462514,-46.92343725,itapevi,SP
6657,-23.55729776,-46.92912816,itapevi,SP
6660,-23.54854456,-46.95578857,itapevi,SP
6663,-23.55764746,-46.93978259,itapevi,SP
6665,-23.56417051,-46.97305614,itapevi,SP
6670,-23.58611292,-46.96536705,itapevi,SP
6673,-23.554944,-46.9119465,itapevi,SP
6675,-23.54742738,-46.97129277,itapevi,SP
6680,-23.53518676,-46.97660826,itapevi,SP
6683,-23.53957524,-46.96890371,itapevi,SP
6684,-23.53893665,-46.94224678,itapevi,SP
6685,-23.54137251,-47.00000391,itapevi,SP
6690,-23.52825274,-46.94819676,itapevi,SP
6693,-23.53814048,-46.94609336,itapevi,SP
6694,-23.54279078,-46.93866244,itapevi,SP
6695,-23.5374952,-46.95449251,itapevi,SP
6696,-23.523946,-46.94146762,itapevi,SP
6700,-23.60949993,-46.93280761,cotia,SP
6701,-23.60846502,-46.97167054,cotia,SP
6702,-23.58160544,-46.92940424,cotia,SP
6703,-23.59673234,-46.9119937,cotia,SP
6704,-23.57776647,-46.91702634,cotia,SP
6705,-23.58948082,-46.89609707,cotia,SP
6706,-23.57853164,-46.87426299,cotia,SP
6707,-23.59001189,-46.87036516,cotia,SP
6708,-23.59254497,-46.84708372,cotia,SP
6709,-23.59433593,-46.83425699,cotia,SP
6710,-23.59848072,-46.83224195,cotia,SP
6711,-23.60601827,-46.83919409,cotia,SP
6712,-23.61053115,-46.84749421,cotia,SP
6713,-23.62842741,-46.87058604,cotia,SP
6714,-23.59947488,-46.87258801,cotia,SP
6715,-23.61014127,-46.87663382,cotia,SP
6716,-23.60771819,-46.89997507,cotia,SP
6717,-23.60945189,-46.91753331,cotia,SP
6719,-23.62345144,-46.93703825,cotia,SP
6720,-23.62220376,-46.96478454,cotia,SP
6721,-23.64253062,-46.97681432,cotia,SP
6722,-23.63797192,-46.9511896,cotia,SP
6723,-23.66332704,-46.98072228,cotia,SP
6724,-23.68548577,-46.90982958,cotia,SP
6725,-23.68628989,-47.02922051,cotia,SP
6726,-23.65899129,-47.05328447,cotia,SP
6727,-23.67354106,-47.02341828,cotia,SP
6728,-23.67239953,-46.98872301,cotia,SP
6729,-23.7212299,-47.02534689,cotia,SP
6730,-23.62257884,-47.01272716,vargem grande paulista,SP
6738,-23.64615211,-47.0027957,vargem grande paulista,SP
6753,-23.6023042,-46.75599819,taboao da serra,SP
6754,-23.60613471,-46.7574857,taboao da serra,SP
6755,-23.60094979,-46.76559072,taboao da serra,SP
6756,-23.60635628,-46.77360013,taboao da serra,SP
6757,-23.60837706,-46.77891068,taboao da serra,SP
6760,-23.61347448,-46.77314095,taboao da serra,SP
6763,-23.61133714,-46.76074871,taboao da serra,SP
6764,-23.61583018,-46.76853283,taboao da serra,SP
6765,-23.61922209,-46.7740466,taboao da serra,SP
6766,-23.62768559,-46.77825033,taboao da serra,SP
6767,-23.62154414,-46.78504019,taboao da serra,SP
6768,-23.60768984,-46.75281482,taboao da serra,SP
6770,-23.63689379,-46.78500505,taboao da serra,SP
6773,-23.64222989,-46.79178003,taboao da serra,SP
6774,-23.64217946,-46.80030935,taboao da serra,SP
6775,-23.63670376,-46.79412241,taboão da serra,SP
6780,-23.62319232,-46.791487,taboao da serra,SP
6783,-23.63068641,-46.78922367,taboao da serra,SP
6784,-23.63204067,-46.79080579,taboão da serra,SP
6785,-23.63646566,-46.80609915,taboao da serra,SP
6786,-23.62555617,-46.80788173,taboao da serra,SP
6787,-23.62370013,-46.80039549,taboao da serra,SP
6790,-23.61117567,-46.78672761,taboao da serra,SP
6793,-23.61068793,-46.76703346,taboao da serra,SP
6794,-23.61630738,-46.80721859,taboão da serra,SP
6795,-23.6130296,-46.79742956,taboao da serra,SP
6803,-23.64878073,-46.84902417,embu das artes,SP
6804,-23.64426304,-46.8508026,embu das artes,SP
6805,-23.63418886,-46.8505342,embu das artes,SP
6806,-23.63581668,-46.8386468,embu das artes,SP
6807,-23.62700495,-46.8231845,embu,SP
6810,-23.64710686,-46.80126865,embu das artes,SP
6813,-23.65134552,-46.80516613,embu das artes,SP
6814,-23.6600891,-46.81448131,embu das artes,SP
6815,-23.65280039,-46.81510103,embu das artes,SP
6816,-23.64474975,-46.82023828,embu das artes,SP
6817,-23.63424338,-46.82040508,embu das artes,SP
6818,-23.64204802,-46.83752624,embu das artes,SP
6820,-23.65941927,-46.7966693,embu das artes,SP
6823,-23.66987348,-46.80204321,embu das artes,SP
6824,-23.67636022,-46.80488805,embu das artes,SP
6825,-23.66729894,-46.81145624,embu das artes,SP
6826,-23.65863339,-46.80115069,embu das artes,SP
6830,-23.64700882,-46.84243363,embu das artes,SP
6833,-23.65683287,-46.84483877,embu das artes,SP
6835,-23.67670362,-46.85115221,embu das artes,SP
6840,-23.64957054,-46.86039683,embu das artes,SP
6843,-23.66699886,-46.86232584,embu,SP
6844,-23.66182745,-46.88083876,embu das artes,SP
6845,-23.64183277,-46.89430725,embu das artes,SP
6846,-23.6355405,-46.87252389,embu das artes,SP
6850,-23.70982601,-46.85147897,itapecerica da serra,SP
6851,-23.71800912,-46.85918099,itapecerica da serra,SP
6852,-23.70648923,-46.8589417,itapecerica da serra,SP
6853,-23.69082701,-46.85549014,itapecerica da serra,SP
6854,-23.69972041,-46.84820757,itapecerica da serra,SP
6855,-23.69512293,-46.82826995,itapecerica da serra,SP
6856,-23.69311269,-46.80604096,itapecerica da serra,SP
6857,-23.7047272,-46.79912967,itapecerica da serra,SP
6858,-23.70726967,-46.8254846,itapecerica da serra,SP
6859,-23.70971923,-46.83396857,itapecerica da serra,SP
6860,-23.72345867,-46.84055008,itapecerica da serra,SP
6861,-23.73077825,-46.81190229,itapecerica da serra,SP
6863,-23.72575507,-46.81778681,itapecerica da serra,SP
6864,-23.74420147,-46.8010003,itapecerica da serra,SP
6865,-23.74667364,-46.79414913,itapecerica da serra,SP
6866,-23.75506761,-46.80088327,itapecerica da serra,SP
6867,-23.75640655,-46.80987219,itapecerica da serra,SP
6868,-23.75972787,-46.82518278,itapecerica da serra,SP
6869,-23.74450747,-46.84674239,itapecerica da serra,SP
6870,-23.73077219,-46.87775702,itapecerica da serra,SP
6871,-23.72405549,-46.85665731,itapecerica da serra,SP
6872,-23.73339835,-46.85116849,itapecerica da serra,SP
6873,-23.75466119,-46.85680992,itapecerica da serra,SP
6874,-23.76254619,-46.84418179,itapecerica da serra,SP
6876,-23.75945584,-46.87909353,itapecerica da serra,SP
6877,-23.77645637,-46.9162475,itapecerica da serra,SP
6880,-23.77816614,-46.91872872,itapecerica da serra,SP
6881,-23.7443115,-46.91809949,itapecerica da serra,SP
6882,-23.74032384,-46.89787469,itapecerica da serra,SP
6885,-23.70834332,-46.87719979,itapecerica da serra,SP
6886,-23.71552843,-46.88848415,itapecerica da serra,SP
6887,-23.69184163,-46.88592958,itapecerica da serra,SP
6888,-23.68701222,-46.86351884,itapecerica da serra,SP
6890,-23.85572163,-46.94889711,são lourenço da serra,SP
6900,-23.83512683,-46.81408629,embu-guacu,SP
6950,-23.94187305,-47.0732001,juquitiba,SP
7010,-23.46766799,-46.52952854,guarulhos,SP
7011,-23.4684547,-46.53086935,guarulhos,SP
7012,-23.4718345,-46.53025944,guarulhos,SP
7013,-23.47198839,-46.52530159,guarulhos,SP
7020,-23.46961288,-46.53738261,guarulhos,SP
7021,-23.4730031,-46.5397319,guarulhos,SP
7022,-23.47455695,-46.53762332,guarulhos,SP
7023,-23.4775782,-46.54104309,guarulhos,SP
7024,-23.47891005,-46.53824148,guarulhos,SP
7025,-23.48284144,-46.54345372,guarulhos,SP
7030,-23.49570138,-46.54960267,guarulhos,SP
7031,-23.49371885,-46.54618856,guarulhos,SP
7032,-23.50389666,-46.55452415,guarulhos,SP
7033,-23.49922525,-46.55493137,guarulhos,SP
7034,-23.47714403,-46.52291381,guarulhos,SP
7040,-23.47538939,-46.54425066,guarulhos,SP
7041,-23.4832995,-46.55004827,guarulhos,SP
7042,-23.48275035,-46.55038015,guarulhos,SP
7043,-23.48497651,-46.55173502,guarulhos,SP
7044,-23.48160907,-46.5532825,guarulhos,SP
7050,-23.46272446,-46.55217909,guarulhos,SP
7051,-23.4679229,-46.55076312,guarulhos,SP
7052,-23.47264131,-46.55405162,guarulhos,SP
7053,-23.47604956,-46.55596001,guarulhos,SP
7054,-23.4661053,-46.55783694,guarulhos,SP
7055,-23.46743712,-46.56112639,guarulhos,SP
7056,-23.46029738,-46.56582664,guarulhos,SP
7060,-23.4553158,-46.54683774,guarulhos,SP
7061,-23.45463849,-46.55319902,guarulhos,SP
7062,-23.45995996,-46.55243585,guarulhos,SP
7063,-23.45716354,-46.55713536,guarulhos,SP
7064,-23.45131923,-46.5551981,guarulhos,SP
7070,-23.45197324,-46.55717168,guarulhos,SP
7071,-23.45350533,-46.56243078,guarulhos,SP
7072,-23.44677836,-46.55543052,guarulhos,SP
7073,-23.44717176,-46.56315687,guarulhos,SP
7074,-23.44990734,-46.56294918,guarulhos,SP
7075,-23.42547708,-46.5506359,guarulhos,SP
7076,-23.43187044,-46.56314326,guarulhos,SP
7077,-23.43615378,-46.55233201,guarulhos,SP
7080,-23.44493982,-46.5465812,guarulhos,SP
7081,-23.44346686,-46.55322071,guarulhos,SP
7082,-23.43653711,-46.54418095,guarulhos,SP
7083,-23.43761453,-46.55022385,guarulhos,SP
7084,-23.4294636,-46.54959011,guarulhos,SP
7085,-23.42772117,-46.54809395,guarulhos,SP
7087,-23.41893286,-46.52338758,guarulhos,SP
7090,-23.46806529,-46.53491517,guarulhos,SP
7091,-23.46417836,-46.53933533,guarulhos,SP
7092,-23.46348287,-46.54534968,guarulhos,SP
7093,-23.45789626,-46.54066339,guarulhos,SP
7094,-23.45332397,-46.53993397,guarulhos,SP
7095,-23.46106586,-46.53482605,guarulhos,SP
7096,-23.45129248,-46.53871046,guarulhos,SP
7097,-23.44565538,-46.54152485,guarulhos,SP
7110,-23.46722004,-46.52639447,guarulhos,SP
7111,-23.46488959,-46.52233784,guarulhos,SP
7112,-23.46870426,-46.51614189,guarulhos,SP
7113,-23.46361133,-46.51767658,guarulhos,SP
7114,-23.45443381,-46.52872504,guarulhos,SP
7115,-23.45076405,-46.53290453,guarulhos,SP
7120,-23.4549084,-46.52577154,guarulhos,SP
7121,-23.45111206,-46.52294114,guarulhos,SP
7122,-23.44874588,-46.51798844,guarulhos,SP
7123,-23.44488202,-46.52560802,guarulhos,SP
7124,-23.43363736,-46.53377282,guarulhos,SP
7130,-23.44249295,-46.52064044,guarulhos,SP
7131,-23.43361882,-46.52525031,guarulhos,SP
7132,-23.43480139,-46.51702544,guarulhos,SP
7133,-23.43671111,-46.51134032,guarulhos,SP
7134,-23.42829149,-46.51318936,guarulhos,SP
7135,-23.42555571,-46.52529156,guarulhos,SP
7140,-23.42996354,-46.49796973,guarulhos,SP
7141,-23.42874008,-46.50754215,guarulhos,SP
7142,-23.41453164,-46.49055876,guarulhos,SP
7143,-23.4224423,-46.50115628,guarulhos,SP
7144,-23.40919757,-46.51493233,guarulhos,SP
7145,-23.41462023,-46.49509272,guarulhos,SP
7150,-23.41780923,-46.46296643,guarulhos,SP
7151,-23.40944414,-46.45548826,guarulhos,SP
7152,-23.40507136,-46.47090014,guarulhos,SP
7153,-23.37812187,-46.44830563,guarulhos,SP
7154,-23.37433512,-46.44879013,guarulhos,SP
7155,-23.4162304,-46.46758542,guarulhos,SP
7156,-23.39453102,-46.45129032,guarulhos,SP
7159,-23.38246851,-46.40307062,guarulhos,SP
7160,-23.41063337,-46.4451636,guarulhos,SP
7161,-23.39824992,-46.43833844,guarulhos,SP
7162,-23.40521606,-46.44548271,guarulhos,SP
7170,-23.43186747,-46.43492309,guarulhos,SP
7171,-23.42187373,-46.43689021,guarulhos,SP
7172,-23.42132105,-46.43076901,guarulhos,SP
7173,-23.43080142,-46.42950679,guarulhos,SP
7174,-23.42494411,-46.42265742,guarulhos,SP
7175,-23.40918699,-46.40211119,guarulhos,SP
7176,-23.40962038,-46.38642616,guarulhos,SP
7177,-23.41982631,-46.39833472,guarulhos,SP
7178,-23.40069745,-46.39816504,guarulhos,SP
7179,-23.40404596,-46.41877432,guarulhos,SP
7180,-23.45226454,-46.47644073,guarulhos,SP
7181,-23.44412578,-46.46754051,guarulhos,SP
7182,-23.44266986,-46.46368171,guarulhos,SP
7183,-23.44053399,-46.46281463,guarulhos,SP
7184,-23.41769571,-46.39366632,guarulhos,SP
7190,-23.45732616,-46.4971501,guarulhos,SP
7191,-23.45718752,-46.50795526,guarulhos,SP
7192,-23.45220267,-46.50643552,guarulhos,SP
7193,-23.4472851,-46.50247826,guarulhos,SP
7194,-23.44289081,-46.50673903,guarulhos,SP
7195,-23.44779913,-46.51105061,guarulhos,SP
7196,-23.45410626,-46.51150347,guarulhos,SP
7197,-23.46026608,-46.51550518,guarulhos,SP
7210,-23.45542848,-46.43751493,guarulhos,SP
7215,-23.45971574,-46.4451987,guarulhos,SP
7220,-23.46996882,-46.46639616,guarulhos,SP
7221,-23.47120535,-46.47270968,guarulhos,SP
7222,-23.46453258,-46.47255767,guarulhos,SP
7223,-23.46240956,-46.47844701,guarulhos,SP
7224,-23.46586373,-46.48345219,guarulhos,SP
7230,-23.45480243,-46.456372,guarulhos,SP
7231,-23.45573521,-46.46413518,guarulhos,SP
7232,-23.46650324,-46.46347319,guarulhos,SP
7240,-23.44796349,-46.43878765,guarulhos,SP
7241,-23.44697738,-46.42668333,guarulhos,SP
7242,-23.43873668,-46.42261868,guarulhos,SP
7243,-23.43861739,-46.4128755,guarulhos,SP
7244,-23.44689834,-46.41352623,guarulhos,SP
7250,-23.42039505,-46.37496529,guarulhos,SP
7251,-23.43558003,-46.40226022,guarulhos,SP
7252,-23.44153163,-46.43001512,guarulhos,SP
7260,-23.45408312,-46.42752978,guarulhos,SP
7261,-23.446492,-46.40862649,guarulhos,SP
7262,-23.47564413,-46.39319578,guarulhos,SP
7263,-23.45808505,-46.41465096,guarulhos,SP
7270,-23.4620492,-46.42898807,guarulhos,SP
7271,-23.41197469,-46.45960565,guarulhos,SP
7272,-23.45986513,-46.4407863,guarulhos,SP
7273,-23.45784368,-46.42102618,guarulhos,SP
7283,-23.43931592,-46.46090001,guarulhos,SP
7400,-23.39622543,-46.3240756,aruja,SP
7401,-23.38913044,-46.32152217,aruja,SP
7402,-23.39633478,-46.3147057,aruja,SP
7403,-23.39256075,-46.31093863,aruja,SP
7404,-23.38957426,-46.29971003,aruja,SP
7405,-23.38876496,-46.30146422,aruja,SP
7407,-23.37784311,-46.31060995,arujá,SP
7411,-23.40515578,-46.34296701,aruja,SP
7413,-23.40804122,-46.36158513,arujá,SP
7414,-23.40630652,-46.36483793,arujá,SP
7417,-23.38380238,-46.32344343,aruja,SP
7422,-23.38862437,-46.35467718,arujá,SP
7424,-23.33062883,-46.30839426,aruja,SP
7428,-23.40702665,-46.32327743,arujá,SP
7429,-23.41397874,-46.32939312,arujá,SP
7431,-23.41941854,-46.35509013,aruja,SP
7432,-23.42010585,-46.3640469,aruja,SP
7434,-23.41588503,-46.32124751,aruja,SP
7435,-23.41598367,-46.31586371,arujá,SP
7436,-23.41480038,-46.30248199,arujá,SP
7437,-23.42524417,-46.29422825,aruja,SP
7438,-23.4066094,-46.2930512,aruja,SP
7439,-23.40004425,-46.28253821,aruja,SP
7440,-23.41594611,-46.28325389,arujá,SP
7443,-23.41840955,-46.30508808,aruja,SP
7500,-23.31832278,-46.22610698,santa isabel,SP
7600,-23.32972169,-46.59712216,mairipora,SP
7700,-23.36294511,-46.74096686,caieiras,SP
7703,-23.37223261,-46.75282436,caieiras,SP
7704,-23.37630526,-46.75069631,caieiras,SP
7705,-23.65961406,-46.4757847,mauá,SP
7712,-23.35553677,-46.74574703,caieiras,SP
7713,-23.35287277,-46.74820205,caieiras,SP
7714,-23.34799721,-46.75846893,caieiras,SP
7715,-23.34614685,-46.75190154,caieiras,SP
7716,-23.34306491,-46.74643711,caieiras,SP
7717,-23.33480311,-46.75257958,caieiras,SP
7718,-23.33753493,-46.75629218,caieiras,SP
7724,-23.35771609,-46.733237,caieiras,SP
7726,-23.37423274,-46.70236874,caieiras,SP
7727,-23.37365706,-46.67718315,caieiras,SP
7733,-23.40981376,-46.67378238,caieiras,SP
7734,-23.40362352,-46.6921063,caieiras,SP
7739,-23.39274116,-46.7136157,caieiras,SP
7740,-23.39126795,-46.71286809,caieiras,SP
7741,-23.39309158,-46.70895065,caieiras,SP
7743,-23.37736702,-46.70976945,caieiras,SP
7744,-23.39116944,-46.7161448,caieiras,SP
7745,-23.38132681,-46.71901421,caieiras,SP
7747,-23.39086481,-46.71850648,caieiras,SP
7748,-23.39147364,-46.7306867,caieiras,SP
7749,-23.38547671,-46.73865949,caieiras,SP
7750,-23.3739321,-46.86365414,cajamar,SP
7752,-23.36334323,-46.85510973,cajamar,SP
7753,-23.32978772,-46.9202464,cajamar,SP
7756,-23.38993747,-46.86314064,cajamar,SP
7760,-23.35934387,-46.8025743,jordanesia,SP
7764,-23.37668144,-46.92680492,cajamar,SP
7767,-23.33558604,-46.92622236,cajamar,SP
7768,-23.33531199,-46.91458588,cajamar,SP
7770,-23.41219566,-46.84342351,cajamar,SP
7776,-23.3403949,-46.84401919,cajamar,SP
7778,-23.36158076,-46.87233906,cajamar,SP
7781,-23.28552994,-46.87367059,cajamar,SP
7785,-23.33231787,-46.82919193,cajamar,SP
7786,-23.33496115,-46.83119095,cajamar,SP
7787,-23.34023461,-46.83013952,cajamar,SP
7788,-23.35221574,-46.8256991,cajamar,SP
7789,-23.36127424,-46.84780101,cajamar,SP
7790,-23.37087915,-46.84796833,cajamar,SP
7791,-23.40685796,-46.86115434,cajamar,SP
7792,-23.41218422,-46.84513526,cajamar,SP
7793,-23.41376398,-46.82992271,cajamar,SP
7794,-23.41736793,-46.8255016,cajamar,SP
7801,-23.32193164,-46.72578441,franco da rocha,SP
7802,-23.32639398,-46.72867071,franco da rocha,SP
7803,-23.33110483,-46.73224645,franco da rocha,SP
7804,-23.32520158,-46.73412333,franco da rocha,SP
7807,-23.32080313,-46.73305293,franco da rocha,SP
7808,-23.32009708,-46.73897789,franco da rocha,SP
7809,-23.32445428,-46.7472336,franco da rocha,SP
7810,-23.32299073,-46.76358128,franco da rocha,SP
7811,-23.31538616,-46.77828873,franco da rocha,SP
7812,-22.90682845,-47.01223158,franco da rocha,SP
7813,-23.31915885,-46.72429038,franco da rocha,SP
7830,-23.30263088,-46.75689133,franco da rocha,SP
7832,-23.00024213,-46.83488749,franco da rocha,SP
7835,-23.30846878,-46.74357336,franco da rocha,SP
7836,-23.3039173,-46.74125793,franco da rocha,SP
7840,-23.31577308,-46.73140586,franco da rocha,SP
7841,-23.31562455,-46.7374766,franco da rocha,SP
7842,-23.32063377,-46.72068791,franco da rocha,SP
7844,-23.30505093,-46.7339045,franco da rocha,SP
7845,-23.30777292,-46.73006998,franco da rocha,SP
7846,-23.31059655,-46.72864715,franco da rocha,SP
7847,-23.31333627,-46.72489918,franco da rocha,SP
7849,-23.31800217,-46.726292,franco da rocha,SP
7850,-23.33177705,-46.72469723,franco da rocha,SP
7851,-23.32849395,-46.72231596,franco da rocha,SP
7852,-23.32531246,-46.71968378,franco da rocha,SP
7853,-23.32283298,-46.71359682,franco da rocha,SP
7854,-23.32358569,-46.70761996,franco da rocha,SP
7855,-23.32536296,-46.70401464,franco da rocha,SP
7856,-23.32337559,-46.70078962,franco da rocha,SP
7857,-23.32978886,-46.71177816,franco da rocha,SP
7858,-23.32857616,-46.71047345,franco da rocha,SP
7859,-23.32912759,-46.71593725,franco da rocha,SP
7860,-23.31968627,-46.71857922,franco da rocha,SP
7861,-23.31604732,-46.71445659,franco da rocha,SP
7862,-23.31899427,-46.71024292,franco da rocha,SP
7863,-23.31368084,-46.69423587,franco da rocha,SP
7865,-23.30580727,-46.72239358,franco da rocha,SP
7866,-23.30003661,-46.70953772,franco da rocha,SP
7867,-23.3147387,-46.77655867,franco da rocha,SP
7868,-23.303133,-46.743399,franco da rocha,SP
7901,-23.28284337,-46.74615015,francisco morato,SP
7902,-23.29073706,-46.74260782,francisco morato,SP
7903,-23.29503551,-46.74025944,francisco morato,SP
7904,-23.29672502,-46.73692071,francisco morato,SP
7905,-23.28955483,-46.76289362,francisco morato,SP
7906,-23.29830354,-46.74524728,francisco morato,SP
7907,-23.29692374,-46.74829797,francisco morato,SP
7908,-23.2903188,-46.75001383,francisco morato,SP
7909,-23.28962398,-46.74469575,francisco morato,SP
7910,-23.27882714,-46.7458889,francisco morato,SP
7911,-23.2840317,-46.75177776,francisco morato,SP
7912,-23.29032399,-46.75564485,francisco morato,SP
7913,-23.28855393,-46.7618575,francisco morato,SP
7914,-23.28136827,-46.75298022,francisco morato,SP
7915,-23.27653328,-46.74148359,francisco morato,SP
7916,-23.27735577,-46.75796749,francisco morato,SP
7917,-23.27632605,-46.75087073,francisco morato,SP
7919,-23.26434449,-46.73314553,francisco morato,SP
7920,-23.2715518,-46.7483136,francisco morato,SP
7921,-23.27257383,-46.76077311,francisco morato,SP
7929,-23.26311574,-46.75501301,francisco morato,SP
7930,-23.25912573,-46.75025587,francisco morato,SP
7934,-23.28444633,-46.75072476,francisco morato,SP
7935,-23.25957365,-46.74083141,francisco morato,SP
7936,-23.26180123,-46.742948,francisco morato,SP
7940,-23.2699656,-46.74761554,francisco morato,SP
7941,-23.26875591,-46.74454084,francisco morato,SP
7942,-23.27563241,-46.73833815,francisco morato,SP
7943,-23.26646859,-46.73989524,francisco morato,SP
7944,-23.2655655,-46.73174583,francisco morato,SP
7945,-23.26386756,-46.73123525,francisco morato,SP
7946,-23.27758891,-46.73788171,francisco morato,SP
7950,-23.27301593,-46.74605933,francisco morato,SP
7951,-23.27269245,-46.7325497,francisco morato,SP
7952,-23.27319845,-46.72809763,francisco morato,SP
7953,-23.26519421,-46.72600912,francisco morato,SP
7955,-23.26423044,-46.72085686,francisco morato,SP
7956,-23.27805608,-46.7317007,francisco morato,SP
7957,-23.26974701,-46.73249284,francisco morato,SP
7980,-23.27710026,-46.74644744,francisco morato,SP
7985,-23.28488399,-46.70413982,francisco morato,SP
7986,-23.28927648,-46.70007881,francisco morato,SP
7987,-23.28867216,-46.70717705,francisco morato,SP
7988,-23.279315,-46.74185832,francisco morato,SP
7989,-23.29753199,-46.71472335,francisco morato,SP
7990,-23.27923043,-46.74017387,francisco morato,SP
7991,-23.28371951,-46.73943521,francisco morato,SP
7992,-23.2866877,-46.73447758,francisco morato,SP
7995,-23.29555501,-46.72951836,francisco morato,SP
7996,-23.29842585,-46.72536101,francisco morato,SP
7997,-23.2716351,-46.73565001,francisco morato,SP
7998,-23.29325904,-46.73335939,francisco morato,SP
8010,-23.49422264,-46.43826236,são paulo,SP
8011,-23.49536204,-46.44672815,são paulo,SP
8020,-23.5047385,-46.44151199,sao paulo,SP
8021,-23.50014237,-46.43458555,sao paulo,SP
8022,-23.49374057,-46.42522895,sao paulo,SP
8030,-23.50320576,-46.42228421,sao paulo,SP
8031,-23.51135308,-46.4239485,sao paulo,SP
8032,-23.51748679,-46.42678745,sao paulo,SP
8040,-23.50811903,-46.44889653,sao paulo,SP
8041,-23.51528266,-46.44075604,são paulo,SP
8042,-23.50813619,-46.43403281,sao paulo,SP
8050,-23.51121324,-46.45884468,sao paulo,SP
8051,-23.51307754,-46.467989,sao paulo,SP
8060,-23.50229871,-46.45241159,sao paulo,SP
8061,-23.5027573,-46.46469828,sao paulo,SP
8062,-23.51031736,-46.47319235,sao paulo,SP
8070,-23.4960352,-46.46166832,sao paulo,SP
8071,-23.49052938,-46.44991608,sao paulo,SP
8072,-23.51151156,-46.4842937,sao paulo,SP
8080,-23.48742212,-46.43002786,sao paulo,SP
8081,-23.48588989,-46.41934661,sao paulo,SP
8090,-23.47965941,-46.4333464,sao paulo,SP
8110,-23.49831804,-46.39952755,sao paulo,SP
8111,-23.49195469,-46.38006397,sao paulo,SP
8115,-23.49045622,-46.38980877,sao paulo,SP
8120,-23.50321955,-46.39614128,sao paulo,SP
8121,-23.5021338,-46.38412894,sao paulo,SP
8122,-23.49634686,-46.37943319,sao paulo,SP
8130,-23.50688331,-46.37398251,sao paulo,SP
8131,-23.50314417,-46.37623971,sao paulo,SP
8132,-23.50992907,-46.37587149,sao paulo,SP
8140,-23.51120389,-46.39933343,sao paulo,SP
8141,-23.51448657,-46.39218022,sao paulo,SP
8142,-23.51874484,-46.39134658,sao paulo,SP
8143,-23.51693359,-46.46491137,sao paulo,SP
8150,-23.51863525,-46.41380665,são paulo,SP
8151,-23.51833181,-46.40367375,sao paulo,SP
8152,-23.51278444,-46.40688129,sao paulo,SP
8160,-23.50440435,-46.41014655,são paulo,SP
8161,-23.50335558,-46.41384655,sao paulo,SP
8180,-23.4926997,-46.42102613,sao paulo,SP
8190,-23.48777583,-46.39398453,sao paulo,SP
8191,-23.48085301,-46.3830583,sao paulo,SP
8210,-23.53699921,-46.44959406,sao paulo,SP
8215,-23.53983233,-46.4447987,sao paulo,SP
8220,-23.53741032,-46.46658307,sao paulo,SP
8223,-23.52685922,-46.47107206,sao paulo,SP
8225,-23.52981908,-46.46178304,sao paulo,SP
8226,-23.55225668,-46.53486171,sao paulo,SP
8230,-23.52314469,-46.45294986,sao paulo,SP
8233,-23.52581606,-46.47272284,sao paulo,SP
8235,-23.5215446,-46.46654686,sao paulo,SP
8240,-23.52359061,-46.4435274,sao paulo,SP
8241,-23.51927987,-46.43653925,sao paulo,SP
8245,-23.51893566,-46.4460729,são paulo,SP
8246,-23.53118557,-46.43800717,são paulo,SP
8247,-23.5348018,-46.4338917,sao paulo,SP
8248,-23.52947075,-46.43362191,sao paulo,SP
8250,-23.53994436,-46.43981619,sao paulo,SP
8253,-23.54913614,-46.43942598,sao paulo,SP
8255,-23.55058562,-46.43584991,sao paulo,SP
8257,-23.55346654,-46.42832234,sao paulo,SP
8260,-23.56585512,-46.43493844,sao paulo,SP
8265,-23.58033674,-46.45284045,sao paulo,SP
8270,-23.5611859,-46.46130081,sao paulo,SP
8275,-23.57127587,-46.47939672,sao paulo,SP
8280,-23.56118966,-46.47448584,sao paulo,SP
8285,-23.55325636,-46.47265844,sao paulo,SP
8290,-23.55364178,-46.45266129,sao paulo,SP
8295,-23.54803517,-46.4592981,sao paulo,SP
8310,-23.62894207,-46.46721677,sao paulo,SP
8311,-23.63116394,-46.46582252,são paulo,SP
8320,-23.62705222,-46.47316241,sao paulo,SP
8321,-23.60517912,-46.48896952,sao paulo,SP
8330,-23.61384384,-46.46727523,sao paulo,SP
8331,-23.60972199,-46.4691675,sao paulo,SP
8340,-23.61010744,-46.46009484,sao paulo,SP
8341,-23.60107095,-46.45358438,sao paulo,SP
8343,-23.60612744,-46.44684713,sao paulo,SP
8344,-23.60987131,-46.44916843,sao paulo,SP
8345,-23.61014248,-46.44412739,são paulo,SP
8346,-23.55654142,-46.67832395,são paulo,SP
8347,-23.52033608,-46.57789056,sao paulo,SP
8370,-23.60856705,-46.46347699,sao paulo,SP
8371,-23.59668322,-46.43126801,sao paulo,SP
8372,-23.60212253,-46.4366716,sao paulo,SP
8373,-23.48244388,-46.64685125,sao paulo,SP
8375,-23.60060975,-46.4632321,sao paulo,SP
8380,-23.59886114,-46.44038224,sao paulo,SP
8381,-23.60799171,-46.4307496,sao paulo,SP
8382,-23.61469181,-46.43312243,sao paulo,SP
8383,-23.56114794,-46.51480533,sao paulo,SP
8390,-23.62711047,-46.46694882,sao paulo,SP
8391,-23.59314079,-46.55624664,são paulo,SP
8395,-23.62246615,-46.45615321,são paulo,SP
8404,-23.5296774,-46.40945968,sao paulo,SP
8410,-23.54890998,-46.42292496,são paulo,SP
8411,-23.55384247,-46.41230836,sao paulo,SP
8412,-23.55234512,-46.40794079,sao paulo,SP
8420,-23.5449326,-46.42885774,sao paulo,SP
8421,-23.55922579,-46.42863534,sao paulo,SP
8430,-23.52689509,-46.42391119,são paulo,SP
8431,-23.53339342,-46.41751608,sao paulo,SP
8440,-23.53354304,-46.41041784,sao paulo,SP
8441,-23.5348971,-46.41222141,sao paulo,SP
8450,-23.54399915,-46.40018673,sao paulo,SP
8451,-23.53931176,-46.40046989,sao paulo,SP
8452,-23.53206807,-46.39737526,sao paulo,SP
8460,-23.55281916,-46.40191167,sao paulo,SP
8461,-23.55983715,-46.40422992,sao paulo,SP
8465,-23.56599294,-46.3982278,sao paulo,SP
8466,-23.54139785,-46.51534481,sao paulo,SP
8470,-23.59063677,-46.40544554,são paulo,SP
8471,-23.60288916,-46.40002928,sao paulo,SP
8472,-23.57111449,-46.40364794,sao paulo,SP
8473,-23.58364089,-46.41564708,sao paulo,SP
8474,-23.59482948,-46.41266146,sao paulo,SP
8475,-23.58854809,-46.39957872,sao paulo,SP
8485,-23.58995508,-46.41220587,sao paulo,SP
8490,-23.57310086,-46.41539588,sao paulo,SP
8500,-23.54481488,-46.36585649,ferraz de vasconcelos,SP
8501,-23.54164754,-46.36097153,ferraz de vasconcelos,SP
8502,-23.53947677,-46.35846761,ferraz de vasconcelos,SP
8503,-23.54853848,-46.36050899,ferraz de vasconcelos,SP
8504,-23.55566327,-46.36048638,ferraz de vasconcelos,SP
8505,-23.55243227,-46.36665959,ferraz de vasconcelos,SP
8506,-23.55903503,-46.3703963,ferraz de vasconcelos,SP
8507,-23.56114128,-46.36751458,ferraz de vasconcelos,SP
8508,-23.56386843,-46.36943596,ferraz de vasconcelos,SP
8509,-23.56801226,-46.35975827,ferraz de vasconcelos,SP
8510,-23.56002926,-46.35983344,ferraz de vasconcelos,SP
8513,-23.57657957,-46.3652772,ferraz de vasconcelos,SP
8514,-23.5680804,-46.3672293,ferraz de vasconcelos,SP
8515,-23.57729927,-46.37411021,ferraz de vasconcelos,SP
8517,-23.56892589,-46.37242831,ferraz de vasconcelos,SP
8525,-23.55832643,-46.38847769,ferraz de vasconcelos,SP
8526,-23.55651224,-46.38300847,ferraz de vasconcelos,SP
8527,-23.5536941,-46.37892772,ferraz de vasconcelos,SP
8528,-23.5540801,-46.37439776,ferraz de vasconcelos,SP
8529,-23.54759131,-46.37287447,ferraz de vasconcelos,SP
8530,-23.53525,-46.37106034,ferraz de vasconcelos,SP
8531,-23.5398956,-46.37243377,ferraz de vasconcelos,SP
8532,-23.53889764,-46.37795208,ferraz de vasconcelos,SP
8533,-23.54570429,-46.37913213,ferraz de vasconcelos,SP
8534,-23.55028267,-46.38612704,ferraz de vasconcelos,SP
8535,-23.55265858,-46.38934441,ferraz de vasconcelos,SP
8536,-23.54128678,-46.38542535,ferraz de vasconcelos,SP
8537,-23.5329793,-46.39197732,ferraz de vasconcelos,SP
8538,-23.53099112,-46.3899214,ferraz de vasconcelos,SP
8539,-23.53622365,-46.37575795,ferraz de vasconcelos,SP
8540,-23.52133313,-46.38149252,ferraz de vasconcelos,SP
8541,-23.52039187,-46.37405087,ferraz de vasconcelos,SP
8542,-23.51684794,-46.37096291,ferraz de vasconcelos,SP
8543,-23.52477764,-46.37378298,ferraz de vasconcelos,SP
8544,-23.53174395,-46.36315037,ferraz de vasconcelos,SP
8545,-23.53208265,-46.37039657,ferraz de vasconcelos,SP
8550,-23.52194421,-46.34087493,poá,SP
8551,-23.52231969,-46.34861658,poa,SP
8552,-23.52838218,-46.3537887,poá,SP
8553,-23.52246678,-46.36355505,poa,SP
8554,-23.51481711,-46.36083963,poá,SP
8555,-23.510491,-46.35347292,poa,SP
8556,-23.51477568,-46.34803877,poa,SP
8557,-23.51273727,-46.34231544,poá,SP
8558,-23.50883339,-46.33532284,poa,SP
8559,-23.51748518,-46.33579578,poa,SP
8560,-23.53080075,-46.33535643,poa,SP
8561,-23.5282,-46.3403541,poa,SP
8562,-23.53182541,-46.34493306,poa,SP
8563,-23.53344362,-46.35002399,poá,SP
8564,-23.53877847,-46.35194722,poa,SP
8565,-23.54055478,-46.342087,poa,SP
8566,-23.54522218,-46.34714098,poa,SP
8567,-23.54919035,-46.35222983,poa,SP
8568,-23.5550999,-46.34688798,poa,SP
8570,-23.47556021,-46.35496714,itaquaquecetuba,SP
8571,-23.48424561,-46.33718618,itaquaquecetuba,SP
8572,-23.49682777,-46.34181523,itaquaquecetuba,SP
8573,-23.49208199,-46.34993693,itaquaquecetuba,SP
8574,-23.50243054,-46.35358869,itaquaquecetuba,SP
8575,-23.49889643,-46.35834168,itaquaquecetuba,SP
8576,-23.48898399,-46.3573812,itaquaquecetuba,SP
8577,-23.48611145,-46.36672077,itaquaquecetuba,SP
8578,-23.469205,-46.38254469,itaquaquecetuba,SP
8579,-23.46171346,-46.37583472,itaquaquecetuba,SP
8580,-23.45138382,-46.34347817,itaquaquecetuba,SP
8581,-23.45764304,-46.35420112,itaquaquecetuba,SP
8582,-23.44996208,-46.35913786,itaquaquecetuba,SP
8583,-23.44510437,-46.37446966,itaquaquecetuba,SP
8584,-23.42758013,-46.34656243,itaquaquecetuba,SP
8585,-23.48885833,-46.3545137,itaquaquecetuba,SP
8586,-23.44042971,-46.33593612,itaquaquecetuba,SP
8587,-23.43103069,-46.31623837,itaquaquecetuba,SP
8588,-23.43895779,-46.31928138,itaquaquecetuba,SP
8589,-23.43916869,-46.30216186,itaquaquecetuba,SP
8590,-23.43910417,-46.27674999,itaquaquecetuba,SP
8591,-23.4528745,-46.3070568,itaquaquecetuba,SP
8592,-23.46887384,-46.2914824,itaquaquecetuba,SP
8593,-23.47447986,-46.3064708,itaquaquecetuba,SP
8594,-23.48736938,-46.30162215,itaquaquecetuba,SP
8595,-23.46785191,-46.30348635,itaquaquecetuba,SP
8596,-23.48123768,-46.31574187,itaquaquecetuba,SP
8597,-23.46008572,-46.32066987,itaquaquecetuba,SP
8598,-23.46698849,-46.32528745,itaquaquecetuba,SP
8599,-23.46535113,-46.33959705,itaquaquecetuba,SP
8610,-23.54156447,-46.30014586,suzano,SP
8613,-23.54096128,-46.28675991,suzano,SP
8615,-23.54781734,-46.29562373,suzano,SP
8616,-23.55716713,-46.29273877,suzano,SP
8620,-23.63404909,-46.29490119,suzano,SP
8621,-23.53338954,-46.2981932,suzano,SP
8625,-23.64354298,-46.31309904,suzano,SP
8630,-23.64668858,-46.32689398,suzano,SP
8633,-23.64359313,-46.31199387,suzano,SP
8635,-23.66902206,-46.33321757,suzano,SP
8640,-23.62252577,-46.32595624,suzano,SP
8650,-23.57462052,-46.32362666,suzano,SP
8653,-23.61517457,-46.31869442,suzano,SP
8655,-23.59381274,-46.3056857,suzano,SP
8656,-23.59313407,-46.30550308,suzano,SP
8660,-23.55921882,-46.33632147,suzano,SP
8663,-23.56837875,-46.33354384,suzano,SP
8664,-23.55787694,-46.32636818,suzano,SP
8665,-23.55913908,-46.31339528,suzano,SP
8666,-23.57481637,-46.30777222,suzano,SP
8670,-23.53830862,-46.33042654,suzano,SP
8671,-23.54463979,-46.3269458,suzano,SP
8673,-23.54053903,-46.31794954,suzano,SP
8674,-23.54328354,-46.31303021,suzano,SP
8675,-23.55172985,-46.31341604,suzano,SP
8676,-23.55392749,-46.3069105,suzano,SP
8680,-23.52829598,-46.32041331,suzano,SP
8683,-23.5282333,-46.31095415,suzano,SP
8685,-23.52343886,-46.30496566,suzano,SP
8686,-23.53468583,-46.28739485,suzano,SP
8689,-23.52886814,-46.31457858,suzano,SP
8690,-23.49809916,-46.31595583,suzano,SP
8692,-23.50097957,-46.3216638,suzano,SP
8693,-23.50231885,-46.30528242,suzano,SP
8694,-23.51119226,-46.29582111,suzano,SP
8695,-23.49470229,-46.279698,suzano,SP
8696,-23.50996887,-46.29020665,suzano,SP
8710,-23.52284009,-46.19554584,mogi das cruzes,SP
8715,-23.52597,-46.18844218,mogi das cruzes,SP
8717,-23.53978485,-46.19090421,mogi das cruzes,SP
8720,-23.54050314,-46.17951599,mogi das cruzes,SP
8725,-23.55415126,-46.18437948,mogi das cruzes,SP
8726,-23.55920252,-46.18058408,mogi das cruzes,SP
8727,-23.56645498,-46.18671637,mogi das cruzes,SP
8730,-23.53567115,-46.20113833,mogi das cruzes,SP
8735,-23.53437161,-46.21285332,mogi das cruzes,SP
8737,-23.54149416,-46.20512736,mogi das cruzes,SP
8738,-23.55224146,-46.2007652,mogi das cruzes,SP
8740,-23.54285387,-46.21574595,mogi das cruzes,SP
8742,-23.54958193,-46.21381465,mogi das cruzes,SP
8743,-23.55540958,-46.21813225,mogi das cruzes,SP
8744,-23.54762346,-46.22699201,mogi das cruzes,SP
8745,-23.54727096,-46.23366962,mogi das cruzes,SP
8746,-23.55307326,-46.20220502,mogi das cruzes,SP
8747,-23.55820369,-46.20979882,mogi das cruzes,SP
8750,-23.54851466,-46.25089584,mogi das cruzes,SP
8751,-23.67605993,-46.23240125,mogi das cruzes,SP
8752,-23.5433946,-46.26208568,mogi das cruzes,SP
8753,-23.59973446,-46.24425352,mogi das cruzes,SP
8755,-23.55758157,-46.17505215,mogi das cruzes,SP
8760,-23.56169633,-46.22145309,mogi das cruzes,SP
8761,-23.56124502,-46.21910651,mogi das cruzes,SP
8762,-23.5728564,-46.22173824,mogi das cruzes,SP
8763,-23.57201202,-46.21914802,mogi das cruzes,SP
8765,-23.67266388,-46.18331315,mogi das cruzes,SP
8766,-23.52664012,-46.20000364,mogi das cruzes,SP
8767,-23.63878239,-46.12266802,mogi das cruzes,SP
8770,-23.51645222,-46.20602049,mogi das cruzes,SP
8771,-23.46369116,-46.15286255,mogi das cruzes,SP
8772,-23.47972043,-46.28060347,mogi das cruzes,SP
8773,-23.51361163,-46.18967506,mogi das cruzes,SP
8774,-23.47243171,-46.27637914,mogi das cruzes,SP
8775,-23.4997023,-46.18523296,mogi das cruzes,SP
8779,-23.35879729,-46.15837919,mogi das cruzes,SP
8780,-23.52021389,-46.17732269,mogi das cruzes,SP
8790,-23.52892823,-46.17165149,mogi das cruzes,SP
8793,-23.54087298,-46.16428992,mogi das cruzes,SP
8795,-23.5320023,-46.17979629,mogi das cruzes,SP
8810,-23.50150145,-46.15067016,mogi das cruzes,SP
8820,-23.50893895,-46.15005922,mogi das cruzes,SP
8830,-23.51562982,-46.14111217,mogi das cruzes,SP
8831,-23.55771452,-46.17962971,mogi das cruzes,SP
8832,-23.51691365,-46.10417246,mogi das cruzes,SP
8833,-23.52190594,-46.16167841,mogi das cruzes,SP
8840,-23.4821775,-46.13804884,mogi das cruzes,SP
8850,-23.48429119,-46.08949685,mogi das cruzes,SP
8880,-23.51997595,-46.18756608,mogi das cruzes,SP
8900,-23.40491554,-46.04306997,guararema,SP
8940,-23.57450108,-46.04031557,biritiba-mirim,SP
8970,-23.53145448,-45.84898375,salesopolis,SP
9010,-23.6594832,-46.52508764,santo andre,SP
9015,-23.65936364,-46.52318334,santo andre,SP
9020,-23.66182986,-46.52693518,santo andre,SP
9030,-23.66886812,-46.52652032,santo andré,SP
9040,-23.6638427,-46.53296352,santo andre,SP
9041,-23.66344269,-46.53860706,santo andre,SP
9050,-23.67416146,-46.54521714,santo andré,SP
9051,-23.67847318,-46.55118176,santo andre,SP
9060,-23.66553552,-46.54911497,santo andre,SP
9061,-23.65051918,-46.55912992,santo andré,SP
9070,-23.64365537,-46.54636839,santo andre,SP
9071,-23.65218191,-46.54881382,santo andre,SP
9080,-23.6404436,-46.54174227,santo andre,SP
9090,-23.6522509,-46.53834445,santo andre,SP
9091,-23.65810362,-46.54589014,santo andre,SP
9110,-23.67141032,-46.50607464,santo andre,SP
9111,-23.67120903,-46.4911673,santo andre,SP
9112,-23.66800556,-46.49203855,santo andre,SP
9120,-23.6787285,-46.49606224,santo andre,SP
9121,-23.68151425,-46.50092181,santo andre,SP
9124,-23.73683378,-46.47911796,santo andre,SP
9130,-23.68944463,-46.50501035,santo andré,SP
9131,-23.69492255,-46.49711831,santo andre,SP
9132,-23.70376348,-46.50175227,santo andre,SP
9133,-23.7394525,-46.49161359,santo andre,SP
9134,-23.73137493,-46.47892574,santo andre,SP
9139,-23.70251483,-46.52185804,santo andre,SP
9150,-23.77793276,-46.30307188,santo andre,SP
9160,-23.76455876,-46.46344603,santo andre,SP
9161,-23.7665659,-46.45937452,santo andré,SP
9163,-23.76294585,-46.4733611,santo andré,SP
9169,-23.71190178,-46.5152255,santo andre,SP
9170,-23.70854497,-46.50888811,santo andré,SP
9171,-23.70019769,-46.51312842,santo andre,SP
9172,-23.69358858,-46.51272566,santo andre,SP
9175,-23.68635904,-46.51707803,santo andre,SP
9176,-23.67894522,-46.51840164,santo andre,SP
9180,-23.69339319,-46.52318442,santo andre,SP
9181,-23.68327211,-46.52523303,santo andre,SP
9182,-23.69739634,-46.53032152,santo andré,SP
9185,-23.68294124,-46.53548744,santo andre,SP
9190,-23.67391548,-46.53815742,santo andré,SP
9195,-23.67636973,-46.51462733,santo andre,SP
9210,-23.63738185,-46.52809788,santo andre,SP
9220,-23.6222879,-46.53690087,santo andré,SP
9230,-23.62057801,-46.52740979,santo andre,SP
9238,-23.66400268,-46.52309421,santo andre,SP
9240,-23.62948705,-46.52414775,santo andre,SP
9241,-23.63265933,-46.51930571,santo andre,SP
9250,-23.62408575,-46.51490585,santo andré,SP
9251,-23.630386,-46.50749026,santo andre,SP
9260,-23.63107584,-46.4964323,santo andre,SP
9270,-23.64056372,-46.49443184,santo andre,SP
9271,-23.64186079,-46.50072807,santo andre,SP
9272,-23.65305068,-46.51319934,santo andre,SP
9273,-23.65525915,-46.50267714,santo andré,SP
9274,-23.65660447,-46.49759384,santo andré,SP
9280,-23.64014378,-46.51615948,santo andre,SP
9290,-23.65236127,-46.50789694,santo andre,SP
9291,-23.64510057,-46.51920051,santo andre,SP
9310,-23.67034846,-46.45122585,maua,SP
9311,-23.67804544,-46.450203,maua,SP
9312,-23.6700192,-46.44507527,maua,SP
9320,-23.66003087,-46.44151149,mauá,SP
9321,-23.64873019,-46.43630674,maua,SP
9330,-23.6622985,-46.42169512,maua,SP
9331,-23.67314927,-46.41985502,maua,SP
9332,-23.65693659,-46.41797406,maua,SP
9333,-23.64871872,-46.41773262,mauá,SP
9334,-23.66768512,-46.40768678,maua,SP
9335,-23.66487156,-46.4167714,maua,SP
9336,-23.66321256,-46.41528666,maua,SP
9340,-23.67140672,-46.43026745,maua,SP
9341,-23.67360773,-46.42031225,maua,SP
9350,-23.68072925,-46.44423827,maua,SP
9351,-23.6840338,-46.43879046,maua,SP
9360,-23.68491493,-46.45695782,mauá,SP
9361,-23.69637562,-46.45579295,maua,SP
9370,-23.67857502,-46.46508388,mauá,SP
9371,-23.66987296,-46.47621306,maua,SP
9372,-23.6951116,-46.46557349,maua,SP
9380,-23.641736,-46.47864502,maua,SP
9381,-23.65890826,-46.46546354,maua,SP
9389,-23.63032246,-46.47923058,maua,SP
9390,-23.65419503,-46.45365382,maua,SP
9391,-23.6508519,-46.44685784,maua,SP
9400,-23.71185145,-46.4124415,ribeirão pires,SP
9401,-23.7044766,-46.40983374,ribeirao pires,SP
9402,-23.70375212,-46.41623674,ribeirão pires,SP
9403,-23.69317099,-46.43698542,ribeirao pires,SP
9404,-23.6846728,-46.4151996,ribeirao pires,SP
9405,-23.70076577,-46.40433331,ribeirao pires,SP
9406,-23.71082896,-46.40052292,ribeirão pires,SP
9407,-23.70327693,-46.3886119,ribeirao pires,SP
9410,-23.71082894,-46.39051887,ribeirao pires,SP
9411,-23.71890787,-46.39471606,ribeirão pires,SP
9412,-23.73270717,-46.41791649,ribeirao pires,SP
9413,-23.73952282,-46.43177634,ribeirao pires,SP
9414,-23.74739673,-46.43678877,ribeirao pires,SP
9415,-23.7550185,-46.44185735,ribeirao pires,SP
9416,-23.73885547,-46.44714097,ribeirao pires,SP
9420,-23.71922333,-46.4132078,ribeirão pires,SP
9421,-23.72197249,-46.41999096,ribeirao pires,SP
9422,-23.71863252,-46.42150733,ribeirao pires,SP
9423,-23.72028285,-46.42575855,ribeirao pires,SP
9424,-23.71427472,-46.41873449,ribeirao pires,SP
9425,-23.70941272,-46.42795375,ribeirao pires,SP
9426,-23.69812556,-46.42789186,ribeirao pires,SP
9430,-23.70035496,-46.39675246,ribeirao pires,SP
9431,-23.69143032,-46.38223846,ribeirao pires,SP
9432,-23.68731983,-46.39328579,ribeirão pires,SP
9433,-23.66781741,-46.38520028,ribeirao pires,SP
9434,-23.66004152,-46.37294107,ribeirao pires,SP
9435,-23.65373257,-46.364913,ribeirao pires,SP
9436,-23.6513172,-46.3668236,ribeirao pires,SP
9440,-23.68981665,-46.37124574,ribeirão pires,SP
9441,-23.68376573,-46.37555751,ribeirao pires,SP
9442,-23.67843206,-46.35635751,ribeirão pires,SP
9443,-23.68064495,-46.34951521,ribeirao pires,SP
9444,-23.69444409,-46.34326575,ribeirao pires,SP
9445,-23.7005856,-46.3622641,ribeirão pires,SP
9450,-23.74562489,-46.39462034,rio grande da serra,SP
9510,-23.61565576,-46.57186008,são caetano do sul,SP
9520,-23.60850634,-46.57128158,sao caetano do sul,SP
9521,-23.61318101,-46.57287321,sao caetano do sul,SP
9530,-23.62154289,-46.57510268,sao caetano do sul,SP
9531,-23.61999669,-46.57089994,sao caetano do sul,SP
9540,-23.62496842,-46.56619436,sao caetano do sul,SP
9541,-23.62020569,-46.56414467,sao caetano do sul,SP
9550,-23.6174243,-46.55188178,sao caetano do sul,SP
9551,-23.62345398,-46.55303956,sao caetano do sul,SP
9560,-23.63264241,-46.55438133,sao caetano do sul,SP
9561,-23.6390147,-46.55693758,sao caetano do sul,SP
9570,-23.63274492,-46.56543098,sao caetano do sul,SP
9571,-23.63490256,-46.56483734,são caetano do sul,SP
9572,-23.64244127,-46.56083127,sao caetano do sul,SP
9580,-23.64277022,-46.5720801,sao caetano do sul,SP
9581,-23.6352917,-46.57828849,sao caetano do sul,SP
9600,-23.67222543,-46.55577577,sao bernardo do campo,SP
9601,-23.67157299,-46.55939447,sao bernardo do campo,SP
9602,-23.66197746,-46.56459334,sao bernardo do campo,SP
9603,-23.66210272,-46.56452844,sao bernardo do campo,SP
9604,-23.65699421,-46.56881414,sao bernardo do campo,SP
9605,-23.65896623,-46.56735459,são bernardo do campo,SP
9606,-23.67580783,-46.56182637,sao bernardo do campo,SP
9607,-23.67355235,-46.56139693,sao bernardo do campo,SP
9608,-23.67485049,-46.56592375,sao bernardo do campo,SP
9609,-23.66785056,-46.56897786,sao bernardo do campo,SP
9610,-23.66734829,-46.56828104,sao bernardo do campo,SP
9611,-23.66209575,-46.57029866,sao bernardo do campo,SP
9612,-23.65782415,-46.57140691,sao bernardo do campo,SP
9613,-23.67091472,-46.56513513,sao bernardo do campo,SP
9614,-23.66958081,-46.55629711,sao bernardo do campo,SP
9615,-23.67875196,-46.55814401,sao bernardo do campo,SP
9616,-23.66244926,-46.5595171,sao bernardo do campo,SP
9617,-23.66720324,-46.55930615,sao bernardo do campo,SP
9618,-23.66806981,-46.56449853,sao bernardo do campo,SP
9619,-23.66583643,-46.56447349,sao bernardo do campo,SP
9620,-23.66713945,-46.57045698,são bernardo do campo,SP
9621,-23.66461545,-46.57168023,sao bernardo do campo,SP
9623,-23.66087242,-46.57254297,sao bernardo do campo,SP
9624,-23.65621223,-46.5737725,sao bernardo do campo,SP
9625,-23.66109035,-46.56669031,sao bernardo do campo,SP
9626,-23.65793037,-46.57001709,sao bernardo do campo,SP
9627,-23.65831647,-46.56631829,sao bernardo do campo,SP
9628,-23.66130476,-46.56429641,sao bernardo do campo,SP
9629,-23.65670991,-46.56723402,sao bernardo do campo,SP
9631,-23.65894554,-46.56199112,sao bernardo do campo,SP
9632,-23.65431071,-46.56562202,sao bernardo do campo,SP
9633,-23.65433722,-46.56720927,sao bernardo do campo,SP
9634,-23.65257889,-46.56911297,sao bernardo do campo,SP
9635,-23.66168697,-46.5655599,sao bernardo do campo,SP
9636,-23.65222654,-46.57444118,sao bernardo do campo,SP
9637,-23.65242746,-46.57422435,sao bernardo do campo,SP
9639,-23.64688932,-46.58020655,sao bernardo do campo,SP
9640,-23.65662884,-46.57486863,sao bernardo do campo,SP
9641,-23.6557163,-46.57682036,são bernardo do campo,SP
9642,-23.6490493,-46.57660649,sao bernardo do campo,SP
9651,-23.65835025,-46.58023069,sao bernardo do campo,SP
9655,-23.65548185,-46.594601,sao bernardo do campo,SP
9656,-23.65996077,-46.60435874,sao bernardo do campo,SP
9657,-23.66690802,-46.60932321,sao bernardo do campo,SP
9660,-23.65524317,-46.59407142,sao bernardo do campo,SP
9661,-23.66086497,-46.59644061,sao bernardo do campo,SP
9662,-23.66084402,-46.59942123,são bernardo do campo,SP
9663,-23.65572017,-46.59858235,sao bernardo do campo,SP
9664,-23.65837584,-46.60461842,sao bernardo do campo,SP
9665,-23.6588203,-46.60882818,sao bernardo do campo,SP
9666,-23.65900924,-46.60663438,sao bernardo do campo,SP
9667,-23.66162625,-46.60881811,sao bernardo do campo,SP
9668,-23.66260217,-46.61213718,sao bernardo do campo,SP
9669,-23.66243583,-46.60776237,sao bernardo do campo,SP
9670,-23.66179428,-46.60434708,sao bernardo do campo,SP
9671,-23.66447963,-46.60605654,sao bernardo do campo,SP
9672,-23.66070895,-46.60237429,são bernardo do campo,SP
9680,-23.66460164,-46.58159516,são bernardo do campo,SP
9682,-23.66773038,-46.59756729,sao bernardo do campo,SP
9683,-23.66779559,-46.59624612,sao bernardo do campo,SP
9684,-23.6668562,-46.59433391,sao bernardo do campo,SP
9685,-23.66519907,-46.5923194,sao bernardo do campo,SP
9686,-23.66887008,-46.59314396,sao bernardo do campo,SP
9687,-23.67339363,-46.59524051,sao bernardo do campo,SP
9688,-23.67262177,-46.59262644,sao bernardo do campo,SP
9689,-23.66836515,-46.59148447,sao bernardo do campo,SP
9690,-23.67512052,-46.59061531,são bernardo do campo,SP
9691,-23.66985551,-46.58982891,sao bernardo do campo,SP
9692,-23.66841021,-46.58768806,sao bernardo do campo,SP
9693,-23.66524146,-46.5884365,sao bernardo do campo,SP
9694,-23.67103703,-46.58101837,sao bernardo do campo,SP
9695,-23.67280547,-46.57212235,são bernardo do campo,SP
9696,-23.67487,-46.55762,sao bernardo do campo,SP
9710,-23.71046648,-46.54893965,sao bernardo do campo,SP
9715,-23.71565592,-46.54574783,são bernardo do campo,SP
9720,-23.7156039,-46.55408471,sao bernardo do campo,SP
9721,-23.71964587,-46.54752546,sao bernardo do campo,SP
9725,-23.70631602,-46.55695623,sao bernardo do campo,SP
9726,-23.68807971,-46.56182138,sao bernardo do campo,SP
9732,-23.68238569,-46.56105342,sao bernardo do campo,SP
9750,-23.68811896,-46.55322175,sao bernardo do campo,SP
9751,-23.69138463,-46.5437323,sao bernardo do campo,SP
9760,-23.69906822,-46.54219694,sao bernardo do campo,SP
9761,-23.70876536,-46.52821797,sao bernardo do campo,SP
9762,-23.70620528,-46.52050115,sao bernardo do campo,SP
9765,-23.70749663,-46.53390667,sao bernardo do campo,SP
9770,-23.70833299,-46.54304093,são bernardo do campo,SP
9771,-23.70391466,-46.54294064,sao bernardo do campo,SP
9772,-23.71298354,-46.53961826,sao bernardo do campo,SP
9780,-23.71504959,-46.53726821,sao bernardo do campo,SP
9781,-23.72514289,-46.53423289,sao bernardo do campo,SP
9782,-23.7283878,-46.5370734,sao bernardo do campo,SP
9783,-23.72304114,-46.52916433,sao bernardo do campo,SP
9784,-23.71787129,-46.5249176,sao bernardo do campo,SP
9785,-23.70947084,-46.54088179,sao bernardo do campo,SP
9790,-23.72799222,-46.54284779,sao bernardo do campo,SP
9791,-23.74086261,-46.53189666,são bernardo do campo,SP
9792,-23.74451039,-46.54078887,sao bernardo do campo,SP
9810,-23.71957629,-46.56475309,sao bernardo do campo,SP
9811,-23.72701666,-46.56057269,sao bernardo do campo,SP
9812,-23.72488505,-46.57041429,sao bernardo do campo,SP
9820,-23.74089677,-46.55520335,sao bernardo do campo,SP
9821,-23.7515676,-46.55710966,sao bernardo do campo,SP
9822,-23.75978485,-46.54376718,sao bernardo do campo,SP
9830,-23.7900869,-46.53776274,sao bernardo do campo,SP
9831,-23.79249561,-46.5403376,sao bernardo do campo,SP
9832,-23.77680455,-46.51538272,sao bernardo do campo,SP
9834,-23.80518526,-46.44269509,sao bernardo do campo,SP
9835,-23.83036989,-46.58709203,sao bernardo do campo,SP
9836,-23.806881,-46.61753681,sao bernardo do campo,SP
9837,-23.82166207,-46.56666203,sao bernardo do campo,SP
9838,-23.84327619,-46.56423456,sao bernardo do campo,SP
9840,-23.7378269,-46.57487165,são bernardo do campo,SP
9841,-23.73747673,-46.57577622,sao bernardo do campo,SP
9842,-23.75374546,-46.59114822,são bernardo do campo,SP
9843,-23.77032183,-46.59475979,sao bernardo do campo,SP
9844,-23.75802693,-46.5773994,sao bernardo do campo,SP
9845,-23.74202764,-46.57190359,sao bernardo do campo,SP
9846,-23.73513559,-46.57578753,sao bernardo do campo,SP
9847,-23.75544375,-46.58484967,sao bernardo do campo,SP
9850,-23.7252311,-46.58203502,sao bernardo do campo,SP
9851,-23.71528474,-46.59045718,sao bernardo do campo,SP
9852,-23.7292447,-46.59517055,sao bernardo do campo,SP
9853,-23.73831891,-46.59447667,são bernardo do campo,SP
9854,-23.75303524,-46.59720951,sao bernardo do campo,SP
9855,-23.73186505,-46.58917398,sao bernardo do campo,SP
9856,-23.73391506,-46.60524802,sao bernardo do campo,SP
9857,-23.7473867,-46.6168264,sao bernardo do campo,SP
9860,-23.70769153,-46.57672275,sao bernardo do campo,SP
9861,-23.7076935,-46.58133169,sao bernardo do campo,SP
9862,-23.70115311,-46.58292898,sao bernardo do campo,SP
9869,-23.72264479,-46.57386289,são bernardo do campo,SP
9890,-23.69476541,-46.5681308,sao bernardo do campo,SP
9891,-23.68579801,-46.57089267,sao bernardo do campo,SP
9892,-23.68309947,-46.57520551,sao bernardo do campo,SP
9894,-23.67724337,-46.57640221,sao bernardo do campo,SP
9895,-23.7044274,-46.5701771,sao bernardo do campo,SP
9896,-23.70361931,-46.5638833,sao bernardo do campo,SP
9910,-23.69134217,-46.62898848,diadema,SP
9911,-23.68928274,-46.61971483,diadema,SP
9912,-23.68961263,-46.61559771,diadema,SP
9913,-23.6811839,-46.62999141,diadema,SP
9914,-23.69070981,-46.63157101,diadema,SP
9920,-23.6816616,-46.62333331,diadema,SP
9921,-23.67978713,-46.61283983,diadema,SP
9930,-23.67074872,-46.61671193,diadema,SP
9931,-23.66666196,-46.62273947,diadema,SP
9932,-23.66525509,-46.61635841,diadema,SP
9940,-23.66905363,-46.60371997,diadema,SP
9941,-23.67800735,-46.60297825,diadema,SP
9942,-23.68269666,-46.59873228,diadema,SP
9943,-23.67193445,-46.60044152,diadema,SP
9950,-23.68353662,-46.58651865,diadema,SP
9951,-23.68900622,-46.59093312,diadema,SP
9952,-23.69218591,-46.59867493,diadema,SP
9960,-23.69523228,-46.5975993,diadema,SP
9961,-23.70246541,-46.59605158,diadema,SP
9962,-23.70039586,-46.59795455,diadema,SP
9963,-23.70482481,-46.59651774,diadema,SP
9970,-23.71869029,-46.61150584,diadema,SP
9971,-23.72584838,-46.62134729,diadema,SP
9972,-23.72158413,-46.61906436,diadema,SP
9973,-23.71787612,-46.61689253,diadema,SP
9974,-23.71892407,-46.61210591,diadema,SP
9980,-23.70551502,-46.61148022,diadema,SP
9981,-23.70667683,-46.60862798,diadema,SP
9990,-23.69672767,-46.61690819,diadema,SP
9991,-23.69509383,-46.61223977,diadema,SP
9992,-23.69989354,-46.62342625,diadema,SP
9993,-23.70300044,-46.62159647,diadema,SP
11010,-23.93357261,-46.32962528,santos,SP
11013,-23.93770164,-46.32599744,santos,SP
11015,-23.95315331,-46.31920772,santos,SP
11020,-23.96845615,-46.30547007,santos,SP
11025,-23.97049318,-46.30819529,santos,SP
11030,-23.9848583,-46.30206995,santos,SP
11031,-23.93304735,-46.32555732,santos,SP
11035,-23.98041974,-46.30448135,santos,SP
11040,-23.97231558,-46.31441392,santos,SP
11045,-23.96974624,-46.32193883,santos,SP
11050,-23.95751263,-46.32679999,santos,SP
11055,-23.96573387,-46.32872174,santos,SP
11060,-23.96257392,-46.33409873,santos,SP
11065,-23.96522724,-46.34358134,santos,SP
11070,-23.95674767,-46.34527197,santos,SP
11075,-23.95460048,-46.33773115,santos,SP
11080,-23.94444321,-46.35173473,santos,SP
11081,-23.93474588,-46.34297478,santos,SP
11082,-23.93890589,-46.33965586,santos,SP
11085,-23.93782878,-46.35659153,santos,SP
11086,-23.94518124,-46.37439582,santos,SP
11087,-23.94615662,-46.37916708,santos,SP
11088,-23.9409108,-46.38493539,santos,SP
11089,-23.94019291,-46.36943045,santos,SP
11090,-23.9372,-46.37635248,santos,SP
11095,-23.92726582,-46.37847494,santos,SP
11200,-18.43289629,-43.57730622,caruara,SP
11250,-23.8183904,-46.0806237,bertioga,SP
11310,-23.96749613,-46.3864546,sao vicente,SP
11320,-23.97008658,-46.37258889,sao vicente,SP
11325,-23.98647854,-46.39165629,sao vicente,SP
11330,-23.96797905,-46.40246141,sao vicente,SP
11335,-23.96536496,-46.41205737,sao vicente,SP
11340,-23.95772026,-46.4071755,sao vicente,SP
11345,-23.98807695,-46.47919474,sao vicente,SP
11346,-23.98334039,-46.48798773,sao vicente,SP
11347,-23.98160482,-46.46564558,são vicente,SP
11348,-23.95538674,-46.45574979,sao vicente,SP
11349,-23.95046488,-46.45769576,sao vicente,SP
11350,-23.94463225,-46.41501832,são vicente,SP
11355,-23.95177005,-46.4081401,sao vicente,SP
11360,-23.94714404,-46.39761181,sao vicente,SP
11365,-23.95449163,-46.39512273,são vicente,SP
11370,-23.95598042,-46.38161452,sao vicente,SP
11374,-23.99016675,-46.47193698,sao vicente,SP
11380,-23.95989487,-46.3727945,sao vicente,SP
11390,-23.9619427,-46.38211637,sao vicente,SP
11410,-23.9952192,-46.25972349,guaruja,SP
11420,-24.00810178,-46.27200201,guaruja,SP
11421,-24.01355135,-46.28257371,guaruja,SP
11425,-23.99756706,-46.30320483,guaruja,SP
11430,-23.99394356,-46.28488819,guaruja,SP
11431,-23.9958262,-46.27873912,guaruja,SP
11432,-23.98761401,-46.27036608,guaruja,SP
11435,-23.97685542,-46.25984968,guarujá,SP
11436,-23.9712084,-46.2515242,guaruja,SP
11438,-23.96410544,-46.24706218,guaruja,SP
11440,-23.98378691,-46.24074681,guarujá,SP
11441,-23.97915588,-46.22826523,guarujá,SP
11442,-23.97611791,-46.22003844,guaruja,SP
11443,-23.97909061,-46.2054384,guaruja,SP
11444,-23.9699186,-46.18909837,guaruja,SP
11445,-23.95746241,-46.19573718,guaruja,SP
11446,-23.94337709,-46.19790613,guaruja,SP
11449,-23.97197965,-46.2120028,guaruja,SP
11450,-23.94195408,-46.30256478,guaruja,SP
11451,-23.94547385,-46.28944883,guaruja,SP
11453,-23.93670298,-46.28689951,guaruja,SP
11454,-23.94635086,-46.28130667,guaruja,SP
11460,-23.95723957,-46.2849671,guaruja,SP
11461,-23.95528318,-46.27386492,guaruja,SP
11462,-23.9545435,-46.28461276,guaruja,SP
11463,-23.9530619,-46.28822351,guaruja,SP
11470,-23.960364,-46.27825013,guaruja,SP
11471,-23.9645507,-46.27876856,guaruja,SP
11472,-23.9730256,-46.2752655,guaruja,SP
11473,-23.95311968,-46.29103938,guaruja,SP
11495,-23.9636389,-46.25211615,guaruja,SP
11497,-23.96351925,-46.24482487,guaruja,SP
11500,-23.88021443,-46.41727266,cubatao,SP
11505,-23.87538139,-46.42139222,cubatao,SP
11510,-23.88626844,-46.42408699,cubatao,SP
11515,-23.88990443,-46.42906588,cubatao,SP
11520,-23.89517937,-46.42385612,cubatao,SP
11523,-23.90301632,-46.42480978,cubatao,SP
11525,-23.89481158,-46.42776501,cubatao,SP
11530,-23.93096162,-46.40020258,cubatao,SP
11531,-23.92080535,-46.40774656,cubatao,SP
11533,-23.92794774,-46.40974227,cubatao,SP
11534,-23.92009454,-46.42652765,cubatao,SP
11535,-23.93364749,-46.43022082,cubatao,SP
11538,-23.89913258,-46.43352507,cubatao,SP
11540,-23.87442496,-46.44670348,cubatao,SP
11542,-23.91247945,-46.46409182,cubatao,SP
11543,-23.88609355,-46.4499371,cubatao,SP
11548,-23.89338551,-46.41758828,cubatao,SP
11550,-23.8782449,-46.42656376,cubatao,SP
11555,-23.88091418,-46.45025018,cubatão,SP
11570,-23.83569687,-46.37845171,cubatao,SP
11573,-23.8834575,-46.4281605,cubatao,SP
11600,-23.77173175,-45.52529593,sao sebastiao,SP
11601,-23.71722562,-45.43224618,sao sebastiao,SP
11602,-23.72691696,-45.42373021,sao sebastiao,SP
11603,-23.73209399,-45.40325047,são sebastião,SP
11604,-23.76666323,-45.41306121,sao sebastiao,SP
11605,-23.77320503,-45.4060253,são sebastião,SP
11606,-23.78126745,-45.40194766,sao sebastiao,SP
11608,-23.79850343,-45.40339142,são sebastião,SP
11609,-23.80161715,-45.40535578,sao sebastiao,SP
11610,-23.8050757,-45.41324722,sao sebastiao,SP
11611,-23.81430713,-45.41636248,são sebastião,SP
11612,-23.82155151,-45.43303767,sao sebastiao,SP
11614,-23.82129438,-45.46699817,são sebastião,SP
11615,-23.80989649,-45.5087451,sao sebastiao,SP
11617,-23.79457736,-45.57408244,sao sebastiao,SP
11618,-23.7811873,-45.6201306,são sebastião,SP
11619,-23.77465296,-45.63655373,sao sebastiao,SP
11620,-23.79298724,-45.55563292,maresias,SP
11621,-23.77429195,-45.67451027,sao sebastiao,SP
11622,-23.77043798,-45.67994493,sao sebastiao,SP
11623,-23.76398341,-45.71754581,sao sebastiao,SP
11624,-23.75976537,-45.76393937,sao sebastiao,SP
11625,-23.76410938,-45.78841303,sao sebastiao,SP
11626,-23.75398146,-45.82081227,maresias,SP
11628,-23.7875482,-45.56256968,sao sebastiao,SP
11629,-23.75846882,-45.41397749,sao sebastiao,SP
11630,-23.81452622,-45.36872586,ilhabela,SP
11660,-23.62280894,-45.41413598,caraguatatuba,SP
11661,-23.62113046,-45.39902994,caraguatatuba,SP
11662,-23.62293341,-45.38516862,caraguatatuba,SP
11663,-23.61820634,-45.38660645,caraguatatuba,SP
11664,-23.61317099,-45.39297494,caraguatatuba,SP
11665,-23.63506393,-45.42502182,caraguatatuba,SP
11666,-23.66620013,-45.43696062,caraguatatuba,SP
11667,-23.68604018,-45.43677933,caraguatatuba,SP
11668,-23.70982016,-45.44067375,caraguatatuba,SP
11669,-23.6976573,-45.44410306,caraguatatuba,SP
11670,-23.68492777,-45.44318995,caraguatatuba,SP
11671,-23.67398269,-45.44343168,caraguatatuba,SP
11672,-23.65819966,-45.43870077,caraguatatuba,SP
11673,-23.63759173,-45.43653966,caraguatatuba,SP
11674,-23.62905564,-45.43371185,caraguatatuba,SP
11675,-23.61361082,-45.42767672,caraguatatuba,SP
11676,-23.60452043,-45.35738616,caraguatatuba,SP
11677,-23.58116601,-45.33489099,caraguatatuba,SP
11678,-23.66299693,-45.44723188,caraguatatuba,SP
11679,-23.59337575,-45.33684843,caraguatatuba,SP
11680,-23.4529293,-45.09321941,ubatuba,SP
11700,-24.0103837,-46.40627701,praia grande,SP
11701,-24.00892315,-46.41912534,praia grande,SP
11702,-24.01439467,-46.43835832,praia grande,SP
11703,-24.02043238,-46.45996058,praia grande,SP
11704,-24.02652567,-46.47823694,praia grande,SP
11705,-24.03661708,-46.50486334,praia grande,SP
11706,-24.04733249,-46.52544319,praia grande,SP
11707,-24.05456065,-46.54209119,praia grande,SP
11708,-24.06788881,-46.56761787,praia grande,SP
11709,-24.07862654,-46.58934287,praia grande,SP
11710,-24.07645255,-46.59361377,praia grande,SP
11711,-24.04710108,-46.5346137,praia grande,SP
11712,-24.03580035,-46.53027244,praia grande,SP
11713,-24.03084715,-46.52264893,praia grande,SP
11714,-24.02534985,-46.5117625,praia grande,SP
11717,-24.02276795,-46.49706891,praia grande,SP
11718,-24.0162857,-46.48202156,praia grande,SP
11719,-24.01499623,-46.4660252,praia grande,SP
11720,-24.00834176,-46.45929255,praia grande,SP
11721,-24.01099657,-46.45219165,praia grande,SP
11722,-24.0014999,-46.44986352,praia grande,SP
11723,-24.00508289,-46.4492403,praia grande,SP
11724,-24.0047259,-46.43774006,praia grande,SP
11725,-23.997421,-46.42279317,praia grande,SP
11726,-23.99538673,-46.40809242,praia grande,SP
11730,-24.11189556,-46.66543742,mongagua,SP
11740,-24.1827103,-46.8018386,itanhaem,SP
11750,-24.3030988,-46.98704898,peruibe,SP
11760,-24.29064239,-47.16435022,itariri,SP
11770,-24.30371104,-47.06606866,ana dias,SP
11790,-24.27903396,-47.23576183,pedro de toledo,SP
11800,-24.31662539,-47.63474554,juquia,SP
11850,-24.27876853,-47.4497451,miracatu,SP
11900,-24.49883778,-47.84616129,registro,SP
11910,-24.38549713,-47.92805609,sete barras,SP
11920,-24.70461956,-47.5553599,iguape,SP
11925,-24.74792044,-47.55616358,ilha comprida,SP
11930,-24.71527534,-47.88138463,pariquera-acu,SP
11940,-24.70183124,-48.00518423,jacupiranga,SP
11950,-24.72819885,-48.1128044,cajati,SP
11955,-24.77840488,-48.49975225,barra do turvo,SP
11960,-24.52279882,-48.10802251,eldorado,SP
11990,-25.00929275,-47.9319571,cananéia,SP
12010,-23.03250538,-45.55943818,taubate,SP
12020,-23.02428091,-45.55908212,taubate,SP
12030,-23.03214216,-45.57046127,taubate,SP
12031,-23.03953617,-45.58107022,taubate,SP
12032,-23.04243221,-45.59197313,taubate,SP
12040,-23.02980736,-45.58990903,taubate,SP
12041,-23.02776651,-45.57856428,taubaté,SP
12042,-23.03972973,-45.61000238,taubate,SP
12043,-23.0278303,-45.62099077,taubate,SP
12045,-23.04916165,-45.6296363,taubate,SP
12050,-23.01997036,-45.57156916,taubate,SP
12051,-23.01200874,-45.58565201,taubate,SP
12052,-23.0094176,-45.56793059,taubate,SP
12053,-23.00557081,-45.57546303,taubate,SP
12054,-23.02304501,-45.57946618,taubaté,SP
12060,-23.01480743,-45.5589972,taubate,SP
12061,-23.00377516,-45.55922387,taubate,SP
12062,-23.00303149,-45.54693113,taubate,SP
12070,-23.01758622,-45.541455,taubate,SP
12071,-23.00432966,-45.532156,taubate,SP
12072,-23.00784149,-45.5211073,taubate,SP
12080,-23.02280605,-45.55084736,taubaté,SP
12081,-23.02763343,-45.53357932,taubate,SP
12082,-23.03551391,-45.54452805,taubate,SP
12085,-23.01766704,-45.51834627,taubate,SP
12086,-23.04745415,-45.51836868,taubate,SP
12090,-23.04441715,-45.55403696,taubate,SP
12091,-23.0460852,-45.5685699,taubate,SP
12092,-23.06167126,-45.5859674,taubate,SP
12093,-23.06872539,-45.56936595,taubate,SP
12095,-23.07559202,-45.53831478,taubate,SP
12120,-22.97498488,-45.54793751,tremembe,SP
12130,-23.08872862,-45.19065349,lagoinha,SP
12140,-23.22402943,-45.35025174,sao luiz do paraitinga,SP
12150,-23.2463401,-45.20372635,catucaba,SP
12170,-23.27663032,-45.52977918,redencao da serra,SP
12180,-23.37765026,-45.44399205,natividade da serra,SP
12209,-23.17800048,-45.88381772,são josé dos campos,SP
12210,-23.18348996,-45.88446561,sao jose dos campos,SP
12211,-23.16413757,-45.8932646,sao jose dos campos,SP
12212,-23.15540644,-45.89963153,sao jose dos campos,SP
12213,-23.15035228,-45.90931279,sao jose dos campos,SP
12214,-23.15909268,-45.91788499,sao jose dos campos,SP
12215,-23.18545242,-45.87164627,sao jose dos campos,SP
12216,-23.19557289,-45.87928465,sao jose dos campos,SP
12220,-23.17955823,-45.85510343,sao jose dos campos,SP
12221,-23.17113411,-45.84103821,sao jose dos campos,SP
12223,-23.18117142,-45.82885255,sao jose dos campos,SP
12224,-23.1783001,-45.82346236,sao jose dos campos,SP
12225,-23.19056615,-45.79610034,sao jose dos campos,SP
12226,-23.14172825,-45.89850379,sao jose dos campos,SP
12227,-23.20898892,-45.85447,sao jose dos campos,SP
12228,-23.25106077,-45.83435185,sao jose dos campos,SP
12229,-23.26970828,-45.8645668,são josé dos campos,SP
12230,-23.22450335,-45.88784285,sao jose dos campos,SP
12231,-23.224372,-45.8820598,sao jose dos campos,SP
12232,-23.25813124,-45.8876091,sao jose dos campos,SP
12233,-23.24668069,-45.88690914,sao jose dos campos,SP
12234,-23.28345686,-45.89541601,sao jose dos campos,SP
12235,-23.23378678,-45.9024718,são josé dos campos,SP
12236,-23.25098719,-45.89887387,são josé dos campos,SP
12237,-23.2435741,-45.91359768,sao jose dos campos,SP
12238,-23.2565935,-45.92009307,são josé dos campos,SP
12239,-23.26702946,-45.90126374,sao jose dos campos,SP
12240,-23.22429836,-45.91320082,sao jose dos campos,SP
12241,-23.23250502,-45.92657167,sao jose dos campos,SP
12242,-23.20172513,-45.90668585,sao jose dos campos,SP
12243,-23.20226809,-45.89802848,sao jose dos campos,SP
12244,-23.19897941,-45.94317086,sao jose dos campos,SP
12245,-23.19800833,-45.88888771,são josé dos campos,SP
12246,-23.21686068,-45.9085938,sao jose dos campos,SP
12247,-23.16067507,-45.80031657,sao jose dos campos,SP
12248,-23.17082213,-45.7963226,são josé dos campos,SP
12249,-22.91299686,-45.96181808,sao jose dos campos,SP
12250,-22.95371488,-45.83955023,monteiro lobato,SP
12260,-23.39314863,-45.66076219,paraibuna,SP
12270,-23.26168303,-45.69815214,jambeiro,SP
12280,-23.09382498,-45.7017052,cacapava,SP
12281,-23.10463141,-45.70609493,cacapava,SP
12282,-23.10313569,-45.70022942,cacapava,SP
12283,-23.10411482,-45.67752011,cacapava,SP
12284,-23.1140617,-45.70061199,cacapava,SP
12285,-23.12501623,-45.71406706,cacapava,SP
12286,-23.10977797,-45.72053687,cacapava,SP
12287,-23.10678531,-45.71364417,cacapava,SP
12288,-23.09317681,-45.71105365,caçapava,SP
12289,-23.07065443,-45.71787014,cacapava,SP
12290,-23.0571548,-45.71273623,cacapava,SP
12294,-23.13882463,-45.72152564,caçapava,SP
12295,-23.18841147,-45.73469285,caçapava,SP
12297,-23.08772712,-45.6901028,cacapava,SP
12301,-23.26773336,-45.93995262,jacarei,SP
12302,-23.27268656,-45.9331936,jacarei,SP
12305,-23.27677183,-45.94763637,jacarei,SP
12306,-23.28787804,-45.94758556,jacarei,SP
12307,-23.29714965,-45.95630559,jacarei,SP
12308,-23.30391691,-45.96265249,jacarei,SP
12309,-23.3090448,-45.95713922,jacarei,SP
12310,-23.29903707,-45.9469443,jacarei,SP
12311,-23.28201782,-45.93940776,jacarei,SP
12312,-23.30143739,-45.93308736,jacarei,SP
12315,-23.31639285,-45.92932462,jacarei,SP
12316,-23.31630593,-45.94056913,jacareí,SP
12318,-23.31233789,-45.95536101,jacareí,SP
12319,-23.32351271,-45.97001328,jacarei,SP
12320,-23.3135629,-45.97591145,jacarei,SP
12321,-23.29840574,-45.98443847,jacarei,SP
12322,-23.31069725,-45.98442656,jacarei,SP
12323,-23.3248666,-45.99090831,jacarei,SP
12324,-23.31346229,-46.00368673,jacarei,SP
12325,-23.30596831,-46.01565033,jacarei,SP
12326,-23.32423999,-46.04564762,jacarei,SP
12327,-23.30231825,-45.97188818,jacarei,SP
12328,-23.28830157,-45.96299535,jacarei,SP
12329,-23.28778654,-45.95363185,jacarei,SP
12330,-23.29650149,-46.02047489,jacarei,SP
12331,-23.27193794,-46.06549878,jacarei,SP
12333,-23.22740609,-46.06944467,jacarei,SP
12334,-23.27041452,-46.00217873,jacarei,SP
12335,-23.26400296,-45.96450096,jacarei,SP
12340,-23.36582531,-46.02663965,jacareí,SP
12341,-23.29357566,-45.98510497,jacarei,SP
12350,-23.20504089,-46.15320026,igarata,SP
12380,-23.39928048,-45.88538561,santa branca,SP
12400,-22.92635744,-45.46285091,pindamonhangaba,SP
12401,-22.92018633,-45.46440223,pindamonhangaba,SP
12402,-22.91734026,-45.44734774,pindamonhangaba,SP
12403,-22.92173205,-45.44386027,pindamonhangaba,SP
12404,-22.90672124,-45.47078355,pindamonhangaba,SP
12405,-22.92391649,-45.4376599,pindamonhangaba,SP
12410,-22.93474495,-45.45667797,pindamonhangaba,SP
12411,-22.93129428,-45.43592124,pindamonhangaba,SP
12412,-22.95307081,-45.45910291,pindamonhangaba,SP
12413,-22.94736087,-45.41926324,pindamonhangaba,SP
12414,-22.94543211,-45.40798851,pindamonhangaba,SP
12415,-22.9603295,-45.4084685,pindamonhangaba,SP
12420,-22.94310642,-45.46523662,pindamonhangaba,SP
12421,-22.95084468,-45.47887281,pindamonhangaba,SP
12422,-22.93642561,-45.4720696,pindamonhangaba,SP
12423,-22.94635736,-45.5031883,pindamonhangaba,SP
12424,-22.95735386,-45.48825757,pindamonhangaba,SP
12425,-22.93125565,-45.4765849,pindamonhangaba,SP
12426,-22.95034036,-45.4982924,pindamonhangaba,SP
12440,-22.91297784,-45.36856766,pindamonhangaba,SP
12441,-22.92458361,-45.3702843,pindamonhangaba,SP
12442,-22.93852652,-45.38231035,pindamonhangaba,SP
12443,-22.89632328,-45.3717064,pindamonhangaba,SP
12444,-22.89691414,-45.37921536,pindamonhangaba,SP
12445,-22.88824925,-45.37619388,pindamonhangaba,SP
12446,-22.88617579,-45.367575,pindamonhangaba,SP
12450,-22.81002955,-45.68873284,santo antonio do pinhal,SP
12460,-22.73671929,-45.58642609,campos do jordao,SP
12490,-22.69105255,-45.71848784,são bento do sapucaí,SP
12500,-22.81319939,-45.1923496,guaratinguetá,SP
12501,-22.81851468,-45.19467054,guaratingueta,SP
12502,-22.81572408,-45.18355794,guaratingueta,SP
12503,-22.82570252,-45.19039616,guaratingueta,SP
12504,-22.82419225,-45.20482516,guaratingueta,SP
12505,-22.81405397,-45.19921598,guaratingueta,SP
12506,-22.80347565,-45.21065062,guaratinguetá,SP
12507,-22.80665572,-45.2395871,guaratingueta,SP
12508,-22.79341073,-45.26996269,guaratingueta,SP
12509,-22.79660287,-45.22531925,guaratingueta,SP
12510,-22.78628161,-45.22834581,guaratingueta,SP
12511,-22.80001318,-45.20701693,guaratingueta,SP
12512,-22.77816176,-45.20773515,guaratingueta,SP
12513,-22.77931633,-45.19893404,guaratingueta,SP
12514,-22.79669066,-45.19762461,guaratinguetá,SP
12515,-22.80576255,-45.19313514,guaratingueta,SP
12516,-22.80137351,-45.18764505,guaratinguetá,SP
12517,-22.7961226,-45.18345967,guaratingueta,SP
12518,-22.78643116,-45.18298646,guaratingueta,SP
12519,-22.77706695,-45.1846185,guaratingueta,SP
12520,-22.8041211,-45.17806708,guaratingueta,SP
12521,-22.78150006,-45.16570982,guaratinguetá,SP
12522,-22.78457613,-45.1568218,guaratingueta,SP
12523,-22.78708933,-45.14940714,guaratingueta,SP
12524,-22.81280474,-45.17479404,guaratingueta,SP
12525,-22.83755935,-45.25741574,potim,SP
12530,-23.07086402,-44.95559407,cunha,SP
12540,-22.95340712,-44.84849927,campos de cunha,SP
12570,-22.85123123,-45.24664691,aparecida,SP
12580,-22.89892925,-45.30439111,roseira,SP
12600,-22.73089308,-45.12347279,lorena,SP
12601,-22.73733703,-45.1312359,lorena,SP
12602,-22.72232747,-45.12032191,lorena,SP
12603,-22.72470103,-45.11046578,lorena,SP
12604,-22.73149488,-45.10876764,lorena,SP
12605,-22.73800117,-45.09597931,lorena,SP
12606,-22.74151163,-45.10961076,lorena,SP
12607,-22.74203775,-45.11570274,lorena,SP
12608,-22.74166838,-45.12695023,lorena,SP
12609,-22.75016781,-45.12203477,lorena,SP
12610,-22.75252714,-45.13228629,lorena,SP
12611,-22.74346434,-45.13453916,lorena,SP
12615,-22.70430418,-45.05444051,canas,SP
12620,-22.60890714,-45.18331315,piquete,SP
12630,-22.66577383,-45.00905168,cachoeira paulista,SP
12690,-22.6670952,-44.85266683,silveiras,SP
12701,-22.57812624,-44.96154906,cruzeiro,SP
12702,-22.58571452,-44.96826743,cruzeiro,SP
12703,-22.58415127,-44.97634865,cruzeiro,SP
12704,-22.57911351,-44.9828049,cruzeiro,SP
12705,-22.57443396,-44.96994396,cruzeiro,SP
12710,-22.56819591,-44.9597516,cruzeiro,SP
12711,-22.5634206,-44.96790211,cruzeiro,SP
12712,-22.56115137,-44.9595338,cruzeiro,SP
12720,-22.56533121,-44.94479333,cruzeiro,SP
12721,-22.55890039,-44.94446427,cruzeiro,SP
12722,-22.56188515,-44.93815163,cruzeiro,SP
12723,-22.5605012,-44.93159298,cruzeiro,SP
12730,-22.57977109,-44.95308634,cruzeiro,SP
12760,-22.56012148,-44.91883517,lavrinhas,SP
12800,-22.53899161,-44.77246183,queluz,SP
12820,-22.58228729,-44.69615578,areias,SP
12830,-22.64959409,-44.57781789,sao jose do barreiro,SP
12850,-22.68345055,-44.31891793,bananal,SP
12870,-22.67367247,-44.44654267,arapeí,SP
12900,-22.95654497,-46.54196009,braganca paulista,SP
12902,-22.95933089,-46.54828841,bragança paulista,SP
12903,-22.9439588,-46.55429589,braganca paulista,SP
12904,-22.94460537,-46.54891701,braganca paulista,SP
12906,-22.93915296,-46.54940572,braganca paulista,SP
12908,-22.93517027,-46.5450229,braganca paulista,SP
12910,-22.94140355,-46.53164698,braganca paulista,SP
12912,-22.95116317,-46.53448032,braganca paulista,SP
12913,-22.96169372,-46.52385417,braganca paulista,SP
12914,-22.96480278,-46.53441932,bragança paulista,SP
12916,-22.98175445,-46.53403089,braganca paulista,SP
12917,-22.98121294,-46.54768553,braganca paulista,SP
12918,-22.97444581,-46.60200368,bragança paulista,SP
12919,-22.97110094,-46.55052117,braganca paulista,SP
12922,-22.91450845,-46.55569145,braganca paulista,SP
12924,-22.87814616,-46.53095392,braganca paulista,SP
12926,-22.92212085,-46.54007016,bragança paulista,SP
12927,-22.91297443,-46.53429414,braganca paulista,SP
12929,-22.93195334,-46.52404281,braganca paulista,SP
12930,-22.81419262,-46.69485418,tuiuti,SP
12935,-22.89454966,-46.41063287,vargem,SP
12940,-23.11473052,-46.55288054,atibaia,SP
12941,-23.12312248,-46.54158063,atibaia,SP
12942,-23.12280918,-46.56005009,atibaia,SP
12943,-23.12777689,-46.56912055,atibaia,SP
12944,-23.1093389,-46.55435221,atibaia,SP
12945,-23.11273263,-46.52709407,atibaia,SP
12946,-23.14170693,-46.55109717,atibaia,SP
12947,-23.1383247,-46.55837643,atibaia,SP
12948,-23.19633562,-46.58709107,atibaia,SP
12949,-23.15246332,-46.59228,atibaia,SP
12950,-23.1417314,-46.58223395,atibaia,SP
12951,-23.12437674,-46.58279155,atibaia,SP
12952,-23.08992525,-46.61165423,atibaia,SP
12953,-23.09537258,-46.60029349,atibaia,SP
12954,-23.07380331,-46.5565784,atibaia,SP
12955,-23.13827699,-46.46861253,bom jesus dos perdoes,SP
12960,-23.17365981,-46.39950999,nazaré paulista,SP
12970,-23.05586085,-46.35923596,piracaia,SP
12980,-22.93089422,-46.2750335,joanopolis,SP
12990,-22.79507851,-46.44598002,pedra bela,SP
12995,-22.78073613,-46.58886711,pinhalzinho,SP
13010,-22.90437708,-47.05895209,campinas,SP
13012,-22.90500212,-47.05964352,campinas,SP
13013,-22.9061344,-47.06345576,campinas,SP
13015,-22.90421369,-47.056549,campinas,SP
13020,-22.89853532,-47.06791301,campinas,SP
13023,-22.89384803,-47.06133702,campinas,SP
13024,-22.89211919,-47.05458136,campinas,SP
13025,-22.89838732,-47.05164055,campinas,SP
13026,-22.91245167,-47.0491155,campinas,SP
13030,-22.92496986,-47.07428355,campinas,SP
13031,-22.91974563,-47.08545006,campinas,SP
13032,-22.90787506,-47.08503485,campinas,SP
13033,-22.90493675,-47.09708472,campinas,SP
13034,-22.90936913,-47.09076807,campinas,SP
13035,-22.91163569,-47.07476334,campinas,SP
13036,-22.91947341,-47.068635,campinas,SP
13040,-22.93942998,-47.05945875,campinas,SP
13041,-22.91958124,-47.05723144,campinas,SP
13042,-22.94626728,-47.05049824,campinas,SP
13043,-22.93405278,-47.04149328,campinas,SP
13044,-22.94201064,-47.04232112,campinas,SP
13045,-22.93399907,-47.03304004,campinas,SP
13046,-22.93470983,-47.02069012,campinas,SP
13049,-22.94823833,-47.08004442,campinas,SP
13050,-22.94038299,-47.09526289,campinas,SP
13051,-22.95917634,-47.08841447,campinas,SP
13052,-22.97774493,-47.10415307,campinas,SP
13053,-23.02493387,-47.11602452,campinas,SP
13054,-22.97413139,-47.12644956,campinas,SP
13055,-22.99376232,-47.11604358,campinas,SP
13056,-22.97510046,-47.14292523,campinas,SP
13057,-22.97217713,-47.16411864,campinas,SP
13058,-22.95178619,-47.18393307,campinas,SP
13059,-22.94267318,-47.15320355,campinas,SP
13060,-22.93198017,-47.11184149,campinas,SP
13061,-22.91127562,-47.11467895,campinas,SP
13063,-22.88922928,-47.10851563,campinas,SP
13064,-22.90029672,-47.00037621,campinas,SP
13065,-22.88166298,-47.12600067,campinas,SP
13067,-22.88744258,-47.14091708,campinas,SP
13068,-22.86307523,-47.14998119,campinas,SP
13069,-22.84712453,-47.1398868,campinas,SP
13070,-22.89205755,-47.08244278,campinas,SP
13073,-22.88460271,-47.06730188,campinas,SP
13075,-22.88036749,-47.06080143,campinas,SP
13076,-22.88170856,-47.05046427,campinas,SP
13077,-22.8778225,-47.04251003,campinas,SP
13080,-22.8528389,-47.07569747,campinas,SP
13081,-22.85740792,-47.06749323,campinas,SP
13082,-22.84110834,-47.1038889,campinas,SP
13083,-22.81665686,-47.07127405,campinas,SP
13084,-22.82342076,-47.08719296,campinas,SP
13085,-22.79106925,-47.08099871,campinas,SP
13086,-22.82055684,-47.05109826,campinas,SP
13087,-22.85798998,-47.05305088,campinas,SP
13088,-22.85982795,-47.03822924,campinas,SP
13090,-22.88780268,-47.03827277,campinas,SP
13091,-22.87739753,-47.02946851,campinas,SP
13092,-22.89500061,-47.03483555,campinas,SP
13096,-22.92542302,-47.03075982,campinas,SP
13097,-22.84642589,-47.02476796,campinas,SP
13098,-22.8162479,-47.02283652,campinas,SP
13099,-22.75370081,-47.01453454,campinas,SP
13100,-22.91425501,-47.03884122,campinas,SP
13101,-22.91402001,-47.01353541,campinas,SP
13104,-22.86223484,-46.97660826,campinas,SP
13105,-22.88841316,-46.98442198,campinas,SP
13106,-22.88599881,-46.9733932,campinas,SP
13107,-22.87298358,-46.95984921,campinas,SP
13108,-22.8939651,-46.94226014,campinas,SP
13140,-22.76960018,-47.15040227,paulinia,SP
13141,-22.79357602,-47.15676077,paulinia,SP
13142,-22.78216792,-47.17816106,paulinia,SP
13144,-22.75638336,-47.20083633,paulinia,SP
13145,-22.73533224,-47.17665407,paulínia,SP
13146,-22.72798312,-47.16744548,paulinia,SP
13147,-22.73313436,-47.14026536,paulinia,SP
13148,-22.77709488,-47.11265602,paulinia,SP
13150,-22.64185419,-47.1893851,cosmopolis,SP
13152,-22.63866732,-47.17961469,cosmópolis,SP
13154,-22.63347416,-47.17751495,cosmopolis,SP
13155,-22.63027166,-47.18872883,cosmopolis,SP
13157,-22.63675963,-47.19804787,cosmopolis,SP
13160,-22.57120786,-47.16576877,artur nogueira,SP
13165,-22.48781772,-47.20455471,engenheiro coelho,SP
13170,-22.82213651,-47.27033543,sumare,SP
13171,-22.83206806,-47.27052031,sumare,SP
13172,-22.81539354,-47.28640463,sumare,SP
13173,-22.80038693,-47.27589887,sumare,SP
13174,-22.8146531,-47.26078831,sumare,SP
13175,-22.81799186,-47.24110126,sumare,SP
13176,-22.90111444,-47.27413121,sumare,SP
13177,-22.80928036,-47.22657022,sumare,SP
13178,-22.80431496,-47.20596316,sumare,SP
13179,-22.82076241,-47.17151314,sumaré,SP
13180,-22.83773932,-47.16973298,sumare,SP
13181,-22.84119405,-47.1916932,sumare,SP
13183,-22.8550325,-47.21303002,hortolandia,SP
13184,-22.87028331,-47.21241406,hortolandia,SP
13185,-22.89279161,-47.1738495,hortolândia,SP
13186,-22.88998236,-47.19898012,hortolandia,SP
13187,-22.89623199,-47.21579202,hortolandia,SP
13188,-22.89820868,-47.2377559,hortolândia,SP
13189,-22.87511784,-47.23312447,hortolandia,SP
13190,-22.94438941,-47.29535122,monte mor,SP
13201,-23.18605172,-46.88591475,jundiai,SP
13202,-23.20410387,-46.8725901,jundiai,SP
13203,-23.21567531,-46.86036676,jundiai,SP
13205,-23.24740332,-46.85464065,jundiai,SP
13206,-23.21133616,-46.88030294,jundiaí,SP
13207,-23.20134102,-46.88784815,jundiai,SP
13208,-23.19481432,-46.89679928,jundiai,SP
13209,-23.18106178,-46.90364328,jundiai,SP
13210,-23.22087285,-46.88508833,jundiai,SP
13211,-23.18942042,-46.92157335,jundiai,SP
13212,-23.17639711,-46.97415662,jundiai,SP
13213,-23.15508948,-46.98567021,jundiaí,SP
13214,-23.15799497,-46.91819985,jundiaí,SP
13215,-23.16966806,-46.88671516,jundiai,SP
13216,-23.1700842,-46.8735809,jundiai,SP
13218,-23.17397192,-46.85286416,jundiai,SP
13219,-23.18840963,-46.85398782,jundiai,SP
13220,-23.21096763,-46.844819,várzea paulista,SP
13221,-23.19512101,-46.83038266,varzea paulista,SP
13222,-23.19555205,-46.82169514,varzea paulista,SP
13223,-23.21579486,-46.81031746,varzea paulista,SP
13224,-23.21870223,-46.83249591,várzea paulista,SP
13225,-23.22675839,-46.84494452,varzea paulista,SP
13226,-23.24340153,-46.82761413,varzea paulista,SP
13230,-23.20829136,-46.78662802,campo limpo paulista,SP
13231,-23.20128137,-46.78186378,campo limpo paulista,SP
13232,-23.21174633,-46.76287514,campo limpo paulista,SP
13233,-23.18052125,-46.76413207,campo limpo paulista,SP
13234,-23.22105146,-46.72617244,campo limpo paulista,SP
13236,-23.22310017,-46.79620854,campo limpo paulista,SP
13238,-23.23514303,-46.76930413,campo limpo paulista,SP
13240,-23.09649225,-46.71792466,jarinu,SP
13250,-23.00330174,-46.83771515,itatiba,SP
13251,-22.99576186,-46.83646158,itatiba,SP
13252,-22.96779814,-46.80701951,itatiba,SP
13253,-23.00285986,-46.82420583,itatiba,SP
13254,-23.01227023,-46.81354513,itatiba,SP
13255,-23.04264719,-46.844082,itatiba,SP
13256,-23.00969909,-46.85433451,itatiba,SP
13257,-22.98825738,-46.8539627,itatiba,SP
13260,-22.87593848,-46.79343471,morungaba,SP
13270,-22.97545814,-47.00268239,valinhos,SP
13271,-22.97277234,-47.01224083,valinhos,SP
13272,-22.95160189,-47.00199556,valinhos,SP
13273,-22.94721019,-46.97742205,valinhos,SP
13274,-22.9660011,-46.97884176,valinhos,SP
13275,-22.98031163,-46.98526688,valinhos,SP
13276,-22.97994385,-46.99537068,valinhos,SP
13277,-22.99061703,-46.99726285,valinhos,SP
13278,-23.00020258,-47.0165548,valinhos,SP
13279,-23.00953559,-47.01806649,valinhos,SP
13280,-23.03147728,-46.98111677,vinhedo,SP
13281,-23.16927844,-46.46208782,vinhedo,SP
13282,-23.06753267,-46.90749199,vinhedo,SP
13283,-23.03736684,-46.97711691,vinhedo,SP
13284,-23.03445477,-46.98122364,vinhedo,SP
13285,-23.03554339,-47.00577338,vinhedo,SP
13286,-23.04849088,-47.02186755,vinhedo,SP
13287,-23.05134573,-46.98933153,vinhedo,SP
13288,-23.07022863,-47.00126317,vinhedo,SP
13289,-23.04025232,-46.97978204,vinhedo,SP
13290,-23.08550507,-46.95954096,louveira,SP
13295,-23.15730623,-47.05406045,itupeva,SP
13300,-23.26581321,-47.29944429,itu,SP
13301,-23.25521418,-47.29782025,itu,SP
13302,-23.26511399,-47.27446431,itu,SP
13304,-23.27522488,-47.27700912,itu,SP
13305,-23.28521273,-47.2555039,itu,SP
13306,-23.28726351,-47.28094664,itu,SP
13308,-23.38538395,-47.33848581,itu,SP
13309,-23.28159666,-47.29437377,itu,SP
13310,-23.2753107,-47.30712533,itu,SP
13311,-23.26294239,-47.31557122,itu,SP
13312,-23.25897418,-47.34420031,itu,SP
13313,-23.24793203,-47.31563631,itu,SP
13315,-23.27292528,-47.08463059,cabreuva,SP
13318,-23.28316376,-46.29752133,jacare,SP
13319,-23.28867817,-47.05654001,bom fim do bom jesus,SP
13320,-23.20274627,-47.29586645,salto,SP
13321,-23.19196463,-47.29025803,salto,SP
13322,-23.19290375,-47.2753097,salto,SP
13323,-23.21631529,-47.2715935,salto,SP
13324,-23.20947128,-47.30922889,salto,SP
13326,-23.19350547,-47.30970632,salto,SP
13327,-23.17953149,-47.31338384,salto,SP
13328,-23.17506604,-47.33865064,salto,SP
13329,-23.16195431,-47.30420374,salto,SP
13330,-23.08633916,-47.21688684,indaiatuba,SP
13331,-23.07426954,-47.22683552,indaiatuba,SP
13332,-23.05753412,-47.21804642,indaiatuba,SP
13333,-23.07332874,-47.21005965,indaiatuba,SP
13334,-23.08220815,-47.20343253,indaiatuba,SP
13335,-23.075522,-47.19699725,indaiatuba,SP
13336,-23.06208582,-47.18851576,indaiatuba,SP
13337,-23.06185341,-47.168607,indaiatuba,SP
13338,-23.08888207,-47.19267768,indaiatuba,SP
13339,-23.09211529,-47.20086129,indaiatuba,SP
13340,-23.0983786,-47.18299469,indaiatuba,SP
13341,-23.12125751,-47.16642149,indaiatuba,SP
13342,-23.13270143,-47.18411392,indaiatuba,SP
13343,-23.10048918,-47.20694142,indaiatuba,SP
13344,-23.10639224,-47.21535245,indaiatuba,SP
13345,-23.10225858,-47.22237816,indaiatuba,SP
13346,-23.11797132,-47.22778676,indaiatuba,SP
13347,-23.13411288,-47.22797514,indaiatuba,SP
13348,-23.11639935,-47.23782654,indaiatuba,SP
13349,-23.11682444,-47.24872769,indaiatuba,SP
13350,-23.04063333,-47.37164861,elias fausto,SP
13355,-12.99385223,-38.48088185,cardeal,SP
13360,-22.99748379,-47.50572511,capivari,SP
13370,-23.01786389,-47.52875109,rafard,SP
13375,-20.56936648,-46.02311915,mombuca,SP
13380,-22.78577889,-47.31253714,nova odessa,SP
13381,-22.80145543,-47.32591336,nova odessa,SP
13382,-22.80042282,-47.30746367,nova odessa,SP
13385,-22.79108894,-47.29384175,nova odessa,SP
13386,-22.80351101,-47.30261501,nova odessa,SP
13387,-22.77725606,-47.28318211,nova odessa,SP
13388,-22.76683779,-47.26255686,nova odessa,SP
13389,-22.76428976,-47.22661297,nova odessa,SP
13390,-22.84232188,-47.60705361,rio das pedras,SP
13400,-22.72591928,-47.65163581,piracicaba,SP
13401,-22.7524828,-47.65917249,piracicaba,SP
13402,-22.74827918,-47.67199285,piracicaba,SP
13403,-22.72382653,-47.67289783,piracicaba,SP
13405,-22.7087021,-47.66470085,piracicaba,SP
13406,-22.68185408,-47.70472148,piracicaba,SP
13408,-22.67206791,-47.69572534,piracicaba,SP
13409,-22.67702753,-47.70770686,piracicaba,SP
13411,-22.67010031,-47.68745995,piracicaba,SP
13412,-22.68228641,-47.66211183,piracicaba,SP
13413,-22.67005207,-47.6085771,piracicaba,SP
13414,-22.69151895,-47.64095277,piracicaba,SP
13415,-22.70697056,-47.59475322,piracicaba,SP
13416,-22.71690158,-47.64018826,piracicaba,SP
13417,-22.73987798,-47.6361897,piracicaba,SP
13418,-22.72507969,-47.63033342,piracicaba,SP
13419,-22.72902923,-47.64114809,piracicaba,SP
13420,-22.73595274,-47.61839862,piracicaba,SP
13421,-22.76976172,-47.59727991,piracicaba,SP
13422,-22.75023976,-47.60243088,piracicaba,SP
13423,-22.75769297,-47.59230531,piracicaba,SP
13424,-22.74948189,-47.64546149,piracicaba,SP
13425,-22.75455659,-47.62084141,piracicaba,SP
13426,-22.76287427,-47.62837006,piracicaba,SP
13427,-22.74295031,-47.57463474,piracicaba,SP
13428,-22.73449702,-47.55711835,piracicaba,SP
13432,-22.67614727,-47.77223075,piracicaba,SP
13433,-22.56971349,-47.60996993,piracicaba,SP
13440,-22.84516996,-47.67742599,saltinho,SP
13450,-22.75788292,-47.41705497,santa bárbara d'oeste,SP
13451,-22.74505018,-47.42043527,santa barbara d'oeste,SP
13452,-22.73098895,-47.4093459,santa barbara d'oeste,SP
13453,-22.73506397,-47.39936898,santa barbara d'oeste,SP
13454,-22.7406023,-47.37582085,santa barbara d'oeste,SP
13455,-22.72649219,-47.36806925,santa barbara d'oeste,SP
13456,-22.75709691,-47.37609423,santa barbara d'oeste,SP
13457,-22.76787815,-47.38550081,santa bárbara d'oeste,SP
13458,-22.77339791,-47.40596575,santa barbara d'oeste,SP
13459,-22.73602013,-47.48777881,santa barbara d'oeste,SP
13460,-22.78503597,-47.29518741,nova odessa,SP
13465,-22.74373908,-47.33699739,americana,SP
13466,-22.75345124,-47.32701632,americana,SP
13467,-22.76960147,-47.33979049,americana,SP
13468,-22.75493762,-47.34940397,americana,SP
13469,-22.72953023,-47.35620013,americana,SP
13470,-22.71737713,-47.35462658,americana,SP
13471,-22.72619433,-47.33725463,americana,SP
13472,-22.72595186,-47.31645458,americana,SP
13473,-22.72062533,-47.30723688,americana,SP
13474,-22.70505949,-47.29428475,americana,SP
13475,-22.72038481,-47.27844706,americana,SP
13476,-22.74294782,-47.24223036,americana,SP
13477,-22.73738878,-47.30046811,americana,SP
13478,-22.74364692,-47.31203571,americana,SP
13479,-22.75802643,-47.28692732,americana,SP
13480,-22.57072148,-47.4030952,limeira,SP
13481,-22.60000426,-47.40712859,limeira,SP
13482,-22.57998582,-47.42866005,limeira,SP
13483,-22.56075502,-47.44649444,limeira,SP
13484,-22.5559914,-47.42206038,limeira,SP
13485,-22.54568086,-47.39100328,limeira,SP
13486,-22.56596476,-47.38380603,limeira,SP
13487,-22.58382565,-47.37638611,limeira,SP
13490,-22.48176356,-47.45995834,cordeiropolis,SP
13495,-22.58659015,-47.51434485,iracemápolis,SP
13500,-22.40895214,-47.56368041,rio claro,SP
13501,-22.42577836,-47.5604367,rio claro,SP
13502,-22.43604344,-47.58035619,rio claro,SP
13503,-22.41292694,-47.57929588,rio claro,SP
13504,-22.39213658,-47.57768122,rio claro,SP
13505,-22.37849011,-47.56519468,rio claro,SP
13506,-22.39176554,-47.54851113,rio claro,SP
13507,-22.41492897,-47.55469808,rio claro,SP
13508,-22.41148957,-47.57096344,rio claro,SP
13509,-22.42129287,-47.5711571,rio claro,SP
13510,-22.45320481,-47.53463006,santa gertrudes,SP
13515,-22.51133845,-47.77588446,charqueada,SP
13520,-22.55124526,-47.90659642,sao pedro,SP
13525,-22.60248155,-47.87143021,aguas de sao pedro,SP
13530,-22.2520026,-47.81543112,itirapina,SP
13537,-22.43550649,-47.71283657,ipeuna,SP
13540,-22.22827551,-47.62297286,corumbataí,SP
13550,-22.12448308,-47.66233977,analandia,SP
13560,-22.01500436,-47.89018109,sao carlos,SP
13561,-22.01445178,-47.90841744,sao carlos,SP
13562,-22.00495757,-47.91473642,sao carlos,SP
13563,-21.9868294,-47.92561804,sao carlos,SP
13564,-21.99612708,-47.90095675,sao carlos,SP
13565,-21.97277927,-47.89412807,sao carlos,SP
13566,-21.99948448,-47.88750367,sao carlos,SP
13567,-22.00697741,-47.87040257,sao carlos,SP
13568,-22.00522087,-47.85621632,sao carlos,SP
13569,-22.0169271,-47.87457059,sao carlos,SP
13570,-22.03032264,-47.87949203,sao carlos,SP
13571,-22.031775,-47.86784581,sao carlos,SP
13572,-22.04249929,-47.89210005,sao carlos,SP
13573,-22.06005138,-47.90246169,sao carlos,SP
13574,-22.02757,-47.90072188,sao carlos,SP
13575,-22.03350616,-47.90892483,sao carlos,SP
13578,-21.893562,-47.8909845,agua vermelha,SP
13579,-22.4362164,-46.82823839,santa eudóxia,SP
13580,-22.08162385,-48.22036238,ribeirao bonito,SP
13590,-22.11160391,-48.31442898,dourado,SP
13600,-22.35535913,-47.38491598,araras,SP
13601,-22.37006125,-47.38887463,araras,SP
13602,-22.36459021,-47.39498452,araras,SP
13603,-22.34990808,-47.4007534,araras,SP
13604,-22.33625019,-47.38116671,araras,SP
13605,-22.34640471,-47.36901615,araras,SP
13606,-22.35406719,-47.33509489,araras,SP
13607,-22.36916997,-47.36279348,araras,SP
13608,-22.35605529,-47.32474978,araras,SP
13609,-22.3794863,-47.37988248,araras,SP
13610,-22.18920409,-47.38820219,leme,SP
13611,-22.19488463,-47.37820268,leme,SP
13612,-22.19360004,-47.40469924,leme,SP
13613,-22.1816476,-47.40426671,leme,SP
13614,-22.1763072,-47.39374128,leme,SP
13615,-22.16851557,-47.38124121,leme,SP
13616,-22.17319853,-47.37342167,leme,SP
13617,-22.18706209,-47.37119725,leme,SP
13625,-22.1385873,-47.45460184,santa cruz da conceicao,SP
13630,-21.9944666,-47.42819522,pirassununga,SP
13631,-22.01623002,-47.42398673,pirassununga,SP
13632,-22.01327199,-47.41515436,pirassununga,SP
13633,-22.01870996,-47.43064702,pirassununga,SP
13634,-22.0011339,-47.43689802,pirassununga,SP
13635,-21.97402767,-47.42707851,pirassununga,SP
13636,-21.99020007,-47.41585136,pirassununga,SP
13638,-21.98497887,-47.41437637,pirassununga,SP
13640,-21.94513138,-47.36717091,pirassununga,SP
13641,-21.93177084,-47.36981295,pirassununga,SP
13643,-21.9540523,-47.37212446,pirassununga,SP
13650,-21.82656002,-47.24871819,santa cruz das palmeiras,SP
13660,-21.86603243,-47.47810176,porto ferreira,SP
13670,-21.70355343,-47.48280676,santa rita do passa quatro,SP
13690,-21.90863415,-47.61958403,descalvado,SP
13700,-21.78919039,-47.07232828,casa branca,SP
13705,-21.8930366,-47.03750077,lagoa branca,SP
13707,-21.94854676,-47.11780277,venda branca,SP
13710,-21.70349503,-47.27635386,tambau,SP
13715,-21.73310246,-46.97227008,itobi,SP
13720,-21.58298743,-46.94775857,são josé do rio pardo,SP
13730,-21.46666011,-47.0053073,mococa,SP
13731,-21.46463795,-47.01800635,mococa,SP
13732,-21.45648374,-47.01412698,mococa,SP
13733,-21.45675303,-47.00587428,mococa,SP
13734,-21.45937979,-47.00269901,mococa,SP
13735,-21.47289191,-46.99708209,mococa,SP
13736,-21.48198598,-47.00538903,mococa,SP
13737,-21.48755863,-47.00866164,mococa,SP
13738,-21.47413959,-47.01274534,mococa,SP
13739,-21.47183868,-47.03350381,mococa,SP
13750,-21.40873018,-46.8108521,igarai,SP
13755,-21.32059643,-47.02897176,são benedito das areias,SP
13760,-21.47249594,-46.7484992,tapiratiba,SP
13770,-21.52868372,-46.64505089,caconde,SP
13780,-21.66140682,-46.73662296,divinolandia,SP
13790,-21.71087095,-46.82083537,sao sebastiao da grama,SP
13800,-22.4372445,-46.96545705,mogi mirim,SP
13801,-22.43858538,-46.95218825,mogi mirim,SP
13802,-22.43689991,-46.93652618,mogi mirim,SP
13803,-22.4615596,-46.97495192,mogi mirim,SP
13804,-22.50616609,-46.9721511,mogi mirim,SP
13805,-22.40590798,-46.9778979,mogi-mirim,SP
13806,-22.42000229,-46.96800111,mogi mirim,SP
13807,-22.40949597,-46.95544666,mogi mirim,SP
13808,-22.44705571,-46.94277717,mogi-mirim,SP
13817,-22.52212221,-46.95499002,mogi mirim,SP
13820,-22.69294884,-46.98287754,jaguariuna,SP
13822,-22.70548211,-46.98827265,jaguariuna,SP
13825,-22.63304601,-47.05260391,holambra,SP
13830,-22.60561843,-46.92044724,santo antonio de posse,SP
13835,-22.33839857,-47.16832098,conchal,SP
13840,-22.36604065,-46.93816713,mogi-guacu,SP
13841,-22.36496322,-46.92438594,mogi guacu,SP
13842,-22.38481948,-46.92635049,mogi-guacu,SP
13843,-22.38340773,-46.93598735,mogi guaçu,SP
13844,-22.38343651,-46.94792654,mogi-guacu,SP
13845,-22.35631412,-46.95126336,mogi guaçu,SP
13846,-22.33277428,-46.94968396,mogi guaçu,SP
13847,-22.35009722,-46.94115569,mogi-guacu,SP
13848,-22.33978411,-46.92430968,mogi guaçu,SP
13849,-22.26100008,-46.97845535,mogi-guacu,SP
13855,-22.29131931,-47.12036174,mogi guaçu,SP
13857,-22.2746177,-46.9528439,estiva gerbi,SP
13860,-22.05696866,-46.97611915,aguai,SP
13870,-21.97316769,-46.79459475,sao joao da boa vista,SP
13871,-21.9809204,-46.800568,sao joao da boa vista,SP
13872,-21.98786179,-46.80681382,sao joao da boa vista,SP
13873,-21.95505616,-46.79863413,sao joao da boa vista,SP
13874,-21.96983847,-46.77471623,sao joao da boa vista,SP
13875,-21.98344246,-46.77783407,sao joao da boa vista,SP
13876,-21.99595986,-46.78293904,sao joao da boa vista,SP
13877,-22.00465913,-46.81870813,são joão da boa vista,SP
13879,-21.88908,-46.86360871,sao joao da boa vista,SP
13880,-21.83491864,-46.89918573,vargem grande do sul,SP
13890,-21.94008777,-46.71391248,aguas da prata,SP
13895,-21.83658713,-46.74396745,sao roque da fartura,SP
13900,-22.70312797,-46.76632137,amparo,SP
13901,-22.70025071,-46.77331905,amparo,SP
13902,-22.7040245,-46.75225412,amparo,SP
13903,-22.71386093,-46.76612661,amparo,SP
13904,-22.71611597,-46.7780393,amparo,SP
13905,-22.71090074,-46.80139536,amparo,SP
13908,-22.72160528,-46.84415048,amparo,SP
13909,-22.69779444,-46.72140144,amparo,SP
13910,-22.69891817,-46.84649617,monte alegre do sul,SP
13911,-22.70112533,-46.98829333,jaguariúna,SP
13912,-22.68727551,-46.98332591,jaguariúna,SP
13913,-22.67126134,-46.95662467,jaguariuna,SP
13914,-22.67753969,-46.98135873,jaguariuna,SP
13915,-22.6964096,-46.98840429,jaguariuna,SP
13916,-22.68465576,-46.99670889,jaguariúna,SP
13917,-22.69694578,-47.00691983,jaguariuna,SP
13918,-22.70113978,-46.99858183,jaguariúna,SP
13919,-22.70936246,-46.98672304,jaguariúna,SP
13920,-22.74032549,-46.89675369,pedreira,SP
13930,-22.61462114,-46.70959343,serra negra,SP
13940,-22.47715346,-46.61937325,aguas de lindoia,SP
13950,-22.52341229,-46.64639741,lindoia,SP
13960,-22.59637304,-46.50720672,socorro,SP
13970,-22.43858686,-46.82117858,itapira,SP
13971,-22.42027486,-46.82169872,itapira,SP
13972,-22.43293296,-46.81436238,itapira,SP
13973,-22.45068602,-46.80442302,itapira,SP
13974,-22.43780963,-46.8288764,itapira,SP
13975,-22.43409032,-46.84110517,itapira,SP
13976,-22.42367048,-46.83237364,itapira,SP
13977,-22.44690272,-46.83664772,itapira,SP
13986,-22.38505428,-46.74654272,barao ataliba nogueira,SP
13988,-22.32959246,-46.72333619,eleutério,SP
13990,-22.19329631,-46.75319182,espirito santo do pinhal,SP
13995,-22.11630366,-46.68439792,santo antonio do jardim,SP
14001,-21.17605528,-47.81101201,ribeirão preto,SP
14010,-21.17953957,-47.80859765,ribeirao preto,SP
14015,-21.18121858,-47.80747857,ribeirao preto,SP
14020,-21.20106469,-47.80236638,ribeirao preto,SP
14021,-21.21380975,-47.79487457,ribeirao preto,SP
14022,-21.22987011,-47.78710247,ribeirao preto,SP
14024,-21.21529512,-47.80819446,ribeirao preto,SP
14025,-21.19363849,-47.81519786,ribeirao preto,SP
14026,-21.21488983,-47.82160049,ribeirao preto,SP
14027,-21.22353354,-47.83104529,ribeirão preto,SP
14030,-21.18841873,-47.82938435,ribeirao preto,SP
14031,-21.20102723,-47.84481435,ribeirao preto,SP
14032,-21.18444992,-47.8901469,ribeirao preto,SP
14033,-21.18580697,-47.71883981,ribeirao preto,SP
14040,-21.22765567,-47.92878829,ribeirão preto,SP
14050,-21.17286145,-47.82369974,ribeirao preto,SP
14051,-21.16438861,-47.83692425,ribeirao preto,SP
14055,-21.15700585,-47.82492084,ribeirao preto,SP
14056,-21.14367036,-47.84406812,ribeirao preto,SP
14057,-21.13282921,-47.84643283,ribeirao preto,SP
14060,-21.14050936,-47.81485212,ribeirao preto,SP
14061,-21.12488792,-47.81036556,ribeirao preto,SP
14062,-21.11833752,-47.81920903,ribeirao preto,SP
14065,-21.13397169,-47.83231124,ribeirao preto,SP
14066,-21.126517,-47.82688638,ribeirão preto,SP
14070,-21.11271328,-47.79081007,ribeirao preto,SP
14071,-21.11106688,-47.79937672,ribeirao preto,SP
14072,-21.08846323,-47.79866424,ribeirao preto,SP
14073,-21.0958928,-47.78511077,ribeirao preto,SP
14075,-21.14024484,-47.79106292,ribeirao preto,SP
14076,-21.15670033,-47.78619523,ribeirao preto,SP
14077,-21.12103155,-47.78146747,ribeirão preto,SP
14078,-21.14049592,-47.76651819,ribeirao preto,SP
14079,-21.13412286,-47.74577904,ribeirao preto,SP
14080,-21.15463992,-47.80275271,ribeirao preto,SP
14085,-21.16589817,-47.79796918,ribeirao preto,SP
14090,-21.17989319,-47.78842912,ribeirao preto,SP
14091,-21.190128,-47.78790131,ribeirao preto,SP
14092,-21.17770984,-47.76782008,ribeirao preto,SP
14093,-21.17789126,-47.74337494,ribeirão preto,SP
14094,-21.25249486,-47.8178787,ribeirão preto,SP
14095,-21.191023,-47.76791417,ribeirao preto,SP
14096,-21.20131082,-47.77795247,ribeirao preto,SP
14097,-21.20970326,-47.74097049,ribeirão preto,SP
14098,-21.22334903,-47.76840019,ribeirão preto,SP
14110,-21.25454761,-47.81529077,bonfim paulista,SP
14115,-21.49647901,-48.03023556,guatapará,SP
14120,-21.23981311,-47.9770661,dumont,SP
14140,-21.33931996,-47.73735256,cravinhos,SP
14141,-21.34307744,-47.72849296,cravinhos,SP
14150,-21.20815912,-47.60162093,serrana,SP
14151,-21.19755834,-47.59524633,serrana,SP
14160,-21.13723781,-47.98924446,sertaozinho,SP
14161,-21.12600123,-47.99894979,sertãozinho,SP
14164,-21.11915796,-47.99369636,sertãozinho,SP
14165,-21.1170026,-47.98758762,sertaozinho,SP
14166,-21.13105747,-47.98156097,sertaozinho,SP
14169,-21.1408247,-47.97348125,sertaozinho,SP
14170,-21.14256725,-47.9969127,sertãozinho,SP
14171,-21.15214207,-47.98716132,sertaozinho,SP
14173,-21.17174032,-47.98987074,sertãozinho,SP
14175,-21.15271413,-48.00201606,sertaozinho,SP
14176,-21.14778926,-48.01684194,sertaozinho,SP
14177,-21.1295138,-48.01367828,sertaozinho,SP
14178,-21.11476151,-48.02403122,sertaozinho,SP
14179,-21.0750958,-47.90096023,sertãozinho,SP
14180,-21.02649301,-48.03716929,pontal,SP
14185,-17.65644608,-45.43053856,candia,SP
14200,-21.47477576,-47.56169245,sao simao,SP
14210,-21.55425425,-47.70186197,luis antonio,SP
14220,-21.23845784,-47.79056497,são simão,SP
14230,-21.31194752,-47.5640343,serra azul,SP
14240,-21.27443256,-47.30547622,cajuru,SP
14250,-21.52533991,-47.30521495,santa cruz da esperanca,SP
14260,-21.2811317,-47.16825995,cassia dos coqueiros,SP
14270,-21.4834887,-47.36865063,santa rosa de viterbo,SP
14300,-20.89283208,-47.58503975,batatais,SP
14305,-20.88373048,-47.57430515,batatais,SP
14307,-20.89929861,-47.57950784,batatais,SP
14312,-20.91646835,-47.57421677,batatais,SP
14315,-20.89775351,-47.59026582,batatais,SP
14340,-20.98892691,-47.6546187,brodowski,SP
14350,-21.02118501,-47.3773971,altinopolis,SP
14390,-21.24732242,-47.12564916,santo antonio da alegria,SP
14400,-20.53892468,-47.40138055,franca,SP
14401,-20.52861928,-47.38741,franca,SP
14402,-20.52365341,-47.3642722,franca,SP
14403,-20.55362363,-47.38735912,franca,SP
14404,-20.58064679,-47.3797328,franca,SP
14405,-20.52875914,-47.41110978,franca,SP
14406,-20.53661376,-47.43358388,franca,SP
14407,-20.49625077,-47.41843379,franca,SP
14408,-20.51274918,-47.43727952,franca,SP
14409,-20.49848876,-47.39692949,franca,SP
14410,-20.50254644,-47.37157513,franca,SP
14412,-20.55227392,-47.36041659,franca,SP
14415,-20.64442462,-47.28110046,patrocinio paulista,SP
14420,-20.64231526,-47.22012281,itirapuã,SP
14430,-20.60270955,-47.48195334,restinga,SP
14440,-20.59354685,-47.64170231,sao jose da bela vista,SP
14445,-20.46049187,-47.58847196,ribeirao corrente,SP
14450,-20.30830741,-47.5908843,jeriquara,SP
14460,-20.40795415,-47.41791313,cristais paulista,SP
14470,-20.24844631,-47.4767417,pedregulho,SP
14490,-20.07971242,-47.42466663,rifaina,SP
14500,-20.33141444,-47.78938848,ituverava,SP
14505,-20.24625944,-47.87218322,sao benedito da cachoeirinha,SP
14530,-20.18273219,-48.02780172,miguelopolis,SP
14540,-20.0427297,-47.7505145,igarapava,SP
14550,-20.0922011,-47.79068485,aramina,SP
14570,-20.19351661,-47.70999404,buritizal,SP
14580,-20.4321769,-47.82416382,guara,SP
14590,-23.5255947,-46.54829611,pioneiros,SP
14600,-20.58575139,-47.86369319,sao joaquim da barra,SP
14610,-20.44553113,-48.01402332,ipua,SP
14620,-20.7168236,-47.87953501,orlandia,SP
14640,-20.7282833,-48.05514852,morro agudo,SP
14660,-20.7676271,-47.84072788,sales oliveira,SP
14670,-20.72929875,-47.75232642,nuporanga,SP
14680,-21.02557817,-47.77320119,jardinopolis,SP
14690,-21.05797921,-47.74812309,jurucê,SP
14700,-20.94607984,-48.48676807,bebedouro,SP
14701,-20.95103738,-48.4878437,bebedouro,SP
14702,-20.96256671,-48.47092693,bebedouro,SP
14704,-20.96230114,-48.49032887,bebedouro,SP
14706,-20.93978125,-48.50067942,bebedouro,SP
14707,-20.93344455,-48.49239058,bebedouro,SP
14708,-20.92119488,-48.49718927,bebedouro,SP
14709,-20.92459951,-48.49059077,bebedouro,SP
14710,-20.92998347,-48.47123461,bebedouro,SP
14711,-20.94337743,-48.4644647,bebedouro,SP
14713,-20.92302959,-48.45576868,bebedouro,SP
14715,-21.0519139,-48.47684847,bebedouro,SP
14716,-21.01565587,-48.6460918,bebedouro,SP
14718,-20.99772552,-48.54676718,bebedouro,SP
14720,-21.12467338,-48.44862877,taiúva,SP
14725,-21.14384743,-48.51086498,taiacu,SP
14730,-20.90649544,-48.64248794,monte azul paulista,SP
14733,-20.90566628,-48.64331355,monte azul paulista,SP
14735,-20.8087779,-48.80738519,severinia,SP
14740,-20.86821387,-48.29333486,viradouro,SP
14745,-20.7886917,-48.33040623,terra roxa,SP
14750,-21.00987456,-48.21925564,pitangueiras,SP
14760,-19.88687066,-47.01635693,ibitiuva,SP
14765,-21.07286714,-48.41284118,taquaral,SP
14770,-20.71615283,-48.53525462,colina,SP
14775,-20.69071638,-48.41446864,jaborandi,SP
14780,-20.55627964,-48.57186491,barretos,SP
14781,-20.53893016,-48.55891073,barretos,SP
14783,-20.57143912,-48.57153939,barretos,SP
14784,-20.5782276,-48.55794076,barretos,SP
14785,-20.5739125,-48.58684851,barretos,SP
14786,-20.54619087,-48.60211611,barretos,SP
14787,-20.54229496,-48.57749613,barretos,SP
14789,-20.61491238,-48.76359026,barretos,SP
14790,-20.32499012,-48.32013129,guaira,SP
14795,-20.18086263,-48.68725711,colombia,SP
14800,-21.80577858,-48.18222242,araraquara,SP
14801,-21.79078272,-48.18550247,araraquara,SP
14802,-21.77222571,-48.18022223,araraquara,SP
14803,-21.80269734,-48.20525961,araraquara,SP
14804,-21.76715858,-48.19822719,araraquara,SP
14805,-21.74845697,-48.18604647,araraquara,SP
14806,-21.75125794,-48.15881579,araraquara,SP
14807,-21.80440043,-48.16063426,araraquara,SP
14808,-21.82152967,-48.1448594,araraquara,SP
14809,-21.74219193,-48.15205174,araraquara,SP
14810,-21.78007637,-48.15914227,araraquara,SP
14811,-21.78132425,-48.14382109,araraquara,SP
14813,-21.83842503,-48.4927133,gaviao peixoto,SP
14815,-21.95050314,-48.00218931,ibaté,SP
14820,-21.73321509,-48.10993988,americo brasiliense,SP
14825,-21.68666004,-48.08393415,santa lucia,SP
14830,-21.58664947,-48.07501216,rincao,SP
14835,-21.50979128,-48.15053356,motuca,SP
14840,-21.36350171,-48.22960078,guariba,SP
14850,-21.3599368,-48.07391298,pradopolis,SP
14860,-21.19088564,-48.15620879,barrinha,SP
14870,-21.25717364,-48.32096387,jaboticabal,SP
14871,-21.26692466,-48.33003526,jaboticabal,SP
14875,-21.25239312,-48.33863014,jaboticabal,SP
14876,-21.24212868,-48.3348243,jaboticabal,SP
14882,-21.24564992,-48.3179007,jaboticabal,SP
14883,-21.2461737,-48.30893828,jaboticabal,SP
14884,-21.2357632,-48.24141576,jaboticabal,SP
14887,-21.26130514,-48.30695136,jaboticabal,SP
14890,-21.2726751,-48.31899751,jaboticabal,SP
14892,-21.16489006,-48.37745769,jaboticabal,SP
14896,-21.28944802,-48.2640986,jaboticabal,SP
14900,-21.59434057,-48.81108426,itapolis,SP
14904,-21.51689531,-48.68957899,nova america,SP
14907,-21.4465572,-48.7873704,tapinas,SP
14910,-21.73706314,-48.6876009,tabatinga,SP
14915,-11.38567902,-51.346781,curupa,SP
14920,-21.78047277,-48.56577874,nova europa,SP
14930,-21.99367386,-48.39018235,boa esperanca do sul,SP
14935,-22.03916871,-48.3388778,trabiju,SP
14940,-21.75732064,-48.82974353,ibitinga,SP
14955,-21.6207864,-49.07491799,borborema,SP
14960,-21.46960096,-49.22221685,novo horizonte,SP
14980,-21.34221117,-49.49988763,sales,SP
14990,-21.27964336,-49.40931194,irapua,SP
15010,-20.81321612,-49.38171086,sao jose do rio preto,SP
15013,-20.82895271,-49.33051844,são josé do rio preto,SP
15014,-20.81895923,-49.37734636,sao jose do rio preto,SP
15015,-20.81912075,-49.37902792,sao jose do rio preto,SP
15020,-20.819922,-49.40268508,sao jose do rio preto,SP
15025,-20.80670693,-49.38916454,sao jose do rio preto,SP
15030,-20.79658993,-49.38767445,sao jose do rio preto,SP
15035,-20.81270749,-49.41503971,sao jose do rio preto,SP
15038,-20.8270145,-49.37834631,sao jose do rio preto,SP
15040,-20.79961526,-49.41535823,são josé do rio preto,SP
15041,-20.79037357,-49.41826248,sao jose do rio preto,SP
15042,-20.79157799,-49.43261033,sao jose do rio preto,SP
15043,-20.78712469,-49.39943437,sao jose do rio preto,SP
15044,-20.78109681,-49.41813874,sao jose do rio preto,SP
15045,-20.77858736,-49.39372693,sao jose do rio preto,SP
15046,-20.7768636,-49.36411122,sao jose do rio preto,SP
15047,-20.7639654,-49.40465259,são josé do rio preto,SP
15048,-20.84258175,-49.4744638,sao jose do rio preto,SP
15050,-20.7895804,-49.37249936,sao jose do rio preto,SP
15051,-20.7908768,-49.37011632,sao jose do rio preto,SP
15052,-20.76217138,-49.36429513,sao jose do rio preto,SP
15053,-20.77738504,-49.36534595,sao jose do rio preto,SP
15054,-20.78666298,-49.35932711,sao jose do rio preto,SP
15055,-20.79406897,-49.36508132,sao jose do rio preto,SP
15056,-20.77416529,-49.34091812,sao jose do rio preto,SP
15057,-20.79186818,-49.34325878,sao jose do rio preto,SP
15060,-20.80159869,-49.36761679,sao jose do rio preto,SP
15061,-20.81036071,-49.34854546,sao jose do rio preto,SP
15062,-20.83040639,-49.33893872,sao jose do rio preto,SP
15063,-20.81200838,-49.33790737,sao jose do rio preto,SP
15064,-20.78797874,-49.28603407,sao jose do rio preto,SP
15070,-20.81800721,-49.36232012,sao jose do rio preto,SP
15075,-20.82161097,-49.35293067,sao jose do rio preto,SP
15076,-20.83204464,-49.3533448,sao jose do rio preto,SP
15077,-20.85148648,-49.33805139,sao jose do rio preto,SP
15080,-20.83121246,-49.3696796,sao jose do rio preto,SP
15081,-20.84479469,-49.36263007,são josé do rio preto,SP
15082,-20.84857774,-49.36767683,sao jose do rio preto,SP
15084,-20.82983781,-49.37839232,sao jose do rio preto,SP
15085,-20.83620882,-49.38807096,sao jose do rio preto,SP
15086,-20.8430164,-49.38202874,sao jose do rio preto,SP
15090,-20.83549518,-49.39469216,sao jose do rio preto,SP
15091,-20.83707045,-49.40318257,sao jose do rio preto,SP
15092,-20.83623242,-49.41325557,sao jose do rio preto,SP
15093,-20.85538022,-49.41099951,são josé do rio preto,SP
15102,-20.69994443,-49.11292375,sao jose do rio preto,SP
15104,-20.92140985,-49.08430935,sao jose do rio preto,SP
15105,-21.04503371,-49.37615781,potirendaba,SP
15108,-20.6598833,-49.38823402,ipigua,SP
15110,-20.79454307,-49.22462306,guapiacu,SP
15115,-20.91711534,-49.45081884,bady bassitt,SP
15120,-20.84395822,-49.63110181,neves paulista,SP
15130,-20.814772,-49.50692752,mirassol,SP
15131,-20.8115105,-49.52890705,mirassol,SP
15132,-20.81057062,-49.51608742,mirassol,SP
15133,-20.80489751,-49.49759678,mirassol,SP
15135,-20.81387083,-49.50856481,mirassol,SP
15137,-20.8217068,-49.49248724,mirassol,SP
15138,-20.82504119,-49.50078306,mirassol,SP
15140,-20.73716392,-49.58219749,bálsamo,SP
15145,-20.61189948,-49.46512515,mirassolandia,SP
15150,-20.77000224,-49.71183362,monte aprazível,SP
15154,-20.68326475,-49.68978312,engenheiro balduíno,SP
15155,-20.88470931,-49.57192076,jaci,SP
15160,-20.78496644,-49.8141824,poloni,SP
15170,-20.62352159,-49.65195845,tanabi,SP
15180,-20.65796381,-49.92185764,sebastianopolis do sul,SP
15190,-20.69353743,-50.04249909,nhandeara,SP
15195,-20.68842686,-50.05102479,nhandeara,SP
15200,-21.05779826,-49.6899104,jose bonifacio,SP
15210,-21.01830255,-49.50347836,nova alianca,SP
15215,-22.4356384,-46.82166987,nova itapirema,SP
15220,-21.18468406,-49.57940128,mendonca,SP
15225,-21.16382608,-49.71722479,ubarana,SP
15230,-21.23445646,-49.64271565,adolfo,SP
15240,-20.91308387,-49.77811857,nipoa,SP
15250,-20.88802865,-49.89560981,uniao paulista,SP
15260,-21.03286231,-49.92797976,planalto,SP
15265,-21.05043133,-50.05272655,zacarias,SP
15270,-20.80439846,-49.96359837,macaubal,SP
15275,-20.85248052,-50.09068915,moncoes,SP
15280,-20.94990926,-50.10706363,turiuba,SP
15285,-20.96536802,-50.225589,lourdes,SP
15290,-21.06728751,-50.14440187,buritama,SP
15300,-20.64696405,-50.36256371,general salgado,SP
15310,-20.64565248,-50.22331851,magda,SP
15313,-20.76454973,-50.34304347,nova castilho,SP
15315,-20.51400229,-50.35275591,sao joao de iracema,SP
15320,-20.67678634,-50.14921261,floreal,SP
15330,-20.79775015,-50.19144036,gastao vidigal,SP
15340,-20.85645116,-50.26211321,nova luzitania,SP
15350,-20.68508317,-50.55462076,auriflama,SP
15355,-20.64874414,-50.65988903,guzolandia,SP
15360,-20.68943924,-50.92323221,sud mennucci,SP
15367,-23.10624149,-50.37795705,bandeirantes d'oeste,SP
15370,-20.64205787,-51.10701068,pereira barreto,SP
15380,-20.50081021,-51.02644096,suzanapolis,SP
15385,-20.4288872,-51.34047021,ilha solteira,SP
15390,-20.64306258,-51.50708311,itapura,SP
15397,-20.64122528,-51.50813873,itapura,SP
15400,-20.73752999,-48.90903647,olimpia,SP
15405,-20.69019809,-49.06794577,baguacu,SP
15410,-20.87787538,-48.81096249,cajobi,SP
15417,-23.1628017,-47.1677602,monte verde paulista,SP
15420,-20.49622493,-48.94544905,guaraci,SP
15425,-20.98173336,-48.8364024,embauba,SP
15430,-20.5250246,-49.06086757,altair,SP
15440,-20.53638713,-49.32085573,nova granada,SP
15450,-20.60816446,-49.29805908,onda verde,SP
15460,-20.34044522,-49.19827509,icem,SP
15470,-20.3896921,-49.43452931,palestina,SP
15480,-20.18526743,-49.35290379,orindiuva,SP
15490,-20.03191228,-49.40546507,paulo de faria,SP
15495,-19.98166666,-49.67993196,riolândia,SP
15500,-20.42026978,-49.97168388,votuporanga,SP
15501,-20.43175742,-49.97463018,votuporanga,SP
15502,-20.41636376,-49.98500395,votuporanga,SP
15503,-20.39867265,-49.97325952,votuporanga,SP
15504,-20.41951468,-49.94898121,votuporanga,SP
15505,-20.42276383,-49.96673754,votuporanga,SP
15506,-20.4220665,-49.9991445,votuporanga,SP
15507,-20.40891104,-49.99431084,votuporanga,SP
15515,-20.45209649,-49.89339648,votuporanga,SP
15520,-20.42179236,-50.08289205,valentim gentil,SP
15525,-20.30599153,-50.01115068,parisi,SP
15530,-20.48003711,-49.77624322,cosmorama,SP
15540,-20.32133155,-49.90855488,alvares florence,SP
15545,-26.29441316,-48.82067181,boa vista dos andradas,SP
15550,-20.29935894,-49.73264497,americo de campos,SP
15560,-20.18443074,-49.70282581,pontes gestal,SP
15570,-20.08094181,-49.91269318,cardoso,SP
15580,-19.97561328,-50.1343924,mira estrela,SP
15600,-20.28412254,-50.24970394,fernandopolis,SP
15601,-20.29330885,-50.25631825,fernandopolis,SP
15603,-20.28692843,-50.24182344,fernandopolis,SP
15604,-20.30231229,-50.2465483,fernandópolis,SP
15607,-20.27774601,-50.24585593,fernandopolis,SP
15608,-20.27224303,-50.24157128,fernandopolis,SP
15610,-20.27992377,-50.25579886,brasitânia,SP
15612,-20.27649557,-50.25664277,fernandopolis,SP
15617,-20.28059338,-50.25518563,brasitania,SP
15620,-20.14639242,-50.19574466,macedonia,SP
15625,-20.35824123,-50.17546015,meridiano,SP
15630,-20.24910944,-50.11125022,pedranopolis,SP
15640,-20.89170565,-49.72381215,são joão das duas pontes,SP
15650,-20.28548453,-50.39756172,estrela d'oeste,SP
15670,-19.94298711,-50.53746037,populina,SP
15680,-20.07466716,-50.33937959,guarani d'oeste,SP
15685,-20.00168961,-50.37528235,ouroeste,SP
15690,-19.97938665,-50.28778912,indiapora,SP
15700,-20.26959078,-50.5434357,jales,SP
15703,-20.27896539,-50.54226242,jales,SP
15704,-20.28001846,-50.55143505,jales,SP
15706,-20.26988558,-50.55874639,jales,SP
15707,-20.25340464,-50.54977811,jales,SP
15708,-20.2632907,-50.52517241,jales,SP
15710,-20.36121089,-50.69449562,sao francisco,SP
15713,-20.19822592,-50.484413,vitória brasil,SP
15715,-20.46622385,-50.60686225,dirce reis,SP
15718,-20.44025782,-50.5219839,pontalinda,SP
15720,-20.41590496,-50.7621544,palmeira d'oeste,SP
15730,-20.44132955,-50.82309917,marinopolis,SP
15735,-20.45371607,-50.88276639,aparecida d oeste,SP
15740,-20.12352209,-50.51191688,dolcinopolis,SP
15745,-20.10058497,-50.58720255,paranapua,SP
15748,-19.96674179,-50.62125745,mesopolis,SP
15750,-20.03029809,-50.72841137,santa albertina,SP
15755,-20.05364867,-50.47591844,turmalina,SP
15760,-20.24649225,-50.64351826,urania,SP
15763,-20.16051097,-50.72588443,aspasia,SP
15765,-20.2531297,-50.79879644,santana da ponte pensa,SP
15768,-20.24555034,-50.69013594,santa salete,SP
15770,-20.23580544,-50.88976383,tres fronteiras,SP
15773,-20.38262457,-50.94343646,nova canaa paulista,SP
15775,-20.22052679,-50.90342437,santa fe do sul,SP
15780,-20.14465096,-50.83178282,santa rita d'oeste,SP
15785,-20.09252686,-50.92708151,santa clara d'oeste,SP
15790,-20.17231754,-51.000824,rubineia,SP
15800,-21.14135803,-48.97534938,catanduva,SP
15801,-21.13761925,-48.98140795,catanduva,SP
15802,-21.14338895,-48.99531396,catanduva,SP
15803,-21.12872616,-48.99295368,catanduva,SP
15804,-21.12102843,-48.97081828,catanduva,SP
15805,-21.12241502,-48.96331895,catanduva,SP
15806,-21.13261157,-48.95877121,catanduva,SP
15807,-21.12384851,-48.95129208,catanduva,SP
15808,-21.14321774,-48.94718765,catanduva,SP
15809,-21.14469353,-48.96367251,catanduva,SP
15810,-21.15414272,-48.97133354,catanduva,SP
15811,-21.17846381,-48.99948276,catanduva,SP
15812,-21.15910359,-48.99296454,catanduva,SP
15813,-21.12894494,-49.01716862,catanduva,SP
15816,-21.15929949,-48.94485414,catanduva,SP
15820,-21.09562842,-48.66404772,pirangi,SP
15823,-21.1692107,-49.10985806,elisiario,SP
15825,-21.01941409,-48.77458331,paraiso,SP
15828,-21.08625167,-48.80456759,palmares paulista,SP
15830,-21.1841704,-48.90797333,pindorama,SP
15835,-21.25470113,-48.97940817,roberto,SP
15840,-21.31499775,-49.05541731,itajobi,SP
15845,-21.25679422,-49.13022149,marapoama,SP
15850,-21.20403859,-49.29305457,urupes,SP
15855,-26.21388116,-47.8851513,sao joao de itaguacu,SP
15860,-21.08270715,-49.23953425,ibira,SP
15868,-21.08102635,-49.24164245,termas de ibira,SP
15870,-21.05239269,-49.05981951,catiguá,SP
15880,-20.96370392,-49.03260884,tabapua,SP
15885,-20.99543528,-48.91933172,novais,SP
15890,-20.95405307,-49.17415232,uchoa,SP
15895,-20.90411356,-49.26857485,cedral,SP
15900,-21.40527877,-48.50445359,taquaritinga,SP
15903,-21.44830591,-48.57495884,taquaritinga,SP
15905,-21.40372075,-48.49869815,jurupema,SP
15910,-21.26345922,-48.49549673,monte alto,SP
15915,-21.59533286,-48.12446105,aparecida de monte alto,SP
15920,-21.17208101,-48.63242208,vista alegre do alto,SP
15930,-21.32448629,-48.63223957,cândido rodrigues,SP
15940,-21.2671348,-48.68667852,fernando prestes,SP
15945,-21.99881545,-47.4927152,agulha,SP
15950,-21.24349949,-48.80481039,santa adelia,SP
15953,-21.97589148,-47.67509017,botelho,SP
15960,-21.18958834,-48.78771759,ariranha,SP
15970,-21.46112474,-48.39023351,santa ernestina,SP
15980,-21.51861255,-48.3922026,dobrada,SP
15990,-21.60480477,-48.3655611,matao,SP
15991,-21.637688,-48.33536994,matao,SP
15993,-21.62276653,-48.36457234,matao,SP
15995,-21.59927249,-48.38883068,matao,SP
15996,-21.58819098,-48.37488382,matao,SP
15997,-21.59217272,-48.35693706,matao,SP
15999,-21.55063142,-48.53124624,matão,SP
16010,-21.20829301,-50.44037745,aracatuba,SP
16011,-21.20663968,-50.42442813,aracatuba,SP
16012,-21.21170599,-50.40363945,araçatuba,SP
16013,-21.22009129,-50.41656093,aracatuba,SP
16015,-21.21267464,-50.43413879,aracatuba,SP
16016,-21.23215141,-50.42328277,aracatuba,SP
16018,-21.22763532,-50.43629631,aracatuba,SP
16020,-21.22265403,-50.44648725,araçatuba,SP
16021,-21.22753701,-50.45588703,aracatuba,SP
16022,-21.2323087,-50.46392319,aracatuba,SP
16023,-21.22827584,-50.47190748,araçatuba,SP
16025,-21.21341344,-50.45480091,araçatuba,SP
16026,-21.21730764,-50.46875515,aracatuba,SP
16050,-21.19657052,-50.44251107,aracatuba,SP
16052,-21.16991711,-50.43855198,aracatuba,SP
16055,-21.19324095,-50.42907976,aracatuba,SP
16056,-21.18666386,-50.42837346,aracatuba,SP
16057,-21.17263501,-50.44930551,araçatuba,SP
16058,-21.16192352,-50.45536012,aracatuba,SP
16067,-21.1781673,-50.45148103,aracatuba,SP
16070,-21.20067991,-50.47847523,aracatuba,SP
16071,-21.20563607,-50.46543209,aracatuba,SP
16072,-21.20178667,-50.45806675,aracatuba,SP
16074,-21.19328872,-50.45279407,aracatuba,SP
16075,-21.1860344,-50.45928346,aracatuba,SP
16076,-21.1833607,-50.48536885,aracatuba,SP
16078,-21.17076425,-50.46967141,aracatuba,SP
16080,-21.14657514,-50.46475458,araçatuba,SP
16087,-21.20289946,-50.43200533,araçatuba,SP
16130,-21.0780325,-50.2419349,santo antonio do aracangua,SP
16200,-21.2949538,-50.34326736,birigui,SP
16201,-21.27182721,-50.33058557,birigui,SP
16202,-21.2852508,-50.31903969,birigui,SP
16203,-21.297098,-50.32511826,birigui,SP
16204,-21.30335472,-50.35408749,birigüi,SP
16205,-21.3077206,-50.36553575,birigui,SP
16206,-21.2869902,-50.36094937,birigui,SP
16207,-21.30259785,-50.37654067,birigui,SP
16208,-21.24488368,-50.32219195,birigui,SP
16210,-21.40261065,-50.47539636,bilac,SP
16220,-21.53016521,-50.55255132,gabriel monteiro,SP
16230,-21.59264821,-50.5992118,piacatu,SP
16240,-21.63708613,-50.50060038,santopolis do aguapei,SP
16250,-21.56018491,-50.44580032,clementina,SP
16260,-21.35551801,-50.28463472,coroados,SP
16265,-21.16764671,-50.18544719,brejo alegre,SP
16270,-21.38222214,-50.20917052,glicerio,SP
16280,-22.52583237,-48.37461357,juritis,SP
16290,-21.50427602,-50.32234439,brauna,SP
16300,-21.4207199,-50.07647119,penapolis,SP
16301,-21.42700225,-50.06500913,penapolis,SP
16303,-21.42916492,-50.07236055,penápolis,SP
16304,-21.43740266,-50.07693057,penapolis,SP
16305,-21.429446,-50.08791776,penápolis,SP
16306,-21.41485121,-50.08817278,penapolis,SP
16308,-21.41093046,-50.08044341,penapolis,SP
16309,-21.39769776,-50.08029269,penapolis,SP
16310,-21.5832955,-50.16748933,alto alegre,SP
16340,-21.6754931,-50.32830014,luiziania,SP
16350,-21.26567254,-49.95032168,barbosa,SP
16360,-21.46071006,-49.94644522,avanhandava,SP
16370,-21.54099997,-49.85685845,promissao,SP
16400,-21.67390697,-49.75805944,lins,SP
16401,-21.66403972,-49.74234336,lins,SP
16402,-21.67670443,-49.73311413,lins,SP
16403,-21.68959954,-49.74510896,lins,SP
16404,-21.6766883,-49.74786566,lins,SP
16406,-21.65681004,-49.76501765,lins,SP
16430,-21.62209956,-49.79596178,guaicara,SP
16440,-21.46026294,-49.57708358,sabino,SP
16450,-21.79974665,-49.93136486,getulina,SP
16480,-21.90997954,-49.89617225,guaimbe,SP
16500,-21.8032006,-49.60221269,cafelandia,SP
16510,-22.27641683,-51.48329407,simoes,SP
16570,-21.89465753,-49.58914012,guaranta,SP
16600,-21.99631103,-49.45469125,pirajui,SP
16640,-21.90126242,-49.35683857,balbinos,SP
16650,-21.78357829,-49.2816713,uru,SP
16660,-21.73710698,-49.35810192,pongai,SP
16670,-22.0979359,-49.43857556,presidente alves,SP
16680,-22.15783191,-49.33213362,avai,SP
16700,-21.25058666,-50.64644504,guararapes,SP
16750,-21.30200222,-50.73460813,rubiacea,SP
16790,-21.27350407,-50.81125027,bento de abreu,SP
16800,-21.13250368,-51.10318656,mirandopolis,SP
16830,-23.49502295,-46.80114289,tres aliancas,SP
16850,-21.16740747,-51.04346288,lavinia,SP
16880,-21.22594825,-50.86690159,valparaiso,SP
16900,-20.9054692,-51.38162723,andradina,SP
16901,-20.8944988,-51.37393892,andradina,SP
16902,-20.90530969,-51.35871182,andradina,SP
16903,-20.90132544,-51.39510258,andradina,SP
16905,-20.88409783,-51.36690939,andradina,SP
16920,-20.86684716,-51.49176549,castilho,SP
16940,-21.10756105,-51.491343,nova independencia,SP
16950,-20.99263572,-51.27852022,murutinga do sul,SP
16980,-21.03322284,-51.20801739,guaracai,SP
17010,-22.31973741,-49.07239316,bauru,SP
17011,-22.33188345,-49.05375156,bauru,SP
17012,-22.33652518,-49.05938162,bauru,SP
17013,-22.32133471,-49.06017289,bauru,SP
17014,-22.33479319,-49.07545611,bauru,SP
17015,-22.32648905,-49.07305214,bauru,SP
17016,-22.3413692,-49.07001814,bauru,SP
17017,-22.3471945,-49.05968915,bauru,SP
17018,-22.35993449,-49.05132453,bauru,SP
17020,-22.30620092,-49.06662478,bauru,SP
17021,-22.29876544,-49.07770984,bauru,SP
17022,-22.27731399,-49.07511886,bauru,SP
17023,-22.28247757,-49.0572125,bauru,SP
17024,-22.29686848,-49.06301405,bauru,SP
17025,-22.30314894,-49.05251683,bauru,SP
17026,-22.2947139,-49.04569577,bauru,SP
17027,-22.28669337,-49.0329521,bauru,SP
17030,-22.32200116,-49.0457513,bauru,SP
17031,-22.32363277,-49.02079898,bauru,SP
17032,-22.32247412,-49.02934087,bauru,SP
17033,-22.33216742,-49.03155568,bauru,SP
17034,-22.31073247,-49.02885169,bauru,SP
17035,-22.32211536,-49.00057519,bauru,SP
17037,-22.33984696,-48.95319616,bauru,SP
17039,-22.30720357,-48.99834272,bauru,SP
17047,-22.33642322,-49.04337432,bauru,SP
17048,-22.37161331,-49.03073079,bauru,SP
17050,-22.32554921,-49.09433054,bauru,SP
17051,-22.33098509,-49.09994407,bauru,SP
17052,-22.34076069,-49.0950697,bauru,SP
17053,-22.36584451,-49.07472118,bauru,SP
17054,-22.34704114,-49.08949942,bauru,SP
17055,-22.33906624,-49.11084213,bauru,SP
17056,-22.35382705,-49.10147136,bauru,SP
17057,-22.32318399,-49.11974731,bauru,SP
17060,-22.31513966,-49.08238956,bauru,SP
17063,-22.30955529,-49.08901494,bauru,SP
17064,-22.30424086,-49.09019352,bauru,SP
17065,-22.31437941,-49.11819277,bauru,SP
17066,-22.30635237,-49.11174199,bauru,SP
17067,-22.30936436,-49.10223973,bauru,SP
17110,-21.98676868,-48.82150376,bauru,SP
17120,-22.47103732,-48.98621476,agudos,SP
17123,-22.54855445,-49.09989862,agudos,SP
17128,-22.46014649,-48.98384959,agudos,SP
17132,-22.4676478,-48.98338748,agudos,SP
17150,-22.5780721,-49.40335899,paulistania,SP
17160,-22.02950146,-48.91356673,arealva,SP
17170,-23.70433445,-46.71218969,jacuba,SP
17180,-21.89216326,-49.02157232,iacanga,SP
17190,-21.88149253,-49.2646981,reginopolis,SP
17201,-22.2943603,-48.55852369,jau,SP
17202,-22.30040339,-48.560113,jau,SP
17203,-22.30319494,-48.57123608,jaú,SP
17204,-22.29251614,-48.57785806,jau,SP
17205,-22.29290511,-48.5682614,jau,SP
17206,-22.26644265,-48.56846937,jaú,SP
17207,-22.28381321,-48.55770436,jau,SP
17208,-22.27329377,-48.55480014,jaú,SP
17209,-22.27524897,-48.54358425,jau,SP
17210,-22.28556436,-48.53505781,jaú,SP
17211,-22.30184559,-48.54323163,jau,SP
17212,-22.31706208,-48.5469451,jau,SP
17213,-22.31126719,-48.57966308,jau,SP
17214,-22.28819826,-48.51269201,jau,SP
17215,-22.26734849,-48.54760377,jau,SP
17220,-22.36547844,-48.66729236,jau,SP
17230,-22.23455858,-48.721835,itapui,SP
17240,-22.1418663,-48.5278032,bocaina,SP
17250,-22.07402227,-48.74025622,bariri,SP
17260,-21.9816838,-48.80533121,itaju,SP
17270,-22.1961338,-48.77801123,boraceia,SP
17280,-22.34801312,-48.7844957,pederneiras,SP
17285,-22.31151411,-48.89054504,guaianas,SP
17288,-22.19728804,-48.87553298,santelmo,SP
17290,-22.51409345,-48.71694212,macatuba,SP
17300,-22.3680246,-48.38626198,dois corregos,SP
17310,-22.25035168,-48.38464116,guarapua,SP
17320,-22.413396,-48.45129697,mineiros do tiete,SP
17340,-22.48619767,-48.55959102,barra bonita,SP
17350,-22.51618721,-48.56280549,igaracu do tiete,SP
17360,-22.43145413,-48.16996617,torrinha,SP
17370,-22.56963967,-48.15539871,santa maria da serra,SP
17380,-22.28215497,-48.12510156,brotas,SP
17400,-22.21147148,-49.65862497,garca,SP
17405,-22.21192292,-49.70655036,jafa,SP
17410,-22.08248983,-49.71827152,álvaro de carvalho,SP
17420,-22.41498476,-49.81715454,lupércio,SP
17430,-22.44209414,-49.76395152,alvinlandia,SP
17440,-22.52761344,-49.66175276,ubirajara,SP
17450,-22.29283798,-49.55042809,galia,SP
17455,-22.360284,-49.52102141,fernao,SP
17470,-22.41517886,-49.40622015,duartina,SP
17475,-22.43082001,-49.52193824,lucianópolis,SP
17479,-22.41440622,-49.41399678,duartina,SP
17480,-22.45654261,-49.33753259,cabralia paulista,SP
17490,-22.41459971,-49.13935966,piratininga,SP
17492,-22.41585336,-49.14272138,piratininga,SP
17495,-22.4133056,-49.1440172,piratininga,SP
17498,-22.41954049,-49.13928907,piratininga,SP
17500,-22.21807154,-49.95022136,marilia,SP
17501,-22.22245449,-49.9469823,marilia,SP
17502,-22.22353743,-49.95851395,marilia,SP
17503,-22.22343356,-49.96504857,marilia,SP
17504,-22.21386503,-49.95851972,marilia,SP
17505,-22.2018584,-49.96832318,marilia,SP
17506,-22.20342138,-49.95906783,marilia,SP
17507,-22.1908842,-49.96365584,marilia,SP
17509,-22.21233515,-49.94566119,marilia,SP
17510,-22.19720677,-49.95219527,marília,SP
17511,-22.17914109,-49.95694812,marilia,SP
17512,-22.15880124,-49.96150595,marilia,SP
17513,-22.20322913,-49.93870968,marilia,SP
17514,-22.18558668,-49.92633365,marilia,SP
17515,-22.21105424,-49.93879802,marilia,SP
17516,-22.22327861,-49.92623449,marilia,SP
17519,-22.22996263,-49.93618853,marilia,SP
17520,-22.23908954,-49.92502404,marilia,SP
17521,-22.23952171,-49.91668498,marilia,SP
17522,-22.249301,-49.93028262,marília,SP
17523,-22.25167779,-49.93857135,marilia,SP
17524,-22.24170675,-49.93219852,marilia,SP
17525,-22.23504307,-49.96592018,marilia,SP
17526,-22.23438343,-49.97666729,marilia,SP
17527,-22.2193693,-49.9744732,marilia,SP
17532,-22.22561246,-49.96333936,marília,SP
17533,-22.18749835,-49.97903412,marilia,SP
17539,-22.22080249,-49.88410107,marilia,SP
17540,-22.43978584,-49.92041816,ocaucu,SP
17550,-22.01093463,-49.79005464,julio mesquita,SP
17560,-22.22217393,-49.82267432,vera cruz,SP
17570,-22.1538462,-50.09395033,oriente,SP
17580,-22.10367343,-50.17893614,pompeia,SP
17590,-21.79887288,-50.2400247,queiroz,SP
17600,-21.93448455,-50.51398229,tupa,SP
17601,-21.92686405,-50.5141375,tupa,SP
17602,-21.93054778,-50.49834751,tupa,SP
17603,-21.94207188,-50.50082739,tupa,SP
17604,-21.94309144,-50.51676304,tupa,SP
17605,-21.93506719,-50.52481883,tupa,SP
17606,-21.92846549,-50.52568357,tupa,SP
17607,-21.92145205,-50.52287727,tupa,SP
17610,-21.92310421,-50.50300799,tupa,SP
17625,-22.08293268,-50.54039918,tupa,SP
17630,-21.7735061,-50.46472672,arco-iris,SP
17650,-22.00349487,-50.38773724,herculandia,SP
17670,-22.06956656,-50.30397738,quintana,SP
17680,-21.85804493,-50.68885369,iacri,SP
17690,-21.92125765,-50.73237742,bastos,SP
17700,-21.79571102,-50.87927777,osvaldo cruz,SP
17710,-21.883056,-50.95564936,sagres,SP
17720,-21.62426881,-50.85892897,salmourão,SP
17730,-21.78166537,-50.79155692,parapua,SP
17740,-21.72541052,-50.72376136,rinopolis,SP
17760,-21.76936374,-50.96195845,inubia paulista,SP
17780,-21.72362474,-51.01915775,lucelia,SP
17790,-21.85140104,-51.08551972,pracinha,SP
17800,-21.68423891,-51.07601534,adamantina,SP
17810,-21.79608569,-51.18213886,mariapolis,SP
17830,-21.61440179,-51.1717225,florida paulista,SP
17860,-21.56305954,-51.26333288,pacaembu,SP
17870,-21.67684997,-51.38098149,flora rica,SP
17880,-21.56772666,-51.35147355,irapuru,SP
17890,-21.5114469,-51.43577489,junqueiropolis,SP
17900,-21.48639336,-51.53374414,dracena,SP
17905,-24.22858575,-46.8834127,jamaica,SP
17920,-21.48980966,-51.7009823,ouro verde,SP
17930,-21.38586686,-51.57363397,tupi paulista,SP
17940,-21.35200603,-51.75361888,santa mercedes,SP
17950,-21.33245586,-51.6459699,nova guataporanga,SP
17960,-21.29946862,-51.56781321,monte castelo,SP
17970,-21.26604788,-51.66720302,sao joao do pau d'alho,SP
17980,-21.36187314,-51.85690282,panorama,SP
17990,-21.31117248,-51.83490237,pauliceia,SP
18010,-23.50069966,-47.45936934,sorocaba,SP
18013,-23.49111563,-47.43011044,sorocaba,SP
18015,-23.50275463,-47.43045059,sorocaba,SP
18016,-23.49546424,-47.42828679,sorocaba,SP
18017,-23.49257822,-47.4109167,sorocaba,SP
18020,-23.50681869,-47.44565113,sorocaba,SP
18021,-23.50831104,-47.42866745,sorocaba,SP
18022,-23.52468862,-47.4405785,sorocaba,SP
18023,-23.51053162,-47.35567459,sorocaba,SP
18025,-23.51561244,-47.44346054,sorocaba,SP
18030,-23.51053897,-47.45966979,sorocaba,SP
18031,-23.51702258,-47.45776298,sorocaba,SP
18035,-23.50100872,-47.46202592,sorocaba,SP
18040,-23.50554795,-47.46970526,sorocaba,SP
18043,-23.50565448,-47.47911514,sorocaba,SP
18044,-23.5101865,-47.47802969,sorocaba,SP
18045,-23.51904649,-47.48526575,sorocaba,SP
18046,-23.52197783,-47.47440851,sorocaba,SP
18047,-23.52037683,-47.46298465,sorocaba,SP
18048,-23.53688953,-47.46968686,sorocaba,SP
18050,-23.51494276,-47.49952973,sorocaba,SP
18051,-23.51803615,-47.50354677,sorocaba,SP
18052,-23.53173195,-47.49980351,sorocaba,SP
18053,-23.50113159,-47.51857928,sorocaba,SP
18054,-23.49366256,-47.52355978,sorocaba,SP
18055,-23.4973165,-47.50160216,sorocaba,SP
18056,-23.50720326,-47.50348495,sorocaba,SP
18057,-23.47985623,-47.50984988,sorocaba,SP
18060,-23.49138635,-47.47060625,sorocaba,SP
18061,-23.49545507,-47.48491381,sorocaba,SP
18065,-23.48549047,-47.47950406,sorocaba,SP
18066,-23.48117232,-47.49547583,sorocaba,SP
18070,-23.47353065,-47.48346955,sorocaba,SP
18071,-23.4630055,-47.50261675,sorocaba,SP
18072,-23.43354752,-47.50917937,sorocaba,SP
18073,-23.39282911,-47.51910164,sorocaba,SP
18074,-23.45358451,-47.48851312,sorocaba,SP
18075,-23.47403035,-47.46739715,sorocaba,SP
18076,-23.46420471,-47.47145666,sorocaba,SP
18077,-23.4539758,-47.47370908,sorocaba,SP
18078,-23.43807906,-47.46774085,sorocaba,SP
18079,-23.43631474,-47.47137629,sorocaba,SP
18080,-23.4852228,-47.4598699,sorocaba,SP
18081,-23.47724526,-47.45071002,sorocaba,SP
18084,-23.47591159,-47.41709677,sorocaba,SP
18085,-23.47241457,-47.43366923,sorocaba,SP
18086,-23.44760898,-47.44713634,sorocaba,SP
18087,-23.45917305,-47.4045458,sorocaba,SP
18090,-23.48159964,-47.44821483,sorocaba,SP
18095,-23.48904875,-47.44884571,sorocaba,SP
18103,-23.4191679,-47.41672111,sorocaba,SP
18104,-23.41168833,-47.38957405,sorocaba,SP
18105,-23.40158742,-47.37933623,sorocaba,SP
18108,-23.4998594,-47.37469833,sorocaba,SP
18110,-23.54331962,-47.45738003,votorantim,SP
18111,-23.5349665,-47.44026604,votorantim,SP
18112,-23.5298542,-47.43372142,votorantim,SP
18113,-23.53811464,-47.41477995,votorantim,SP
18114,-23.54369588,-47.43626175,votorantim,SP
18115,-23.56148137,-47.45059206,votorantim,SP
18116,-23.55105683,-47.46253507,votorantim,SP
18117,-23.56927165,-47.46015473,votorantim,SP
18118,-23.47546186,-46.85306483,votorantim,SP
18119,-23.54653073,-47.49220094,votorantim,SP
18120,-23.53650296,-47.18889012,mairinque,SP
18125,-23.52386551,-47.25661347,aluminio,SP
18130,-23.53142439,-47.13442765,sao roque,SP
18131,-23.53171638,-47.14867076,sao roque,SP
18132,-23.51785668,-47.14000062,sao roque,SP
18133,-23.51854393,-47.12860854,são roque,SP
18134,-23.52397026,-47.13087539,sao roque,SP
18135,-23.54738622,-47.12199204,sao roque,SP
18136,-23.54858318,-47.13724513,sao roque,SP
18140,-23.5396081,-47.05374555,sao roque,SP
18143,-23.56020678,-47.08774178,sao roque,SP
18145,-23.58661824,-47.1352994,sao roque,SP
18147,-23.43437052,-47.06736199,aracariguama,SP
18150,-23.6602974,-47.21680388,ibiuna,SP
18155,-23.66427735,-47.27241419,paruru,SP
18160,-23.65008486,-47.57774042,salto de pirapora,SP
18170,-23.7159446,-47.41423189,piedade,SP
18180,-23.96391049,-47.50544464,tapiraí,SP
18185,-23.81197455,-47.7229076,pilar do sul,SP
18190,-23.51528398,-47.61018378,aracoiaba da serra,SP
18195,-23.47794322,-47.73925651,capela do alto,SP
18200,-23.58756572,-48.04486901,itapetininga,SP
18201,-23.58432332,-48.03574647,itapetininga,SP
18202,-23.587188,-48.01960175,itapetininga,SP
18203,-23.59657488,-48.03418571,itapetininga,SP
18204,-23.60776071,-48.01382835,itapetininga,SP
18205,-23.60089865,-48.0510843,itapetininga,SP
18206,-23.61724115,-48.05828808,itapetininga,SP
18207,-23.60125588,-48.07028912,itapetininga,SP
18208,-23.59179313,-48.06884506,itapetininga,SP
18209,-23.58475834,-48.07051506,itapetininga,SP
18210,-23.58098906,-48.05385572,itapetininga,SP
18211,-23.56225762,-48.04153348,itapetininga,SP
18212,-23.57181755,-48.03604941,itapetininga,SP
18213,-23.57267663,-48.02371679,itapetininga,SP
18214,-23.57820446,-48.01198814,itapetininga,SP
18215,-23.58945381,-47.98882011,itapetininga,SP
18216,-22.04286332,-47.89293324,conceição,SP
18217,-23.59915392,-48.31747226,rechan,SP
18218,-23.77069186,-48.12964897,gramadinho,SP
18220,-23.56157107,-47.88510055,alambari,SP
18225,-23.63778996,-47.82642969,sarapui,SP
18230,-23.87844343,-47.9952791,sao miguel arcanjo,SP
18240,-23.49563099,-48.40720316,angatuba,SP
18243,28.00897834,-15.53686718,bom retiro da esperanca,SP
18245,-23.57677904,-48.44621063,campina do monte alegre,SP
18250,-23.37043313,-48.18287213,guareí,SP
18255,-23.2939148,-48.05753808,quadra,SP
18260,-23.18044129,-48.12477522,porangaba,SP
18265,-23.24573499,-48.19608995,torre de pedra,SP
18270,-23.34977717,-47.84737774,tatui,SP
18271,-23.34333798,-47.83968953,tatui,SP
18272,-23.34603441,-47.82517437,tatui,SP
18273,-23.36066566,-47.81458981,tatui,SP
18274,-23.37338177,-47.84699716,tatui,SP
18275,-23.35714829,-47.85466103,tatuí,SP
18276,-23.36033442,-47.86746818,tatui,SP
18277,-23.35279503,-47.87213799,tatuí,SP
18278,-23.34400083,-47.86152527,tatui,SP
18279,-23.3337913,-47.84745973,tatui,SP
18280,-23.32354632,-47.8593134,tatui,SP
18285,-23.22615685,-47.9550795,cesario lange,SP
18290,-23.7992529,-48.60001797,buri,SP
18300,-24.00465781,-48.35022641,capão bonito,SP
18301,-23.99161453,-48.34860977,capao bonito,SP
18302,-23.98610148,-48.35283018,capao bonito,SP
18303,-23.98075956,-48.34503056,capao bonito,SP
18304,-24.0065825,-48.33766452,capao bonito,SP
18305,-24.01384672,-48.34081619,capao bonito,SP
18306,-24.01569324,-48.3488138,capao bonito,SP
18307,-24.01174795,-48.35048095,capao bonito,SP
18310,-24.1877192,-48.53143054,guapiara,SP
18315,-24.1038608,-48.36699491,ribeirão grande,SP
18320,-24.51039028,-48.8440583,apiai,SP
18325,-24.47274777,-49.02512608,barra do chapéu,SP
18330,-24.5800124,-48.60529114,iporanga,SP
18360,-24.64010129,-48.83887485,itaoca,SP
18380,-24.65772978,-49.00775102,ribeira,SP
18385,-24.56668416,-49.17994201,itapirapua paulista,SP
18400,-23.98324944,-48.87652512,itapeva,SP
18401,-23.97414802,-48.87104664,itapeva,SP
18402,-23.95565596,-48.8424104,itapeva,SP
18403,-23.98222068,-48.8680946,itapeva,SP
18404,-23.99127566,-48.86831285,itapeva,SP
18405,-23.99433398,-48.87739015,itapeva,SP
18406,-23.99559313,-48.88513685,itapeva,SP
18407,-23.99001081,-48.89105652,itapeva,SP
18408,-23.99561822,-48.90319573,itapeva,SP
18409,-23.98312161,-48.88894091,itapeva,SP
18410,-23.97770305,-48.88707537,itapeva,SP
18411,-23.97142122,-48.88364223,itapeva,SP
18412,-23.96910128,-48.90832257,itapeva,SP
18420,-23.71355503,-48.85245906,guarizinho,SP
18425,-23.92576056,-48.69799583,taquarivai,SP
18430,-24.1909334,-48.81137551,ribeirao branco,SP
18435,-24.12178998,-48.90488483,nova campina,SP
18440,-23.8652312,-49.14092247,itaberá,SP
18460,-24.11150288,-49.33143273,itarare,SP
18470,-23.82901503,-49.434377,riversul,SP
18475,-24.3192693,-49.14022699,bom sucesso de itarare,SP
18480,-23.70546495,-49.48636348,itaporanga,SP
18490,-23.62989059,-49.56223751,barao de antonina,SP
18500,-23.04955173,-47.83762131,laranjal paulista,SP
18510,-23.0387667,-47.89387609,maristela,SP
18520,-23.1662619,-47.7466887,cerquilho,SP
18530,-23.10162101,-47.71181914,tiete,SP
18535,-23.08189503,-47.79428781,jumirim,SP
18540,-23.21199047,-47.52209838,porto feliz,SP
18550,-23.28742695,-47.67058615,boituva,SP
18560,-23.36601727,-47.67562807,iperó,SP
18570,-23.01910724,-48.01092517,conchas,SP
18580,-23.07451957,-47.97535861,pereiras,SP
18590,-23.11060229,-48.26247045,bofete,SP
18600,-22.88753799,-48.4410869,botucatu,SP
18601,-22.89259268,-48.43280789,botucatu,SP
18602,-22.89396441,-48.44436506,botucatu,SP
18603,-22.88245881,-48.45117093,botucatu,SP
18604,-22.87581493,-48.42760075,botucatu,SP
18605,-22.9169573,-48.44170923,botucatu,SP
18606,-22.90165984,-48.45187375,botucatu,SP
18607,-22.89038491,-48.46313038,botucatu,SP
18608,-22.86605277,-48.46069203,botucatu,SP
18609,-22.86489982,-48.44881632,botucatu,SP
18610,-22.85993375,-48.44212471,botucatu,SP
18611,-22.87488166,-48.43575339,botucatu,SP
18615,-22.89600349,-48.44074969,botucatu,SP
18618,-22.8987776,-48.4948953,botucatu,SP
18619,-22.7810998,-48.3999777,botucatu,SP
18620,-22.79055313,-48.12922837,anhembi,SP
18630,-22.93627203,-48.16220029,piramboia,SP
18640,-23.08998349,-48.38406317,pardinho,SP
18650,-22.74026493,-48.57181321,sao manuel,SP
18655,-22.73114383,-48.61068861,aparecida de são manuel,SP
18660,-22.81186904,-48.66748118,pratania,SP
18670,-22.67365328,-48.66588291,areiopolis,SP
18675,-22.57154253,-48.97174505,borebi,SP
18680,-22.59365075,-48.79966231,lencois paulista,SP
18681,-22.59912233,-48.78750986,lençóis paulista,SP
18682,-22.60989768,-48.79623699,lençóis paulista,SP
18683,-22.60144305,-48.8071041,lencois paulista,SP
18684,-22.58522668,-48.8145965,lencois paulista,SP
18685,-22.5813016,-48.81033395,lencois paulista,SP
18686,-22.59642224,-48.78543525,lençóis paulista,SP
18688,-22.59326209,-48.79359624,alfredo guedes,SP
18690,-23.10326536,-48.61411255,itatinga,SP
18700,-23.1045849,-48.92451535,avare,SP
18701,-23.10384502,-48.91419148,avare,SP
18702,-23.11203088,-48.90588619,avare,SP
18703,-23.12310664,-48.93143634,avare,SP
18704,-23.11520027,-48.93596486,avaré,SP
18705,-23.10036073,-48.93459053,avare,SP
18706,-23.08638117,-48.93101775,avare,SP
18707,-23.0847967,-48.92432575,avare,SP
18708,-23.08453818,-48.91483917,avare,SP
18710,-23.13656484,-49.0544404,arandu,SP
18720,-23.38877805,-48.73436604,paranapanema,SP
18725,-22.9942186,-47.59144714,holambra ii,SP
18730,-23.41804656,-49.09104467,itai,SP
18740,-23.53234441,-49.24632223,taquarituba,SP
18745,-23.63061084,-49.31318912,coronel macedo,SP
18760,-23.03410042,-49.16234456,cerqueira cesar,SP
18770,-22.87741215,-49.24013876,aguas de santa barbara,SP
18775,-22.87197547,-49.1563652,iaras,SP
18780,-23.00634451,-49.31841495,manduri,SP
18790,-22.94046213,-49.34044941,óleo,SP
18800,-23.19820343,-49.3827805,piraju,SP
18830,-23.37543665,-49.32839062,tejupá,SP
18840,-23.27462788,-49.47703188,sarutaia,SP
18860,-23.20648946,-49.60307494,timburi,SP
18870,-23.38865082,-49.51065071,fartura,SP
18890,-23.45353468,-49.40549225,taguai,SP
18900,-22.89632848,-49.62424016,santa cruz do rio pardo,SP
18910,-22.95583678,-49.53826089,sodrelia,SP
18915,-22.71582921,-49.57165966,caporanga,SP
18935,-22.69511223,-49.43036986,espírito santo do turvo,SP
18940,-22.73507777,-49.64274673,sao pedro do turvo,SP
18950,-23.05515168,-49.62719098,ipaussu,SP
18960,-23.0155354,-49.4774345,bernardino de campos,SP
18970,-23.03943813,-49.70813951,chavantes,SP
18980,-23.05780264,-49.73239519,irape,SP
18990,-23.00534114,-49.78339219,canitar,SP
19010,-22.12273521,-51.38636933,presidente prudente,SP
19013,-22.1357282,-51.39200416,presidente prudente,SP
19014,-22.12942014,-51.39686897,presidente prudente,SP
19015,-22.12129579,-51.39492198,presidente prudente,SP
19020,-22.11350735,-51.386455,presidente prudente,SP
19023,-22.11068058,-51.39909212,presidente prudente,SP
19024,-22.1007303,-51.3945426,presidente prudente,SP
19025,-22.1003151,-51.40735634,presidente prudente,SP
19026,-22.09898764,-51.41646069,presidente prudente,SP
19027,-22.11226242,-51.42117967,presidente prudente,SP
19028,-22.08471575,-51.43272196,presidente prudente,SP
19029,-22.07708974,-51.41548625,presidente prudente,SP
19030,-22.11735409,-51.37767518,presidente prudente,SP
19031,-22.12869519,-51.37899559,presidente prudente,SP
19033,-22.0965984,-51.38878611,presidente prudente,SP
19034,-22.08805765,-51.38297285,presidente prudente,SP
19035,-22.12536444,-51.37292316,presidente prudente,SP
19036,-22.11297471,-51.39388535,presidente prudente,SP
19040,-22.13266675,-51.38417192,presidente prudente,SP
19041,-22.13769402,-51.37920406,presidente prudente,SP
19042,-22.13622946,-51.37245005,presidente prudente,SP
19043,-22.1554997,-51.38523154,presidente prudente,SP
19045,-22.14483462,-51.38098949,presidente prudente,SP
19046,-22.14292192,-51.38533632,presidente prudente,SP
19050,-22.13659793,-51.40076721,presidente prudente,SP
19051,-22.14306834,-51.45879875,presidente prudente,SP
19053,-22.14683999,-51.41361059,presidente prudente,SP
19057,-22.11675932,-51.44029577,presidente prudente,SP
19060,-22.12193693,-51.41379597,presidente prudente,SP
19061,-22.12789999,-51.410248,presidente prudente,SP
19062,-22.13296106,-51.42613161,presidente prudente,SP
19063,-22.12813967,-51.44143598,presidente prudente,SP
19064,-22.1534508,-51.45319515,presidente prudente,SP
19065,-22.10818261,-51.43192771,presidente prudente,SP
19066,-22.10917397,-51.42906553,presidente prudente,SP
19067,-22.12222046,-51.42757454,presidente prudente,SP
19068,-22.1024212,-51.42634843,presidente prudente,SP
19070,-22.1394912,-51.42067603,presidente prudente,SP
19085,-22.11078563,-51.43958091,presidente prudente,SP
19097,-22.07431277,-51.35938133,presidente prudente,SP
19100,-22.08824818,-51.40064826,presidente prudente,SP
19110,-22.08871246,-51.36759059,presidente prudente,SP
19120,-22.38784611,-50.13476667,presidente prudente,SP
19130,-21.91495351,-51.3010115,eneida,SP
19140,-21.80310403,-51.30043489,presidente prudente,SP
19160,-22.07699369,-51.46756283,alvares machado,SP
19180,-21.95428889,-51.41615439,alfredo marcondes,SP
19190,-21.85186392,-51.39455887,santo expedito,SP
19200,-22.27585609,-51.4984989,pirapozinho,SP
19210,-22.30449012,-51.55827752,tarabai,SP
19220,-22.40647531,-51.52387024,narandiba,SP
19230,-22.48914689,-51.66152433,estrela do norte,SP
19250,-22.45621804,-51.76336193,sandovalina,SP
19260,-22.29515174,-51.91155242,mirante do paranapanema,SP
19265,-22.21627946,-51.83440693,costa machado,SP
19270,-22.28544826,-52.10286854,cuiabá paulista,SP
19273,-22.57388249,-53.04463023,rosana,SP
19274,-21.64633445,-49.38266329,primavera,SP
19275,-22.57062177,-52.39082162,euclides da cunha paulista,SP
19280,-22.5296615,-52.17237,teodoro sampaio,SP
19295,-22.54065716,-52.18066124,teodoro sampaio,SP
19300,-22.00850814,-51.5563436,presidente bernardes,SP
19330,-22.22000438,-51.64151551,nova patria,SP
19350,-21.83044106,-51.48314002,emilianopolis,SP
19360,-21.97692007,-51.65254186,santo anastacio,SP
19380,-21.8318487,-51.60168062,ribeirao dos indios,SP
19400,-21.87428828,-51.8449696,presidente venceslau,SP
19410,-21.87642967,-51.72439699,piquerobi,SP
19430,-22.11000572,-51.97254324,maraba paulista,SP
19450,-21.83171768,-51.9900957,caiua,SP
19470,-21.77356264,-52.11570994,presidente epitacio,SP
19490,-22.86336046,-47.05542147,campinal,SP
19500,-22.14808486,-51.16954949,martinopolis,SP
19505,-22.00203788,-51.13586076,tecainda,SP
19530,-22.01608919,-51.23595662,caiabu,SP
19540,-21.77563441,-48.81837013,iubatinga,SP
19560,-22.1749007,-51.25553709,indiana,SP
19570,-22.22194576,-51.30343941,regente feijo,SP
19575,-22.19552228,-51.35674113,espigao,SP
19580,-22.29612615,-51.38700497,anhumas,SP
19590,-22.38979602,-51.28957839,taciba,SP
19600,-22.22931065,-50.89468127,rancharia,SP
19610,-23.53732874,-48.54493394,agisse,SP
19620,-22.22203074,-50.89551977,gardenia,SP
19640,-22.66035215,-51.07532266,iepe,SP
19645,-22.61960986,-51.23805574,nantes,SP
19680,-22.24943573,-50.7682715,joao ramalho,SP
19700,-22.42125483,-50.58073078,paraguacu paulista,SP
19750,-22.3394516,-50.39241829,lutecia,SP
19770,-22.31442446,-50.27711766,oscar bressane,SP
19780,-22.24729683,-50.70062907,quata,SP
19800,-22.6655861,-50.41524709,assis,SP
19801,-22.67016479,-50.41134929,assis,SP
19802,-22.66935393,-50.42693117,assis,SP
19803,-22.67568027,-50.43755553,assis,SP
19804,-22.66390211,-50.43581803,assis,SP
19806,-22.65550234,-50.42571008,assis,SP
19807,-22.64536209,-50.4239053,assis,SP
19810,-22.6335555,-50.42109375,assis,SP
19812,-22.63949889,-50.3964712,assis,SP
19813,-22.64495966,-50.40256692,assis,SP
19814,-22.65739937,-50.40967597,assis,SP
19815,-22.65566229,-50.39542901,assis,SP
19816,-22.66386174,-50.39977717,assis,SP
19820,-22.74894662,-50.57895168,taruma,SP
19830,-22.42995096,-50.20543407,echapora,SP
19840,-22.61505908,-50.66808209,maracai,SP
19845,-24.00762693,-50.47727235,são josé das laranjeiras,SP
19860,-22.74347563,-50.78786139,cruzalia,SP
19865,-22.81527255,-50.79127157,pedrinhas paulista,SP
19870,-22.9021066,-50.72704172,florinia,SP
19880,-22.75112889,-50.38672853,cândido mota,SP
19882,-22.69730654,-50.29170541,nova alexandria,SP
19885,-22.84194494,-50.51726608,frutal do campo,SP
19900,-22.98106326,-49.8670415,ourinhos,SP
19901,-22.99113296,-49.869194,ourinhos,SP
19902,-22.9937987,-49.86082117,ourinhos,SP
19904,-23.0132421,-49.88488335,ourinhos,SP
19905,-22.99662816,-49.88339501,ourinhos,SP
19906,-22.98470598,-49.88183481,ourinhos,SP
19907,-22.97446616,-49.88138257,ourinhos,SP
19908,-22.97423728,-49.90841074,ourinhos,SP
19909,-22.9695,-49.90369746,ourinhos,SP
19910,-22.96520509,-49.89259405,ourinhos,SP
19911,-22.96751045,-49.87139306,ourinhos,SP
19912,-22.98027055,-49.86041843,ourinhos,SP
19913,-22.98135837,-49.85356611,ourinhos,SP
19914,-22.9691567,-49.85679335,ourinhos,SP
19915,-22.95853781,-49.86363848,ourinhos,SP
19920,-22.88681393,-49.98219182,salto grande,SP
19930,-22.78186969,-49.79997091,ribeirao do sul,SP
19940,-22.81366708,-50.07278787,ibirarema,SP
19960,-22.60526914,-49.99964116,campos novos paulista,SP
19970,-22.78653274,-50.21831952,palmital,SP
19990,-22.63402596,-50.20334215,platina,SP
20010,-22.90256593,-43.17859891,rio de janeiro,RJ
20011,-22.90499345,-43.1760777,rio de janeiro,RJ
20020,-22.90749455,-43.17316913,rio de janeiro,RJ
20021,-22.91236954,-43.17350079,rio de janeiro,RJ
20030,-22.90987394,-43.17365037,rio de janeiro,RJ
20031,-22.90957244,-43.17770311,rio de janeiro,RJ
20040,-22.905686,-43.17715631,rio de janeiro,RJ
20041,-22.90320075,-43.17864558,rio de janeiro,RJ
20050,-22.90569624,-43.17925821,rio de janeiro,RJ
20051,-22.9030631,-43.18298927,rio de janeiro,RJ
20056,-22.91377971,-43.2507522,rio de janeiro,RJ
20060,-22.90742646,-43.2211129,rio de janeiro,RJ
20061,-22.90581172,-43.18562902,rio de janeiro,RJ
20070,-22.90233157,-43.17927884,rio de janeiro,RJ
20071,-22.90207695,-43.18149783,rio de janeiro,RJ
20080,-22.90120938,-43.18495724,rio de janeiro,RJ
20081,-22.89771508,-43.18332992,rio de janeiro,RJ
20090,-22.89905412,-43.17942063,rio de janeiro,RJ
20091,-22.90015129,-43.17827587,rio de janeiro,RJ
20203,-22.79528893,-43.34061053,rio de janeiro,RJ
20210,-22.9086965,-43.20101638,rio de janeiro,RJ
20211,-22.91148504,-43.19844248,rio de janeiro,RJ
20220,-22.89982953,-43.20080434,rio de janeiro,RJ
20221,-22.89945802,-43.19708452,rio de janeiro,RJ
20230,-22.91285701,-43.18834912,rio de janeiro,RJ
20231,-22.91259169,-43.18629265,rio de janeiro,RJ
20240,-22.91777034,-43.18905754,rio de janeiro,RJ
20241,-22.92200643,-43.18565742,rio de janeiro,RJ
20250,-22.91933766,-43.21247471,rio de janeiro,RJ
20251,-22.92220056,-43.20015627,rio de janeiro,RJ
20260,-22.91934258,-43.21542323,rio de janeiro,RJ
20261,-22.92401543,-43.21354767,rio de janeiro,RJ
20270,-22.91624456,-43.21795034,rio de janeiro,RJ
20271,-22.91566933,-43.22521348,rio de janeiro,RJ
20350,-22.90749755,-43.268823,rio de janeiro,RJ
20396,-22.76363047,-43.10809979,rio de janeiro,RJ
20397,-22.75667479,-43.10826458,rio de janeiro,RJ
20510,-22.93034779,-43.24275226,rio de janeiro,RJ
20511,-22.92841313,-43.24053818,rio de janeiro,RJ
20520,-22.92625883,-43.23184642,rio de janeiro,RJ
20521,-22.92791885,-43.23197212,rio de janeiro,RJ
20530,-22.93768625,-43.24886943,rio de janeiro,RJ
20531,-22.95824685,-43.27033293,rio de janeiro,RJ
20535,-22.87780262,-43.27309285,rio de janeiro,RJ
20540,-22.92255591,-43.24390123,rio de janeiro,RJ
20541,-22.92275898,-43.24610403,rio de janeiro,RJ
20550,-22.91679214,-43.2315504,rio de janeiro,RJ
20551,-22.91439065,-43.24569875,rio de janeiro,RJ
20560,-22.918636,-43.25724486,rio de janeiro,RJ
20561,-22.92367106,-43.27951061,rio de janeiro,RJ
20710,-22.90830859,-43.27642431,rio de janeiro,RJ
20715,-22.91224198,-43.26872667,rio de janeiro,RJ
20720,-22.90657595,-43.28819168,rio de janeiro,RJ
20723,-22.90830817,-43.28836092,rio de janeiro,RJ
20725,-22.90641222,-43.28249518,rio de janeiro,RJ
20730,-22.90229091,-43.29839517,rio de janeiro,RJ
20735,-22.900247,-43.28620955,rio de janeiro,RJ
20740,-22.89620288,-43.31266061,rio de janeiro,RJ
20745,-22.90360047,-43.30690159,rio de janeiro,RJ
20746,-22.89832197,-43.30574173,rio de janeiro,RJ
20750,-22.87518072,-43.30082798,rio de janeiro,RJ
20751,-22.88389468,-43.30538426,rio de janeiro,RJ
20755,-22.88871913,-43.2971087,rio de janeiro,RJ
20756,-22.88930321,-43.30454037,rio de janeiro,RJ
20760,-22.87917725,-43.28592691,rio de janeiro,RJ
20761,-22.87009815,-43.29721792,rio de janeiro,RJ
20765,-22.87067512,-43.28612469,rio de janeiro,RJ
20766,-22.86567307,-43.28931782,rio de janeiro,RJ
20770,-22.8926311,-43.28601357,rio de janeiro,RJ
20771,-22.88654523,-43.28157899,rio de janeiro,RJ
20775,-22.89478761,-43.27754555,rio de janeiro,RJ
20776,-22.98931517,-43.34858461,rio de janeiro,RJ
20780,-22.89646319,-43.2721717,rio de janeiro,RJ
20785,-22.88659325,-43.2678342,rio de janeiro,RJ
20910,-22.8995244,-43.23052438,rio de janeiro,RJ
20911,-22.89314885,-43.24220101,rio de janeiro,RJ
20920,-22.89524486,-43.23190255,rio de janeiro,RJ
20921,-22.89370324,-43.23151762,rio de janeiro,RJ
20930,-22.88997965,-43.22883289,rio de janeiro,RJ
20931,-22.8804765,-43.21772315,rio de janeiro,RJ
20932,-22.85332249,-43.3973601,rio de janeiro,RJ
20940,-22.90178148,-43.21920005,rio de janeiro,RJ
20941,-22.90503858,-43.21828984,rio de janeiro,RJ
20943,-22.90761984,-43.23590445,rio de janeiro,RJ
20950,-22.90399569,-43.2555861,rio de janeiro,RJ
20960,-22.89910599,-43.24932164,rio de janeiro,RJ
20961,-22.89892109,-43.26048783,rio de janeiro,RJ
20970,-22.89490963,-43.29895519,rio de janeiro,RJ
20972,-22.90814957,-43.26020631,rio de janeiro,RJ
20973,-22.89480299,-43.30460679,rio de janeiro,RJ
20975,-22.89442356,-43.25162271,rio de janeiro,RJ
21010,-22.82383918,-43.30630185,rio de janeiro,RJ
21011,-22.82772755,-43.28642232,rio de janeiro,RJ
21012,-22.83504285,-43.31263647,rio de janeiro,RJ
21020,-22.83582849,-43.27614378,rio de janeiro,RJ
21021,-22.84207289,-43.26506543,rio de janeiro,RJ
21030,-22.85000255,-43.26335402,rio de janeiro,RJ
21031,-22.84825657,-43.25613344,rio de janeiro,RJ
21032,-22.8603766,-43.25566983,"rio de janeiro, rio de janeiro, brasil",RJ
21040,-22.85826717,-43.25269223,rio de janeiro,RJ
21041,-22.8714411,-43.25872758,rio de janeiro,RJ
21042,-22.86486541,-43.2487005,rio de janeiro,RJ
21043,-22.88658042,-43.27731894,rio de janeiro,RJ
21044,-22.85770633,-43.2671862,rio de janeiro,RJ
21046,-22.87178461,-43.25004021,rio de janeiro,RJ
21050,-22.8759817,-43.26005615,rio de janeiro,RJ
21051,-22.87422241,-43.2672879,rio de janeiro,RJ
21060,-22.85733189,-43.26363957,rio de janeiro,RJ
21061,-22.8663913,-43.27158801,rio de janeiro,RJ
21065,-22.87514004,-43.41383054,rio de janeiro,RJ
21070,-22.84391441,-43.28377907,rio de janeiro,RJ
21071,-22.86072627,-43.28764651,rio de janeiro,RJ
21072,-22.85910743,-43.33669202,rio de janeiro,RJ
21073,-22.85077086,-43.27052152,rio de janeiro,RJ
21200,-22.85347704,-43.30393766,rio de janeiro,RJ
21210,-22.84373141,-43.30242673,rio de janeiro,RJ
21211,-22.83682807,-43.30804461,rio de janeiro,RJ
21215,-22.83378878,-43.29604433,rio de janeiro,RJ
21220,-22.84942287,-43.31350883,rio de janeiro,RJ
21221,-22.84606476,-43.31053536,rio de janeiro,RJ
21230,-22.82666298,-43.32253146,rio de janeiro,RJ
21231,-22.83152727,-43.32219672,rio de janeiro,RJ
21235,-22.83791178,-43.32227105,rio de janeiro,RJ
21236,-22.83968527,-43.3371248,rio de janeiro,RJ
21240,-22.81112103,-43.3262128,rio de janeiro,RJ
21241,-22.81349696,-43.30803677,rio de janeiro,RJ
21250,-22.82461909,-43.30674667,rio de janeiro,RJ
21310,-22.87908334,-43.33935561,rio de janeiro,RJ
21311,-22.88918177,-43.32763595,rio de janeiro,RJ
21320,-22.89290588,-43.34764439,rio de janeiro,RJ
21321,-22.89512617,-43.35750215,rio de janeiro,RJ
21330,-22.88287678,-43.36417448,rio de janeiro,RJ
21331,-22.87350715,-43.36567754,rio de janeiro,RJ
21340,-22.87101813,-43.35684491,rio de janeiro,RJ
21341,-22.88244292,-43.34947007,rio de janeiro,RJ
21350,-22.87793235,-43.3301662,rio de janeiro,RJ
21351,-22.8704482,-43.34296527,rio de janeiro,RJ
21360,-22.86694534,-43.33478171,rio de janeiro,RJ
21361,-22.85332826,-43.32822806,rio de janeiro,RJ
21370,-22.87000637,-43.32004486,rio de janeiro,RJ
21371,-22.85106229,-43.32617885,rio de janeiro,RJ
21380,-22.88331794,-43.31951191,rio de janeiro,RJ
21381,-22.87907529,-43.31467206,rio de janeiro,RJ
21440,-22.8626453,-43.25392423,rio de janeiro,RJ
21510,-22.84251003,-43.35349069,rio de janeiro,RJ
21511,-22.84410299,-43.35219269,rio de janeiro,RJ
21512,-22.84146869,-43.36195292,rio de janeiro,RJ
21515,-22.83902731,-43.35587746,rio de janeiro,RJ
21520,-22.8109984,-43.36187716,rio de janeiro,RJ
21521,-22.82487805,-43.34888814,rio de janeiro,RJ
21525,-22.82243135,-43.35542934,rio de janeiro,RJ
21530,-22.82881192,-43.34630761,rio de janeiro,RJ
21531,-22.85018519,-43.40251767,rio de janeiro,RJ
21532,-22.8130814,-43.36036408,rio de janeiro,RJ
21535,-22.81944811,-43.3540849,rio de janeiro,RJ
21540,-22.85214353,-43.34281302,rio de janeiro,RJ
21545,-22.84328614,-43.34344432,rio de janeiro,RJ
21550,-22.86207118,-43.35623041,rio de janeiro,RJ
21555,-22.85513585,-43.36350731,rio de janeiro,RJ
21557,-22.85620371,-43.37495579,rio de janeiro,RJ
21610,-22.86701105,-43.37188332,rio de janeiro,RJ
21615,-22.86209079,-43.39136926,rio de janeiro,RJ
21616,-22.85387974,-43.39680943,rio de janeiro,RJ
21620,-22.83935056,-43.40486056,rio de janeiro,RJ
21625,-22.83260535,-43.40280856,rio de janeiro,RJ
21630,-22.8256495,-43.41164985,rio de janeiro,RJ
21635,-22.83290297,-43.41230278,rio de janeiro,RJ
21640,-22.83463324,-43.39275637,rio de janeiro,RJ
21645,-22.82138564,-43.39760318,rio de janeiro,RJ
21650,-22.81685069,-43.37431453,rio de janeiro,RJ
21655,-22.81861639,-43.3825987,rio de janeiro,RJ
21660,-22.83996055,-43.37703911,rio de janeiro,RJ
21665,-22.83427157,-43.37797864,rio de janeiro,RJ
21670,-22.84984365,-43.38087024,rio de janeiro,RJ
21675,-22.84903455,-43.37442365,rio de janeiro,RJ
21710,-22.8769797,-43.42527913,rio de janeiro,RJ
21715,-22.87947675,-43.44026398,rio de janeiro,RJ
21720,-22.86512081,-43.44703421,rio de janeiro,RJ
21721,-22.87535585,-43.28063646,rio de janeiro,RJ
21725,-22.85918299,-43.45666562,rio de janeiro,RJ
21730,-22.86435505,-43.43475714,rio de janeiro,RJ
21735,-22.87153752,-43.42972691,rio de janeiro,RJ
21740,-22.88433305,-43.38750488,rio de janeiro,RJ
21741,-22.88962788,-43.39512443,rio de janeiro,RJ
21745,-22.8795493,-43.41011862,rio de janeiro,RJ
21746,-22.88577553,-43.4110256,rio de janeiro,RJ
21750,-22.87873543,-43.41578836,rio de janeiro,RJ
21755,-22.88385334,-43.41913636,rio de janeiro,RJ
21760,-22.89044829,-43.42058389,rio de janeiro,RJ
21765,-22.89093836,-43.43068538,rio de janeiro,RJ
21770,-22.89225752,-43.44208697,rio de janeiro,RJ
21775,-22.88695291,-43.44664413,rio de janeiro,RJ
21785,-22.87210492,-43.45521365,rio de janeiro,RJ
21810,-22.87922054,-43.45931046,rio de janeiro,RJ
21815,-22.88548385,-43.45769281,rio de janeiro,RJ
21820,-22.88188844,-43.4689976,rio de janeiro,RJ
21825,-22.89224848,-43.4708662,rio de janeiro,RJ
21830,-22.88011866,-43.48360475,rio de janeiro,RJ
21831,-22.8897626,-43.48390785,rio de janeiro,RJ
21832,-22.89499864,-43.49083696,rio de janeiro,RJ
21833,-22.88148188,-43.49448329,rio de janeiro,RJ
21840,-22.86836381,-43.46923217,rio de janeiro,RJ
21842,-22.86842136,-43.47985554,rio de janeiro,RJ
21843,-22.87089343,-43.4833015,rio de janeiro,RJ
21845,-22.87448891,-43.45268367,rio de janeiro,RJ
21850,-22.85942522,-43.48681705,rio de janeiro,RJ
21852,-22.86305592,-43.46963659,rio de janeiro,RJ
21853,-22.85708276,-43.48643919,rio de janeiro,RJ
21854,-22.84555652,-43.49501646,rio de janeiro,RJ
21860,-22.8623691,-43.46728646,rio de janeiro,RJ
21862,-22.8646988,-43.46636014,rio de janeiro,RJ
21863,-22.85095155,-43.46693513,rio de janeiro,RJ
21864,-22.85384596,-43.46103565,rio de janeiro,RJ
21865,-22.85304226,-43.47042497,rio de janeiro,RJ
21866,-22.85913049,-43.47880606,rio de janeiro,RJ
21870,-22.87101928,-43.45851443,rio de janeiro,RJ
21875,-22.87340901,-43.45374116,rio de janeiro,RJ
21910,-22.79777839,-43.18136086,rio de janeiro,RJ
21911,-22.79008194,-43.17257319,rio de janeiro,RJ
21920,-22.79811558,-43.19569772,rio de janeiro,RJ
21921,-22.80830443,-43.18564857,rio de janeiro,RJ
21922,-22.84571024,-43.33899502,rio de janeiro,RJ
21930,-22.81948106,-43.17835859,rio de janeiro,RJ
21931,-22.80951766,-43.20020317,rio de janeiro,RJ
21932,-22.80486286,-43.22572823,rio de janeiro,RJ
21940,-22.81388871,-43.2024775,rio de janeiro,RJ
21941,-22.833834,-43.24885669,rio de janeiro,RJ
21950,-22.90283435,-43.26361256,rio de janeiro,RJ
22003,-22.91094506,-43.17286623,rio de janeiro,RJ
22010,-22.96271294,-43.17081078,rio de janeiro,RJ
22011,-22.96400611,-43.17658359,rio de janeiro,RJ
22020,-22.96545385,-43.17847567,rio de janeiro,RJ
22021,-22.96571567,-43.17890575,rio de janeiro,RJ
22030,-22.96558619,-43.18405307,rio de janeiro,RJ
22031,-22.96693362,-43.18792165,rio de janeiro,RJ
22040,-22.9683893,-43.18499447,rio de janeiro,RJ
22041,-22.9676736,-43.19002828,rio de janeiro,RJ
22050,-22.97259566,-43.18771946,rio de janeiro,RJ
22051,-22.97287385,-43.1905213,rio de janeiro,RJ
22060,-22.97702862,-43.1903409,rio de janeiro,RJ
22061,-22.97541925,-43.19263365,rio de janeiro,RJ
22070,-22.98068802,-43.18955937,rio de janeiro,RJ
22071,-22.98018479,-43.19459067,rio de janeiro,RJ
22080,-22.98466378,-43.19252845,rio de janeiro,RJ
22081,-22.98444115,-43.19341592,rio de janeiro,RJ
22210,-22.93107081,-43.17611596,rio de janeiro,RJ
22211,-22.9233843,-43.17953044,rio de janeiro,RJ
22220,-22.92956446,-43.17684637,rio de janeiro,RJ
22221,-22.92899941,-43.18145033,rio de janeiro,RJ
22230,-22.93729797,-43.17688961,rio de janeiro,RJ
22231,-22.93615391,-43.18183227,rio de janeiro,RJ
22240,-22.93526348,-43.18726357,rio de janeiro,RJ
22241,-22.93845835,-43.19636808,rio de janeiro,RJ
22245,-22.94106109,-43.19123119,rio de janeiro,RJ
22250,-22.94221164,-43.17758694,rio de janeiro,RJ
22251,-22.9453442,-43.18501055,rio de janeiro,RJ
22252,-22.94380123,-43.18424635,rio de janeiro,RJ
22260,-22.94921627,-43.19021396,rio de janeiro,RJ
22261,-22.95721826,-43.20026061,rio de janeiro,RJ
22270,-22.95308219,-43.18924536,rio de janeiro,RJ
22271,-22.9561038,-43.19395106,rio de janeiro,RJ
22280,-22.95440869,-43.18565003,rio de janeiro,RJ
22281,-22.95685191,-43.19364574,rio de janeiro,RJ
22283,-22.95615056,-43.19212235,rio de janeiro,RJ
22290,-22.95442843,-43.17707421,rio de janeiro,RJ
22291,-22.94231195,-43.16678091,rio de janeiro,RJ
22410,-22.98392343,-43.20710147,rio de janeiro,RJ
22411,-22.9819447,-43.20241314,rio de janeiro,RJ
22420,-22.98531202,-43.20414276,rio de janeiro,RJ
22421,-22.98214022,-43.20687525,rio de janeiro,RJ
22430,-22.98210233,-43.22013315,rio de janeiro,RJ
22431,-22.98284371,-43.22474001,rio de janeiro,RJ
22440,-22.98443913,-43.22151271,rio de janeiro,RJ
22441,-22.98416018,-43.22495475,rio de janeiro,RJ
22450,-22.9864937,-43.23306806,rio de janeiro,RJ
22451,-22.97841523,-43.23772919,rio de janeiro,RJ
22452,-22.9526455,-43.30267071,rio de janeiro,RJ
22453,-22.97846916,-43.23383337,rio de janeiro,RJ
22460,-22.96483496,-43.22490223,rio de janeiro,RJ
22461,-22.96134503,-43.21364139,rio de janeiro,RJ
22470,-22.96550433,-43.21544841,rio de janeiro,RJ
22471,-22.96762597,-43.20321288,rio de janeiro,RJ
22473,-22.93101854,-43.35047496,rio de janeiro,RJ
22600,-22.98754843,-43.25324735,rio de janeiro,RJ
22610,-22.99599814,-43.2616637,rio de janeiro,RJ
22611,-23.00806884,-43.29861177,rio de janeiro,RJ
22620,-23.00947498,-43.33453005,rio de janeiro,RJ
22621,-23.0108035,-43.30988665,rio de janeiro,RJ
22630,-23.01013126,-43.33867952,rio de janeiro,RJ
22631,-23.00365667,-43.34075885,rio de janeiro,RJ
22640,-23.00126762,-43.33559884,rio de janeiro,RJ
22641,-22.9861051,-43.31152067,rio de janeiro,RJ
22710,-22.93457602,-43.37578841,rio de janeiro,RJ
22711,-22.9137312,-43.39089712,rio de janeiro,RJ
22713,-22.93017458,-43.39608391,rio de janeiro,RJ
22715,-22.92335564,-43.38304692,rio de janeiro,RJ
22720,-22.91816742,-43.38651553,rio de janeiro,RJ
22723,-22.91689708,-43.40278883,rio de janeiro,RJ
22725,-22.91150171,-43.37652611,rio de janeiro,RJ
22730,-22.92000252,-43.36957541,rio de janeiro,RJ
22733,-22.90601575,-43.36498025,rio de janeiro,RJ
22735,-22.92092853,-43.35846548,rio de janeiro,RJ
22740,-22.9262566,-43.35975778,rio de janeiro,RJ
22743,-22.93017428,-43.34644039,rio de janeiro,RJ
22745,-22.93505848,-43.33359407,rio de janeiro,RJ
22750,-22.94338467,-43.3343792,rio de janeiro,RJ
22753,-22.96619236,-43.33073451,rio de janeiro,RJ
22755,-22.94750255,-43.3381421,rio de janeiro,RJ
22760,-22.93885656,-43.3458338,rio de janeiro,RJ
22763,-22.94941843,-43.3871769,rio de janeiro,RJ
22765,-22.95443133,-43.35527342,rio de janeiro,RJ
22770,-22.93691091,-43.36097335,rio de janeiro,RJ
22772,-22.95005018,-43.36084751,rio de janeiro,RJ
22773,-22.9484691,-43.3644899,rio de janeiro,RJ
22775,-22.9691482,-43.38306524,rio de janeiro,RJ
22776,-22.99004851,-43.35448107,rio de janeiro,RJ
22778,-22.93935898,-43.37118565,rio de janeiro,RJ
22780,-22.96284379,-43.40116578,rio de janeiro,RJ
22783,-22.98408241,-43.4488902,rio de janeiro,RJ
22785,-22.97990033,-43.49176476,rio de janeiro,RJ
22790,-23.0129865,-43.46551954,rio de janeiro,RJ
22793,-23.00061899,-43.40471828,rio de janeiro,RJ
22795,-23.02047074,-43.46265642,rio de janeiro,RJ
23010,-22.8858722,-43.51372892,rio de janeiro,RJ
23012,-22.89128971,-43.52853803,rio de janeiro,RJ
23013,-22.90125781,-43.5414345,rio de janeiro,RJ
23015,-22.90817403,-43.53967788,rio de janeiro,RJ
23016,-22.91259531,-43.53593879,rio de janeiro,RJ
23017,-22.91957476,-43.5285557,rio de janeiro,RJ
23020,-23.00499052,-43.5478452,rio de janeiro,RJ
23025,-22.99046925,-43.6155057,rio de janeiro,RJ
23026,-22.99073735,-43.63045092,rio de janeiro,RJ
23027,-23.00123691,-43.64009514,rio de janeiro,RJ
23028,-22.98056296,-43.65998987,rio de janeiro,RJ
23030,-22.96669956,-43.60176867,rio de janeiro,RJ
23031,-22.96437863,-43.61186737,rio de janeiro,RJ
23032,-22.972564,-43.64295047,rio de janeiro,RJ
23033,-22.95594399,-43.60659613,rio de janeiro,RJ
23035,-22.9458941,-43.59445702,rio de janeiro,RJ
23036,-22.93789997,-43.57864614,rio de janeiro,RJ
23040,-22.93310566,-43.55411381,rio de janeiro,RJ
23042,-22.92777933,-43.55450339,rio de janeiro,RJ
23045,-22.91684075,-43.56234011,rio de janeiro,RJ
23047,-22.92594289,-43.56135751,rio de janeiro,RJ
23050,-22.90637417,-43.56641006,rio de janeiro,RJ
23052,-22.90661934,-43.55224986,rio de janeiro,RJ
23055,-22.90994949,-43.57642301,rio de janeiro,RJ
23056,-22.91818988,-43.61235086,rio de janeiro,RJ
23057,-22.91753093,-43.5283249,rio de janeiro,RJ
23058,-22.91478727,-43.5907804,rio de janeiro,RJ
23059,-22.91330795,-43.59042985,rio de janeiro,RJ
23060,-22.89608958,-43.59889671,rio de janeiro,RJ
23061,-22.90844529,-43.60810021,rio de janeiro,RJ
23062,-22.90265769,-43.59917193,rio de janeiro,RJ
23063,-22.89752196,-43.59175225,rio de janeiro,RJ
23064,-22.9007427,-43.58463843,rio de janeiro,RJ
23065,-22.88293828,-43.62508621,rio de janeiro,RJ
23066,-22.88819246,-43.6247365,rio de janeiro,RJ
23067,-22.88243614,-43.61658347,rio de janeiro,RJ
23068,-22.88645865,-43.59762968,rio de janeiro,RJ
23070,-22.89640784,-43.57751001,rio de janeiro,RJ
23071,-22.88836867,-43.58090949,rio de janeiro,RJ
23073,-22.88998423,-43.57939758,rio de janeiro,RJ
23075,-22.87777518,-43.57771051,rio de janeiro,RJ
23076,-22.88245539,-43.57494225,rio de janeiro,RJ
23078,-22.87216705,-43.58925307,rio de janeiro,RJ
23080,-22.89853934,-43.56542141,rio de janeiro,RJ
23081,-22.8943396,-43.5672229,rio de janeiro,RJ
23082,-22.8942153,-43.57129087,rio de janeiro,RJ
23085,-22.89392046,-43.54642398,rio de janeiro,RJ
23087,-22.88639343,-43.55887262,rio de janeiro,RJ
23088,-22.88543772,-43.54971957,rio de janeiro,RJ
23090,-22.87804332,-43.5629174,rio de janeiro,RJ
23092,-22.87085601,-43.54384875,rio de janeiro,RJ
23093,-22.8775153,-43.53029348,rio de janeiro,RJ
23094,-22.87620977,-43.51981674,rio de janeiro,RJ
23095,-22.86940967,-43.55658718,rio de janeiro,RJ
23097,-22.85109676,-43.53613869,rio de janeiro,RJ
23098,-22.87018889,-43.52187689,rio de janeiro,RJ
23510,-22.91973437,-43.67148458,rio de janeiro,RJ
23515,-22.92368924,-43.68292592,rio de janeiro,RJ
23520,-22.93625549,-43.66139907,rio de janeiro,RJ
23525,-22.94503552,-43.67692431,rio de janeiro,RJ
23530,-22.97383432,-43.68107619,rio de janeiro,RJ
23535,-22.97902118,-43.69012245,rio de janeiro,RJ
23540,-22.97446802,-43.6965397,rio de janeiro,RJ
23545,-22.96709131,-43.70026564,rio de janeiro,RJ
23547,-22.93249322,-43.62300753,rio de janeiro,RJ
23550,-22.93071117,-43.6894638,rio de janeiro,RJ
23555,-22.91750489,-43.69308722,rio de janeiro,RJ
23560,-22.89897972,-43.69930834,rio de janeiro,RJ
23565,-22.89776174,-43.69665951,rio de janeiro,RJ
23570,-22.90931077,-43.67111973,rio de janeiro,RJ
23573,-22.91314903,-43.65356967,rio de janeiro,RJ
23575,-22.89798974,-43.66855918,rio de janeiro,RJ
23580,-22.9111194,-43.62264163,rio de janeiro,RJ
23585,-22.92451051,-43.63529706,rio de janeiro,RJ
23587,-22.92238075,-43.62951054,rio de janeiro,RJ
23590,-22.92938045,-43.6594935,rio de janeiro,RJ
23591,-22.93115737,-43.66385933,rio de janeiro,RJ
23595,-22.92668402,-43.62933031,rio de janeiro,RJ
23810,-22.87093411,-43.76901268,itaguaí,RJ
23811,-22.86474934,-43.76730098,itaguai,RJ
23812,-22.87205967,-43.77093363,itaguai,RJ
23815,-22.86867015,-43.78013953,itaguai,RJ
23819,-22.83909385,-43.79495437,itaguai,RJ
23820,-22.86278047,-43.78526763,itaguai,RJ
23821,-22.87030533,-43.79064137,itaguai,RJ
23822,-22.86163859,-43.79342663,itaguai,RJ
23823,-22.87560588,-43.78842501,itaguai,RJ
23825,-22.88582831,-43.82785585,itaguai,RJ
23826,-22.89560484,-43.84587026,itaguai,RJ
23830,-22.84586719,-43.7833338,itaguaí,RJ
23831,-22.87663503,-43.80985127,itaguaí,RJ
23832,-22.85534509,-43.76583456,itaguai,RJ
23835,-22.83658162,-43.76504165,itaguai,RJ
23855,-22.86387077,-43.75923427,itaguai,RJ
23860,-22.94779801,-44.01477822,mangaratiba,RJ
23870,-22.92131978,-43.92075714,vila muriqui,RJ
23880,-22.87596412,-43.83793867,itacurussa,RJ
23885,-23.0292161,-44.16385091,conceicao de jacarei,RJ
23890,-22.78768838,-43.64890166,seropedica,RJ
23891,-22.75109647,-43.66883328,seropedica,RJ
23893,-22.71072154,-43.69140233,seropedica,RJ
23894,-22.74100679,-43.69982982,seropedica,RJ
23895,-22.746274,-43.70850342,seropedica,RJ
23897,-22.79236685,-43.66264012,seropedica,RJ
23898,-22.80791082,-43.64430441,seropedica,RJ
23900,-23.00775092,-44.3163658,angra dos reis,RJ
23902,-23.00951997,-44.32172628,angra dos reis,RJ
23903,-23.00387944,-44.31725444,angra dos reis,RJ
23904,-23.00325861,-44.31169864,angra dos reis,RJ
23905,-22.9813012,-44.30340165,angra dos reis,RJ
23906,-22.99897234,-44.30529352,angra dos reis,RJ
23907,-23.00618154,-44.3024906,angra dos reis,RJ
23909,-23.0166524,-44.34328334,angra dos reis,RJ
23910,-23.0058,-44.295,angra dos reis,RJ
23911,-23.01194226,-44.2793763,angra dos reis,RJ
23912,-22.99583502,-44.26919913,angra dos reis,RJ
23913,-22.98740566,-44.23739609,angra dos reis,RJ
23914,-22.99371759,-44.23784751,angra dos reis,RJ
23915,-22.99036302,-44.2471406,angra dos reis,RJ
23916,-23.01564701,-44.22147988,angra dos reis,RJ
23917,-23.03773669,-44.19652433,angra dos reis,RJ
23918,-23.03377652,-44.17942568,angra dos reis,RJ
23931,-23.00548174,-44.32846878,angra dos reis,RJ
23932,-22.97965462,-44.30007262,angra dos reis,RJ
23933,-22.97331934,-44.29294096,angra dos reis,RJ
23934,-22.97506771,-44.30433144,angra dos reis,RJ
23935,-22.96001022,-44.28652433,angra dos reis,RJ
23936,-22.96589028,-44.3394139,angra dos reis,RJ
23937,-22.96479822,-44.30348019,angra dos reis,RJ
23940,-22.9238487,-44.36642122,angra dos reis,RJ
23942,-22.94931989,-44.32408889,angra dos reis,RJ
23943,-22.942733,-44.39440103,angra dos reis,RJ
23944,-22.93724334,-44.41463493,angra dos reis,RJ
23946,-22.96892997,-44.44001136,angra dos reis,RJ
23950,-23.00366267,-44.4327392,angra dos reis,RJ
23951,-23.02409033,-44.5146767,angra dos reis,RJ
23952,-23.0173761,-44.52706875,angra dos reis,RJ
23953,-23.01711991,-44.52777928,angra dos reis,RJ
23954,-23.01271992,-44.53711953,angra dos reis,RJ
23955,-23.00840785,-44.52042944,angra dos reis,RJ
23968,-22.99640405,-43.7965405,ilha grande,RJ
23970,-23.21288607,-44.70778008,parati,RJ
23972,-22.86346711,-42.31128081,parati mirim,RJ
24005,-22.89354537,-43.1189577,niteroi,RJ
24007,-21.20598003,-41.89638193,niteroi,RJ
24008,-21.21914628,-41.8778246,niteroi,RJ
24009,-21.2190931,-41.87750551,niteroi,RJ
24020,-22.89370115,-43.12041785,niteroi,RJ
24022,-22.05622327,-42.49966407,niteroi,RJ
24027,-21.2189719,-41.87752351,niteroi,RJ
24030,-22.88869746,-43.11830702,niterói,RJ
24040,-22.88273562,-43.12349628,niteroi,RJ
24050,-22.87517504,-43.10956028,niteroi,RJ
24060,-22.8859342,-43.11065437,niteroi,RJ
24070,-22.89348625,-43.11089098,niteroi,RJ
24110,-22.86791528,-43.09960549,niterói,RJ
24111,-22.86398451,-43.09252307,niteroi,RJ
24119,-22.86343493,-43.09725737,niteroi,RJ
24120,-22.88327024,-43.09227401,niteroi,RJ
24130,-22.87922689,-43.09157187,niteroi,RJ
24140,-22.88926749,-43.04860886,niteroi,RJ
24141,-22.87816916,-43.05564163,niteroi,RJ
24202,-22.89542603,-43.11547214,niterói,RJ
24210,-22.90062377,-43.12707292,niteroi,RJ
24211,-21.22099485,-41.89197955,niteroi,RJ
24220,-22.90324482,-43.1070236,niteroi,RJ
24230,-22.87863691,-43.08609615,niterói,RJ
24240,-22.89723723,-43.09915756,niteroi,RJ
24241,-22.9042198,-43.09158065,niteroi,RJ
24310,-22.91103282,-43.06742681,niterói,RJ
24315,-22.90168479,-43.06891496,niteroi,RJ
24320,-22.90282318,-43.05085813,niteroi,RJ
24322,-22.89632306,-43.03845773,niteroi,RJ
24325,-22.83056395,-43.04519603,niteroi,RJ
24330,-22.90119955,-42.9911746,niteroi,RJ
24340,-22.94765443,-43.03365087,niteroi,RJ
24342,-22.93739162,-43.02214638,niteroi,RJ
24344,-22.93685984,-43.01491523,niteroi,RJ
24346,-22.94923036,-43.02805521,niteroi,RJ
24348,-22.97040274,-43.03213295,niteroi,RJ
24350,-22.94061686,-43.06545401,niterói,RJ
24355,-22.9411556,-43.04313418,niteroi,RJ
24358,-22.95410558,-43.06800544,niterói,RJ
24360,-22.83098872,-43.03086078,niteroi,RJ
24365,-22.9122432,-43.08150933,niteroi,RJ
24370,-22.92466477,-43.09986986,niteroi,RJ
24400,-22.82265727,-43.04547528,sao goncalo,RJ
24410,-22.85965331,-43.0807823,sao goncalo,RJ
24411,-22.85753738,-43.08169035,sao goncalo,RJ
24412,-22.84750022,-43.07542462,sao goncalo,RJ
24415,-22.84085769,-43.07623548,sao goncalo,RJ
24416,-22.84009812,-43.06778333,sao goncalo,RJ
24417,-22.84541094,-43.05013968,sao goncalo,RJ
24420,-22.83569654,-43.04665935,são gonçalo,RJ
24421,-22.83065608,-43.04204141,sao goncalo,RJ
24422,-22.82772655,-43.02889905,sao goncalo,RJ
24425,-22.85269561,-43.09014619,são gonçalo,RJ
24426,-22.84041117,-43.08660279,sao goncalo,RJ
24430,-22.83009224,-43.0856528,sao goncalo,RJ
24431,-22.82843864,-43.08064706,sao goncalo,RJ
24435,-22.82748195,-43.06981523,sao goncalo,RJ
24436,-22.82124753,-43.06694877,sao goncalo,RJ
24440,-22.82714919,-43.05394814,sao goncalo,RJ
24445,-22.81926169,-43.0347652,sao goncalo,RJ
24450,-22.82316908,-43.02002824,sao goncalo,RJ
24451,-22.82935128,-43.01399541,sao goncalo,RJ
24452,-22.81929147,-43.00635838,são gonçalo,RJ
24455,-22.80878019,-43.02586677,sao goncalo,RJ
24456,-22.80929567,-43.01604037,sao goncalo,RJ
24457,-22.80662423,-43.01265681,sao goncalo,RJ
24460,-22.81478763,-43.04329935,sao goncalo,RJ
24461,-22.80335048,-43.03581828,sao goncalo,RJ
24465,-22.81949145,-43.05516381,sao goncalo,RJ
24466,-22.81112348,-43.06236955,são gonçalo,RJ
24467,-22.80530825,-43.05264793,sao goncalo,RJ
24470,-22.79629033,-43.04531394,sao goncalo,RJ
24471,-22.78560079,-43.0459364,sao goncalo,RJ
24472,-22.78931523,-43.03850388,sao goncalo,RJ
24473,-22.78798823,-43.03235625,sao goncalo,RJ
24474,-22.79496926,-43.02441435,sao goncalo,RJ
24475,-22.77726778,-43.02744631,sao goncalo,RJ
24476,-22.77099822,-43.01575894,sao goncalo,RJ
24710,-22.82262431,-43.00309374,sao goncalo,RJ
24711,-22.81890693,-42.99751196,sao goncalo,RJ
24715,-22.80276773,-42.99028181,são gonçalo,RJ
24716,-22.78988059,-43.00428048,são gonçalo,RJ
24717,-22.8080299,-43.003034,sao goncalo,RJ
24720,-22.81321784,-42.98741033,sao goncalo,RJ
24721,-22.8014957,-42.98390861,sao goncalo,RJ
24722,-22.79650175,-42.97622988,sao goncalo,RJ
24723,-22.81762359,-42.94676361,são gonçalo,RJ
24724,-22.805769,-42.95726725,sao goncalo,RJ
24725,-22.81145622,-42.97220863,sao goncalo,RJ
24726,-22.7885117,-42.95856579,sao goncalo,RJ
24727,-22.78335653,-42.94572164,sao goncalo,RJ
24730,-22.82904691,-42.98784246,sao goncalo,RJ
24731,-22.82281142,-42.98685115,sao goncalo,RJ
24732,-22.82706447,-42.97389766,sao goncalo,RJ
24733,-22.82905663,-42.97254716,são gonçalo,RJ
24734,-22.82947185,-42.960757,sao goncalo,RJ
24735,-22.84588387,-42.95426308,são gonçalo,RJ
24736,-22.82003339,-42.96992219,sao goncalo,RJ
24737,-22.84162388,-42.96231323,sao goncalo,RJ
24738,-22.85178575,-42.94354284,sao goncalo,RJ
24740,-22.83295299,-42.99724675,sao goncalo,RJ
24741,-22.84132429,-42.99775213,sao goncalo,RJ
24742,-22.83876664,-43.00379523,sao goncalo,RJ
24743,-22.84599842,-42.99706759,sao goncalo,RJ
24744,-22.84230016,-43.01214323,sao goncalo,RJ
24745,-22.85280104,-43.00454397,sao goncalo,RJ
24746,-22.83906701,-42.98789279,sao goncalo,RJ
24750,-22.85463669,-43.02258437,sao goncalo,RJ
24751,-22.86782549,-43.00274907,sao goncalo,RJ
24752,-22.88225914,-42.98436173,são gonçalo,RJ
24753,-22.88628701,-42.99166866,sao goncalo,RJ
24754,-22.87235459,-43.02743281,sao goncalo,RJ
24755,-22.85926646,-43.01530786,são gonçalo,RJ
24756,-22.88593339,-43.0119831,sao goncalo,RJ
24800,-22.74248129,-42.85721075,itaborai,RJ
24801,-22.73957937,-42.84701336,itaborai,RJ
24802,-22.72900692,-42.83466836,itaborai,RJ
24803,-22.73270603,-42.82998508,itaborai,RJ
24804,-22.74709053,-42.84342211,itaborai,RJ
24805,-22.73533149,-42.83883774,itaborai,RJ
24806,-22.75153232,-42.84889855,itaborai,RJ
24808,-22.75677623,-42.85541974,itaborai,RJ
24809,-22.76576054,-42.89818734,itaborai,RJ
24812,-22.75019628,-42.87187717,itaborai,RJ
24813,-22.75411758,-42.88883553,itaboraí,RJ
24815,-22.73565972,-42.86943932,itaborai,RJ
24830,-22.7113078,-42.87331425,itaborai,RJ
24840,-22.71890517,-42.86386575,itaborai,RJ
24845,-22.78609023,-42.82332363,itaborai,RJ
24846,-22.71538558,-42.80638584,itaborai,RJ
24850,-22.8089596,-42.88567928,itaboraí,RJ
24851,-22.82015543,-42.89284623,itaborai,RJ
24855,-22.77345968,-42.91565442,itaboraí,RJ
24856,-22.75807914,-42.91063311,itaboraí,RJ
24857,-22.76053492,-42.931487,itaborai,RJ
24858,-22.77209936,-42.92264308,itaborai,RJ
24859,-22.77340231,-42.90984767,itaborai,RJ
24860,-22.78527255,-42.91980373,itaborai,RJ
24865,-22.7427597,-42.91668092,itaborai,RJ
24866,-22.73373118,-42.93276531,itaborai,RJ
24867,-22.76065441,-42.87130859,itaborai,RJ
24868,-22.72784607,-42.95112814,itaborai,RJ
24875,-22.71714485,-42.88755377,itaborai,RJ
24876,-22.71253424,-42.89540473,itaboraí,RJ
24877,-22.74561295,-42.88447945,itaborai,RJ
24890,-22.73521871,-42.72784761,tanguá,RJ
24900,-22.91961811,-42.83978958,marica,RJ
24901,-22.92360828,-42.8198571,marica,RJ
24902,-22.92700535,-42.82931571,marica,RJ
24903,-22.91166963,-42.80609731,marica,RJ
24904,-22.91059689,-42.81704615,marica,RJ
24905,-22.93453522,-42.91175286,marica,RJ
24908,-22.89897572,-42.80761528,maricá,RJ
24909,-22.91370411,-42.81004585,marica,RJ
24910,-22.89595302,-42.84243329,marica,RJ
24911,-22.9026395,-42.83559179,marica,RJ
24912,-22.91112548,-42.83377564,marica,RJ
24913,-22.91428297,-42.83456332,marica,RJ
24914,-22.92345399,-42.85760248,maricá,RJ
24915,-22.95598449,-42.80761538,marica,RJ
24916,-22.94457633,-42.82844129,marica,RJ
24917,-22.97189833,-42.93060397,marica,RJ
24921,-22.95260982,-42.80887264,marica,RJ
24922,-22.9485657,-42.70343237,marica,RJ
24923,-22.95525001,-42.6914365,marica,RJ
24924,-22.91271187,-42.70181684,marica,RJ
24927,-22.8973948,-42.78453778,marica,RJ
24930,-22.92610775,-42.89850356,maricá,RJ
24931,-22.93464895,-42.88228044,maricá,RJ
24932,-22.91727572,-42.89500508,marica,RJ
24933,-22.95659297,-42.88349438,marica,RJ
24934,-22.94622116,-42.88645952,marica,RJ
24935,-22.95097062,-42.94683341,marica,RJ
24936,-22.95427821,-42.96711895,marica,RJ
24937,-22.95115201,-42.99376128,marica,RJ
24938,-22.93536409,-42.97104618,marica,RJ
24939,-22.91771526,-42.95811181,marica,RJ
24940,-22.92600502,-42.94001398,marica,RJ
24941,-22.9132211,-42.83795907,marica,RJ
24942,-22.93102569,-42.92272114,marica,RJ
24943,-22.90948306,-42.9258268,marica,RJ
24944,-22.89552022,-42.93694067,marica,RJ
25010,-22.79046926,-43.31481453,duque de caxias,RJ
25011,-22.79147466,-43.31300811,duque de caxias,RJ
25015,-22.78022249,-43.31660542,duque de caxias,RJ
25020,-22.77894417,-43.30862351,duque de caxias,RJ
25025,-22.78456266,-43.32313609,duque de caxias,RJ
25030,-22.77352142,-43.31139682,duque de caxias,RJ
25035,-22.75533869,-43.30853168,duque de caxias,RJ
25036,-22.74959582,-43.31620476,duque de caxias,RJ
25040,-22.74090064,-43.31546716,duque de caxias,RJ
25041,-22.73578083,-43.31812762,duque de caxias,RJ
25042,-22.73591992,-43.31193605,duque de caxias,RJ
25044,-22.67355389,-43.28482575,duque de caxias,RJ
25045,-22.72281828,-43.31391578,duque de caxias,RJ
25046,-22.72351123,-43.32148643,duque de caxias,RJ
25050,-22.75330449,-43.29699642,duque de caxias,RJ
25051,-22.7612679,-43.29298559,duque de caxias,RJ
25055,-22.75739663,-43.28166913,duque de caxias,RJ
25056,-22.75446482,-43.27704747,duque de caxias,RJ
25060,-22.76405759,-43.3004131,duque de caxias,RJ
25065,-22.75740779,-43.28687073,duque de caxias,RJ
25070,-22.78016279,-43.30430365,duque de caxias,RJ
25071,-22.78540692,-43.30183701,duque de caxias,RJ
25075,-22.77412503,-43.29092658,duque de caxias,RJ
25080,-22.75968575,-43.29297061,duque de caxias,RJ
25081,-22.6169541,-43.30647644,duque de caxias,RJ
25085,-22.79583417,-43.29152615,duque de caxias,RJ
25086,-22.75412194,-43.28647151,duque de caxias,RJ
25211,-22.67066809,-43.26255563,duque de caxias,RJ
25212,-22.6764736,-43.25702003,duque de caxias,RJ
25213,-22.67491072,-43.27620037,duque de caxias,RJ
25214,-22.68973193,-43.26636955,duque de caxias,RJ
25215,-22.68259079,-43.27404136,duque de caxias,RJ
25220,-22.68543014,-43.24665539,duque de caxias,RJ
25221,-22.69800396,-43.24810535,duque de caxias,RJ
25222,-22.67439947,-43.24560662,duque de caxias,RJ
25223,-22.68332248,-43.25395359,duque de caxias,RJ
25225,-22.69632334,-43.27118458,duque de caxias,RJ
25230,-22.68974162,-43.28268869,duque de caxias,RJ
25231,-22.68356382,-43.29906897,duque de caxias,RJ
25233,-22.7035074,-43.29957916,duque de caxias,RJ
25235,-22.70286437,-43.31600018,duque de caxias,RJ
25237,-22.75357485,-43.30589307,duque de caxias,RJ
25240,-22.64563319,-43.28709136,duque de caxias,RJ
25241,-22.571208,-43.3126845,duque de caxias,RJ
25243,-22.65952493,-43.29633231,duque de caxias,RJ
25245,-22.59128608,-43.31229809,duque de caxias,RJ
25250,-22.60728606,-43.29857474,duque de caxias,RJ
25251,-22.65410604,-43.27799273,duque de caxias,RJ
25253,-22.61206015,-43.28185277,duque de caxias,RJ
25255,-22.64453905,-43.27860194,duque de caxias,RJ
25260,-22.65362738,-43.27588967,duque de caxias,RJ
25261,-22.64530376,-43.26203373,duque de caxias,RJ
25264,-22.64520107,-43.23736688,duque de caxias,RJ
25265,-22.64955063,-43.23034129,duque de caxias,RJ
25266,-22.63876728,-43.22181844,duque de caxias,RJ
25267,-22.63517084,-43.24735328,duque de caxias,RJ
25268,-22.65269625,-43.27612565,duque de caxias,RJ
25270,-22.62387459,-43.23981472,duque de caxias,RJ
25271,-22.63746114,-43.22617581,duque de caxias,RJ
25272,-22.62425915,-43.21652129,duque de caxias,RJ
25275,-22.63887776,-43.22692541,duque de caxias,RJ
25510,-22.79064678,-43.37564345,sao joao de meriti,RJ
25515,-22.79765606,-43.36427496,sao joao de meriti,RJ
25520,-22.80367016,-43.37546194,sao joao de meriti,RJ
25525,-22.79612914,-43.38275185,sao joao de meriti,RJ
25530,-22.80597341,-43.39036482,são joão de meriti,RJ
25535,-22.79115902,-43.40261092,sao joao de meriti,RJ
25540,-22.78401553,-43.39703233,sao joao de meriti,RJ
25545,-22.78965292,-43.34817211,sao joao de meriti,RJ
25550,-22.77519333,-43.38292984,sao joao de meriti,RJ
25555,-22.78130044,-43.37040844,sao joao de meriti,RJ
25560,-22.77003408,-43.36986193,sao joao de meriti,RJ
25561,-22.76860148,-43.37689328,sao joao de meriti,RJ
25565,-22.78315358,-43.35979004,sao joao de meriti,RJ
25570,-22.76775547,-43.35164877,são joão de meriti,RJ
25571,-22.76442866,-43.34634958,sao joao de meriti,RJ
25575,-22.77052474,-43.34087058,sao joao de meriti,RJ
25576,-22.77828714,-43.35224411,sao joao de meriti,RJ
25580,-22.78335138,-43.34124146,sao joao de meriti,RJ
25581,-22.78845737,-43.34709778,sao joao de meriti,RJ
25585,-22.79367355,-43.3381681,sao joao de meriti,RJ
25586,-22.7985417,-43.3376013,são joão de meriti,RJ
25610,-22.50218363,-43.16843452,petropolis,RJ
25615,-22.49611422,-43.15620444,petropolis,RJ
25620,-22.51023079,-43.17544387,petropolis,RJ
25625,-22.51582488,-43.17136716,petropolis,RJ
25630,-22.52424789,-43.16161714,petrópolis,RJ
25635,-22.52902711,-43.17661102,petropolis,RJ
25638,-22.52761307,-43.17220132,petropolis,RJ
25640,-22.52279907,-43.18356622,petropolis,RJ
25645,-22.54079651,-43.20123507,petrópolis,RJ
25650,-22.53103825,-43.21230941,petropolis,RJ
25651,-22.52474428,-43.21160358,petropolis,RJ
25655,-22.52044985,-43.19101235,petrópolis,RJ
25660,-22.51203824,-43.20472586,petrópolis,RJ
25665,-22.50918627,-43.21982749,petrópolis,RJ
25670,-22.48950702,-43.21041444,petrópolis,RJ
25675,-22.49698456,-43.20060729,petropolis,RJ
25680,-22.48963724,-43.18376265,petropolis,RJ
25684,-22.50733024,-43.19254587,petropolis,RJ
25685,-22.50813164,-43.18141469,petropolis,RJ
25689,-22.50910899,-43.18746714,petropolis,RJ
25710,-22.47556264,-43.14837015,petropolis,RJ
25715,-22.47150966,-43.16202776,petropolis,RJ
25716,-22.48026413,-43.15522947,petropolis,RJ
25720,-22.43222926,-43.14086038,petropolis,RJ
25725,-22.42789402,-43.2013898,petropolis,RJ
25730,-22.40860808,-43.13140915,petropolis,RJ
25740,-22.37464535,-43.1290937,petropolis,RJ
25745,-22.39151938,-43.10829359,petrópolis,RJ
25750,-22.33852929,-43.12899884,petropolis,RJ
25755,-22.33241253,-43.16802113,petrópolis,RJ
25770,-22.26889274,-43.07681259,petropolis,RJ
25780,-22.17397354,-42.93678905,sao jose do vale do rio preto,RJ
25802,-22.11725591,-43.20586042,tres rios,RJ
25803,-22.11708169,-43.21192451,tres rios,RJ
25804,-22.11755684,-43.21117128,tres rios,RJ
25805,-22.11396576,-43.21376248,tres rios,RJ
25806,-22.11634333,-43.22252416,tres rios,RJ
25807,-22.10849486,-43.20875335,tres rios,RJ
25808,-22.10376869,-43.20857811,três rios,RJ
25809,-22.10088174,-43.21573255,tres rios,RJ
25810,-22.09027772,-43.21741128,tres rios,RJ
25811,-22.10596785,-43.18684239,tres rios,RJ
25812,-22.10534287,-43.19221671,três rios,RJ
25815,-22.11043381,-43.19676877,tres rios,RJ
25820,-22.11606515,-43.18863463,tres rios,RJ
25821,-22.12198084,-43.17304829,três rios,RJ
25845,-22.243708,-43.09854917,areal,RJ
25850,-22.16428987,-43.29222008,paraiba do sul,RJ
25860,-22.21704774,-43.31521816,werneck,RJ
25870,-22.03394176,-43.21276628,comendador levy gasparian,RJ
25875,-22.01222444,-43.3371231,afonso arinos,RJ
25880,-21.9912984,-42.90770421,sapucaia,RJ
25882,-22.18444537,-43.02448769,anta,RJ
25884,-22.40214949,-43.19183375,piao,RJ
25886,-21.54196327,-43.89358786,nossa senhora da aparecida,RJ
25887,-22.20967742,-42.79476653,jamapara,RJ
25900,-22.65141952,-43.06655788,mage,RJ
25901,-22.6483386,-43.05834379,mage,RJ
25902,-22.65954574,-43.11682738,mage,RJ
25903,-22.64186583,-43.07245208,mage,RJ
25904,-22.65181466,-43.05361261,mage,RJ
25905,-22.66139093,-43.03525084,mage,RJ
25907,-22.6385544,-43.16000185,mage,RJ
25908,-22.65815607,-43.11902674,magé,RJ
25911,-22.55907209,-43.04492314,mage,RJ
25912,-22.57019404,-43.05874544,mage,RJ
25914,-22.59381281,-43.06930284,mage,RJ
25915,-22.68973991,-43.34639484,piabeta,RJ
25916,-22.61511524,-43.12484101,mage,RJ
25917,-22.82757021,-43.40739066,mage,RJ
25920,-22.68814782,-43.10667941,mage,RJ
25921,-22.65253577,-43.12650101,mage,RJ
25922,-22.66003863,-43.13478855,magé,RJ
25924,-22.6794612,-43.16763887,magé,RJ
25925,-22.69368277,-43.10979274,mage,RJ
25926,-22.70142395,-43.15952521,mage,RJ
25927,-22.5808586,-43.0240052,mage,RJ
25928,-22.63601682,-43.02534332,mage,RJ
25930,-22.68358467,-43.16053472,mage,RJ
25931,-22.6152685,-43.17121157,magé,RJ
25932,-22.60641463,-43.16479917,mage,RJ
25933,-22.58972544,-43.1838131,mage,RJ
25935,-22.61593316,-43.1797572,mage,RJ
25936,-22.62086491,-43.19203788,mage,RJ
25937,-22.64373828,-43.18294411,mage,RJ
25938,-22.65457132,-43.2033318,mage,RJ
25940,-22.61793189,-43.0041288,guapimirim,RJ
25941,-22.62586673,-43.01067783,guapimirim,RJ
25942,-22.5891848,-43.00872123,guapimirim,RJ
25943,-22.55101493,-42.9844205,guapimirim,RJ
25945,-22.52893412,-42.9854428,guapimirim,RJ
25946,-22.52771808,-42.97826628,guapimirim,RJ
25947,-22.52160504,-42.96706435,guapimirim,RJ
25948,-22.51666725,-42.97758285,guapimirim,RJ
25949,-22.51454666,-42.96902751,guapimirim,RJ
25953,-22.41194947,-42.96641491,teresopolis,RJ
25954,-22.43244496,-42.94823492,teresopolis,RJ
25955,-22.42168973,-42.96724096,teresopolis,RJ
25956,-22.42895163,-42.96516457,teresopolis,RJ
25957,-22.43118412,-42.97022109,teresopolis,RJ
25958,-22.44731277,-42.97110968,teresopolis,RJ
25959,-22.45189566,-42.98036779,teresopolis,RJ
25960,-22.44388382,-42.98199303,teresopolis,RJ
25961,-22.43672725,-42.98057224,teresopolis,RJ
25963,-22.41767727,-42.97672144,teresopolis,RJ
25964,-22.4279151,-42.98136561,teresopolis,RJ
25965,-22.40206295,-42.9757253,teresopolis,RJ
25966,-22.40137062,-42.99100194,teresopolis,RJ
25970,-22.39162813,-42.99561727,teresopolis,RJ
25973,-22.37953177,-42.97232885,teresopolis,RJ
25974,-22.38204501,-42.98026518,teresopolis,RJ
25975,-22.41334525,-42.94595031,teresopolis,RJ
25976,-22.39301206,-42.94856599,teresopolis,RJ
25977,-22.3628571,-42.89980132,teresopolis,RJ
25980,-22.30520366,-42.88833842,teresopolis,RJ
25985,-22.133942,-42.77974758,teresopolis,RJ
25990,-22.41233712,-42.98330709,teresopolis,RJ
25995,-22.3885927,-42.91876026,teresopolis,RJ
26010,-22.75510632,-43.42858335,nova iguaçu,RJ
26011,-22.74878511,-43.43168107,nova iguacu,RJ
26012,-22.73912015,-43.43892378,nova iguacu,RJ
26013,-22.74567515,-43.44388803,nova iguacu,RJ
26014,-22.70976972,-43.46239836,nova iguaçu,RJ
26015,-22.74498697,-43.43911486,nova iguaçu,RJ
26020,-22.73307787,-43.44961388,nova iguaçu,RJ
26021,-22.72652034,-43.43963539,nova iguacu,RJ
26022,-22.73223237,-43.46067672,nova iguacu,RJ
26023,-22.71845448,-43.45333007,nova iguaçu,RJ
26025,-22.73062911,-43.44141566,nova iguacu,RJ
26030,-22.72927766,-43.46322545,nova iguacu,RJ
26031,-22.73314491,-43.475643,nova iguacu,RJ
26032,-22.73116848,-43.47969719,nova iguaçu,RJ
26033,-22.72295609,-43.46189871,nova iguaçu,RJ
26035,-22.72277955,-43.4664552,nova iguacu,RJ
26040,-22.71547698,-43.45497447,nova iguacu,RJ
26041,-22.70978866,-43.46565795,nova iguacu,RJ
26042,-22.70840127,-43.47914028,nova iguacu,RJ
26043,-22.70100979,-43.47761987,nova iguacu,RJ
26050,-22.69233395,-43.46783293,nova iguacu,RJ
26051,-22.69370931,-43.45569367,nova iguacu,RJ
26052,-22.68266174,-43.44763426,nova iguacu,RJ
26053,-22.67642478,-43.46514837,nova iguacu,RJ
26055,-22.67088732,-43.44682083,nova iguacu,RJ
26060,-22.70596026,-43.44426093,nova iguaçu,RJ
26061,-22.69502167,-43.44134383,nova iguacu,RJ
26062,-22.66329918,-43.4219065,nova iguaçu,RJ
26063,-22.71869874,-43.47704074,nova iguacu,RJ
26064,-22.70017832,-43.43911897,nova iguacu,RJ
26065,-22.70365682,-43.44216249,nova iguaçu,RJ
26070,-22.71226158,-43.43397797,nova iguacu,RJ
26080,-22.7254666,-43.511083,nova iguaçu,RJ
26082,-22.73084992,-43.501629,nova iguaçu,RJ
26083,-22.73962521,-43.51130348,nova iguacu,RJ
26084,-22.72883012,-43.51662859,nova iguacu,RJ
26085,-22.73788239,-43.54062652,nova iguacu,RJ
26086,-22.72749509,-43.52334988,nova iguacu,RJ
26087,-22.71628888,-43.51530571,nova iguaçu,RJ
26088,-22.70999458,-43.52081426,nova iguacu,RJ
26089,-22.71693835,-43.511725,nova iguaçu,RJ
26092,-22.65666098,-43.52992852,nova iguacu,RJ
26099,-22.69057212,-43.43951671,nova iguacu,RJ
26110,-22.75567249,-43.36930491,belford roxo,RJ
26112,-22.74889076,-43.40218859,belford roxo,RJ
26113,-22.75249989,-43.39489689,belford roxo,RJ
26115,-22.74102602,-43.3905891,belford roxo,RJ
26116,-22.74403041,-43.38686162,belford roxo,RJ
26120,-22.74095128,-43.40737576,belford roxo,RJ
26123,-22.73755924,-43.40715915,belford roxo,RJ
26125,-22.73309151,-43.40118902,belford roxo,RJ
26127,-22.72417381,-43.41523723,belford roxo,RJ
26130,-22.76452043,-43.40324269,belford roxo,RJ
26131,-22.76856587,-43.39886889,belford roxo,RJ
26135,-22.74883795,-43.41109549,belford roxo,RJ
26140,-22.73864549,-43.41773917,belford roxo,RJ
26143,-22.72777921,-43.41907984,belford roxo,RJ
26145,-22.7012955,-43.39420921,belford roxo,RJ
26150,-22.71689026,-43.41143314,belford roxo,RJ
26153,-22.71386706,-43.42534292,belford roxo,RJ
26155,-22.7214959,-43.40236747,belford roxo,RJ
26157,-22.71398986,-43.40458792,belford roxo,RJ
26160,-22.73036491,-43.39084714,belford roxo,RJ
26163,-22.71802861,-43.38866459,belford roxo,RJ
26165,-22.73004863,-43.38401397,belford roxo,RJ
26167,-22.73381527,-43.37869832,belford roxo,RJ
26170,-22.73530872,-43.36899863,belford roxo,RJ
26171,-22.73200926,-43.36359747,belford roxo,RJ
26172,-22.72779727,-43.36988532,belford roxo,RJ
26173,-22.72939747,-43.3564693,belford roxo,RJ
26175,-22.72371261,-43.34218222,belford roxo,RJ
26176,-22.72892566,-43.37042492,belford roxo,RJ
26177,-22.71695548,-43.3594206,belford roxo,RJ
26178,-22.71708006,-43.37621944,belford roxo,RJ
26180,-22.70930987,-43.34039684,belford roxo,RJ
26182,-22.70784411,-43.33887188,belford roxo,RJ
26183,-22.71884157,-43.33595036,belford roxo,RJ
26185,-22.71230675,-43.3346366,belford roxo,RJ
26187,-22.73168323,-43.34902267,belford roxo,RJ
26190,-22.73805415,-43.33784294,belford roxo,RJ
26193,-22.74371499,-43.34181565,belford roxo,RJ
26195,-22.7558874,-43.35657274,belford roxo,RJ
26196,-22.7478895,-43.36523947,belford roxo,RJ
26210,-22.75587652,-43.45011309,nova iguaçu,RJ
26215,-22.74938378,-43.44373182,nova iguacu,RJ
26216,-22.75111161,-43.46011896,nova iguacu,RJ
26220,-22.75840569,-43.44295772,nova iguacu,RJ
26221,-22.76189529,-43.44132519,nova iguacu,RJ
26225,-22.7649749,-43.43867207,nova iguacu,RJ
26230,-22.75434345,-43.4287438,nova iguacu,RJ
26250,-22.76580598,-43.44413389,nova iguacu,RJ
26255,-22.76083894,-43.45665101,nova iguacu,RJ
26256,-22.75641398,-43.46805786,nova iguacu,RJ
26260,-22.75751451,-43.47418415,nova iguacu,RJ
26261,-22.75945387,-43.48287991,nova iguacu,RJ
26262,-22.75865949,-43.46865497,nova iguaçu,RJ
26263,-22.75111632,-43.48036641,nova iguacu,RJ
26265,-22.76240169,-43.49189992,nova iguacu,RJ
26266,-22.76149082,-43.49983734,nova iguacu,RJ
26270,-22.77178694,-43.513737,nova iguacu,RJ
26271,-22.76538806,-43.51374026,nova iguaçu,RJ
26272,-22.76126818,-43.50460235,nova iguacu,RJ
26275,-22.75852225,-43.50812702,nova iguacu,RJ
26276,-22.74765537,-43.500452,nova iguacu,RJ
26277,-22.75365868,-43.5056821,nova iguacu,RJ
26278,-22.75095031,-43.51049364,nova iguacu,RJ
26279,-22.74634079,-43.51599943,nova iguacu,RJ
26280,-22.74345547,-43.48205929,nova iguacu,RJ
26281,-22.73905152,-43.47469667,nova iguacu,RJ
26282,-22.74326777,-43.47080427,nova iguacu,RJ
26285,-22.74926103,-43.4574348,nova iguacu,RJ
26286,-22.7491937,-43.46954613,nova iguacu,RJ
26290,-22.76923899,-43.52530849,nova iguacu,RJ
26291,-22.77592221,-43.53552519,nova iguaçu,RJ
26292,-22.76511172,-43.5590262,nova iguaçu,RJ
26293,-22.79249084,-43.57524682,nova iguacu,RJ
26294,-22.7898008,-43.54173558,nova iguacu,RJ
26295,-22.78564644,-43.568789,nova iguacu,RJ
26296,-22.80012559,-43.59358341,nova iguacu,RJ
26297,-22.81315247,-43.58884053,nova iguacu,RJ
26298,-22.8212896,-43.58391705,nova iguacu,RJ
26299,-22.84103615,-43.61515805,nova iguacu,RJ
26310,-22.71769037,-43.5640659,queimados,RJ
26311,-22.7230668,-43.57753117,queimados,RJ
26313,-22.72398695,-43.5685922,queimados,RJ
26315,-22.72674987,-43.58842645,queimados,RJ
26316,-22.69170299,-43.59466639,queimados,RJ
26317,-22.71505258,-43.58496533,queimados,RJ
26320,-22.70950682,-43.58027913,queimados,RJ
26321,-22.70819159,-43.57351772,queimados,RJ
26323,-22.72188039,-43.56120107,queimados,RJ
26325,-22.72046602,-43.55679726,queimados,RJ
26327,-22.71961719,-43.54901387,queimados,RJ
26330,-22.7356944,-43.54219721,queimados,RJ
26343,-22.74418324,-43.53627334,queimados,RJ
26357,-22.72092277,-43.55006012,queimados,RJ
26373,-22.74654031,-43.62076582,queimados,RJ
26375,-22.73931501,-43.58068162,queimados,RJ
26376,-22.73776368,-43.57211233,queimados,RJ
26377,-22.7338461,-43.55891848,queimados,RJ
26379,-22.73701486,-43.56361874,queimados,RJ
26380,-22.70747632,-43.55071082,queimados,RJ
26381,-22.69690983,-43.55741624,queimados,RJ
26382,-22.69233135,-43.53181668,queimados,RJ
26383,-22.70786968,-43.56131565,queimados,RJ
26385,-22.70574389,-43.55656212,queimados,RJ
26387,-22.70539574,-43.53736898,queimados,RJ
26393,-22.71164867,-43.55824993,queimados,RJ
26410,-22.70322004,-43.63061748,japeri,RJ
26413,-22.69633343,-43.62664138,japeri,RJ
26415,-22.68438598,-43.62185667,japeri,RJ
26420,-22.68450773,-43.61532318,japeri,RJ
26423,-22.68097787,-43.61135654,japeri,RJ
26425,-22.6832083,-43.61365139,japeri,RJ
26430,-22.68817178,-43.60645937,japeri,RJ
26433,-22.6502508,-43.6535512,japeri,RJ
26435,-22.64899735,-43.65813095,japeri,RJ
26440,-22.64389554,-43.64300824,japeri,RJ
26443,-22.64480681,-43.65794599,japeri,RJ
26445,-22.674494,-43.60813219,japeri,RJ
26450,-22.66320763,-43.61077629,japeri,RJ
26453,-22.66951052,-43.61452548,japeri,RJ
26455,-22.67373241,-43.59804566,japeri,RJ
26460,-22.67164263,-43.59088177,japeri,RJ
26463,-22.68072634,-43.59670352,japeri,RJ
26465,-22.67196638,-43.59047221,japeri,RJ
26470,-22.67954547,-43.5930412,japeri,RJ
26473,-22.65753155,-43.53684578,japeri,RJ
26475,-22.67777935,-43.60222029,japeri,RJ
26480,-22.66791688,-43.58577333,japeri,RJ
26510,-22.81662825,-43.41632497,nilópolis,RJ
26511,-22.81670516,-43.41717323,nilopolis,RJ
26515,-22.82027721,-43.42270906,nilopolis,RJ
26520,-22.81249234,-43.42909626,nilopolis,RJ
26521,-22.80950073,-43.43250149,nilopolis,RJ
26525,-22.80570663,-43.42307905,nilopolis,RJ
26526,-22.80425707,-43.42109061,nilopolis,RJ
26530,-22.80164223,-43.41601788,nilopolis,RJ
26535,-22.79976013,-43.41047448,nilópolis,RJ
26540,-22.80794795,-43.40773099,nilopolis,RJ
26545,-22.81382106,-43.4023528,nilopolis,RJ
26550,-22.77075741,-43.43129914,mesquita,RJ
26551,-22.7817071,-43.42552236,mesquita,RJ
26553,-22.78632248,-43.43138511,mesquita,RJ
26554,-22.79089221,-43.43692215,mesquita,RJ
26556,-22.77776603,-43.43662349,mesquita,RJ
26557,-22.7711058,-43.43638871,mesquita,RJ
26560,-22.77287224,-43.42497546,mesquita,RJ
26562,-22.77006492,-43.42233966,mesquita,RJ
26564,-22.77328133,-43.41781715,mesquita,RJ
26570,-22.77814679,-43.41713427,mesquita,RJ
26572,-22.78467033,-43.41150551,mesquita,RJ
26574,-22.7776772,-43.40386697,mesquita,RJ
26580,-22.7872763,-43.42104793,mesquita,RJ
26582,-22.79178635,-43.41589367,mesquita,RJ
26584,-22.79705192,-43.42658602,mesquita,RJ
26585,-22.79835084,-43.43475044,mesquita,RJ
26587,-22.80462139,-43.43574291,mesquita,RJ
26600,-22.61483383,-43.70568338,paracambi,RJ
26650,-22.537265,-43.66579922,engenheiro paulo de frontin,RJ
26660,-22.48439489,-43.60230613,sacra familia do tingua,RJ
26700,-22.52604631,-43.73322381,mendes,RJ
26900,-22.45551659,-43.47008296,miguel pereira,RJ
26910,-22.47699223,-43.4992742,governador portela,RJ
26920,-22.54656816,-43.57884544,conrado,RJ
26950,-22.42095706,-43.42106837,paty do alferes,RJ
26980,-22.32839356,-43.41279188,avelar,RJ
27110,-22.4742095,-43.83556849,barra do pirai,RJ
27113,-22.4664685,-43.83475746,barra do piraí,RJ
27115,-22.45821985,-43.82084271,barra do pirai,RJ
27120,-22.46274852,-43.81535095,barra do pirai,RJ
27123,-22.47416585,-43.83036811,barra do piraí,RJ
27130,-22.46408928,-43.81394452,barra do pirai,RJ
27135,-22.47147348,-43.82176085,barra do pirai,RJ
27140,-22.48157521,-43.81565467,barra do pirai,RJ
27143,-22.50852401,-43.80890542,barra do pirai,RJ
27145,-22.48003732,-43.82115702,barra do pirai,RJ
27150,-22.48571064,-43.82985141,barra do pirai,RJ
27155,-22.50127609,-43.92827902,vargem alegre,RJ
27160,-22.5270736,-43.84731755,dorandia,RJ
27163,-21.51765512,-43.85246285,califórnia da barra,RJ
27165,-21.06775692,-45.07344024,sao jose do turvo,RJ
27170,-22.37702556,-43.86829218,ipiabas,RJ
27175,-22.62500097,-43.89666344,pirai,RJ
27185,-22.59458967,-44.03079611,arrozal,RJ
27195,-22.52561648,-43.81559067,santanesia,RJ
27197,-22.51199208,-44.00681729,pinheiral,RJ
27210,-22.48855477,-44.07191114,volta redonda,RJ
27211,-22.48686329,-44.07921981,volta redonda,RJ
27212,-22.49727972,-44.07391759,volta redonda,RJ
27213,-22.50603969,-44.08983906,volta redonda,RJ
27214,-22.49258833,-44.07227865,volta redonda,RJ
27215,-22.50604036,-44.09469107,volta redonda,RJ
27220,-22.48677878,-44.06111086,volta redonda,RJ
27230,-22.48716224,-44.05682418,volta redonda,RJ
27240,-22.49962751,-44.05450686,volta redonda,RJ
27250,-22.50774953,-44.07183556,volta redonda,RJ
27251,-22.5129762,-44.08373387,volta redonda,RJ
27253,-22.51585639,-44.08975566,volta redonda,RJ
27255,-22.51709757,-44.09803445,volta redonda,RJ
27256,-22.52744156,-44.09263833,volta redonda,RJ
27257,-22.56722614,-44.08185743,volta redonda,RJ
27258,-22.5369805,-44.07706205,volta redonda,RJ
27259,-22.53226375,-44.07945791,volta redonda,RJ
27260,-22.52047813,-44.10062561,volta redonda,RJ
27261,-22.52433128,-44.10212516,volta redonda,RJ
27262,-22.5217302,-44.11276315,volta redonda,RJ
27263,-22.52480536,-44.1176918,volta redonda,RJ
27264,-22.53040166,-44.12014978,volta redonda,RJ
27265,-22.52698655,-44.12747631,volta redonda,RJ
27267,-22.52639727,-44.12002393,volta redonda,RJ
27273,-22.51897352,-44.13614869,volta redonda,RJ
27274,-22.50773319,-44.12954335,volta redonda,RJ
27275,-22.50361111,-44.11545932,volta redonda,RJ
27276,-22.49559004,-44.13603224,volta redonda,RJ
27277,-22.49695279,-44.12749201,volta redonda,RJ
27278,-22.49018191,-44.11689045,volta redonda,RJ
27279,-22.48962088,-44.11370194,volta redonda,RJ
27280,-22.48980238,-44.10891405,volta redonda,RJ
27281,-22.49880223,-44.10490736,volta redonda,RJ
27283,-22.500233,-44.09318869,volta redonda,RJ
27285,-22.49482243,-44.08776552,volta redonda,RJ
27286,-22.47642512,-44.06833467,volta redonda,RJ
27288,-22.4661429,-44.09873287,volta redonda,RJ
27310,-22.54281337,-44.17172225,barra mansa,RJ
27313,-22.52187001,-44.19199951,barra mansa,RJ
27320,-22.51592988,-44.19242792,barra mansa,RJ
27321,-22.52439827,-44.18418379,barra mansa,RJ
27322,-22.46400619,-44.13231536,barra mansa,RJ
27323,-22.53751105,-44.16847148,barra mansa,RJ
27325,-22.53437205,-44.15259902,barra mansa,RJ
27330,-22.54846525,-44.16762553,barra mansa,RJ
27331,-22.55204238,-44.1545395,barra mansa,RJ
27332,-22.5469415,-44.1319878,barra mansa,RJ
27333,-22.54339748,-44.12596022,barra mansa,RJ
27335,-22.5426078,-44.11539842,barra mansa,RJ
27336,-22.55271204,-44.12272868,barra mansa,RJ
27337,-22.55841082,-44.17065755,barra mansa,RJ
27338,-22.5642724,-44.16186623,barra mansa,RJ
27340,-22.58269648,-44.17485279,barra mansa,RJ
27343,-22.56280228,-44.17158974,barra mansa,RJ
27345,-22.54473296,-44.17640592,barra mansa,RJ
27347,-22.55568472,-44.18112943,barra mansa,RJ
27350,-22.53999061,-44.19081942,barra mansa,RJ
27351,-22.53171669,-44.20369955,barra mansa,RJ
27353,-22.54554988,-44.23261292,barra mansa,RJ
27360,-22.57715889,-44.21732103,barra mansa,RJ
27365,-22.45218412,-44.30479617,barra mansa,RJ
27410,-22.41340641,-44.26183047,quatis,RJ
27420,-22.41235819,-44.26607975,quatis,RJ
27430,-22.40484974,-44.25489827,quatis,RJ
27460,-22.73072948,-44.13045433,rio claro,RJ
27465,-22.66127695,-44.10248308,getulândia,RJ
27470,-22.69580383,-44.00290735,passa tres,RJ
27475,-22.82978727,-44.19680915,lidice,RJ
27510,-22.46524226,-44.45825455,resende,RJ
27511,-22.46876503,-44.45027766,resende,RJ
27512,-22.47312504,-44.43493518,resende,RJ
27513,-22.48135291,-44.44738336,resende,RJ
27514,-22.47435921,-44.45135899,resende,RJ
27515,-22.47512617,-44.45598593,resende,RJ
27516,-22.47869599,-44.45562454,resende,RJ
27520,-22.47167222,-44.46056689,resende,RJ
27521,-22.47491722,-44.47557157,resende,RJ
27522,-22.47500026,-44.47228039,resende,RJ
27523,-22.48891968,-44.48177555,resende,RJ
27524,-22.47953658,-44.48622079,resende,RJ
27525,-22.47945755,-44.497006,resende,RJ
27532,-22.46084918,-44.48063091,resende,RJ
27533,-22.45659621,-44.45539978,resende,RJ
27534,-22.45664581,-44.44662878,resende,RJ
27535,-22.45676024,-44.44027937,resende,RJ
27536,-22.45598197,-44.4320281,resende,RJ
27537,-22.45166477,-44.3956879,resende,RJ
27540,-22.45872398,-44.40526072,resende,RJ
27541,-22.4644472,-44.43840112,resende,RJ
27542,-22.46399778,-44.44893134,resende,RJ
27553,-22.33080056,-44.52822701,visconde de maua,RJ
27555,-22.0566195,-44.99224962,engenheiro passos,RJ
27570,-22.42780185,-44.30627265,porto real,RJ
27580,-22.47929703,-44.55714132,itatiaia,RJ
27598,-22.43448728,-44.53201066,penedo,RJ
27600,-22.24590641,-43.7071105,valenca,RJ
27640,-22.34435841,-43.68163918,barao de juparana,RJ
27650,-22.16358006,-43.7671431,parapeuna,RJ
27655,-22.28640236,-43.9203682,valenca,RJ
27657,-22.22842322,-44.06655709,santa isabel do rio preto,RJ
27660,-22.16745098,-43.5837915,rio das flores,RJ
27665,-22.20993683,-43.62279261,taboas,RJ
27690,-22.08605251,-43.55931365,manuel duarte,RJ
27700,-22.40767287,-43.66768977,vassouras,RJ
27770,-22.23913861,-43.42353052,andrade pinto,RJ
27900,-22.38313164,-41.77840759,macae,RJ
27910,-22.3738347,-41.78067438,macae,RJ
27913,-22.3809924,-41.77433351,macae,RJ
27915,-22.38575637,-41.77570679,macae,RJ
27916,-22.38172754,-41.77830148,macae,RJ
27920,-22.39519673,-41.79222431,macaé,RJ
27923,-22.39135812,-41.78144326,macae,RJ
27925,-22.40736604,-41.83961261,macae,RJ
27930,-22.40021354,-41.81555268,macae,RJ
27933,-22.39978134,-41.80343717,macaé,RJ
27935,-22.39077994,-41.79111084,macae,RJ
27936,-22.38466363,-41.78870196,macae,RJ
27937,-22.3953102,-41.79457687,macae,RJ
27940,-22.38686498,-41.78475384,macaé,RJ
27943,-22.37808344,-41.78502762,macae,RJ
27944,-22.35425795,-41.76698603,macae,RJ
27945,-22.37245658,-41.79431815,macae,RJ
27946,-22.36678609,-41.79341334,macae,RJ
27947,-22.36303328,-41.79699241,macae,RJ
27948,-22.34079576,-41.8678756,macae,RJ
27950,-22.34237266,-41.75978152,macae,RJ
27953,-22.33847038,-41.7554358,macae,RJ
27955,-22.33460959,-41.75271081,macae,RJ
27960,-22.35120019,-41.77331239,macae,RJ
27961,-22.35899014,-41.7718755,macae,RJ
27963,-22.33939751,-41.75630393,macae,RJ
27964,-22.32885854,-41.74751907,macae,RJ
27965,-22.3265915,-41.73163525,macae,RJ
27966,-22.317164,-41.72590562,macae,RJ
27970,-22.31007195,-41.72396111,macae,RJ
27971,-22.32774039,-41.74069928,macae,RJ
27972,-22.32810184,-41.76439362,macae,RJ
27973,-22.36072169,-41.77220093,macae,RJ
27975,-22.35276466,-41.76981629,macae,RJ
27979,-22.25472268,-41.79267234,macae,RJ
27985,-22.23692887,-42.06232678,glicerio,RJ
27987,-22.56103698,-43.56482454,frade,RJ
27995,-22.27072879,-42.15898606,sana,RJ
27998,-22.19068358,-41.65744656,carapebus,RJ
28010,-21.76175043,-41.32267236,campos dos goytacazes,RJ
28013,-21.76277535,-41.3096327,campos dos goytacazes,RJ
28015,-21.77041763,-41.30565249,campos dos goytacazes,RJ
28016,-21.76559215,-41.28202082,campos dos goytacazes,RJ
28020,-21.77864856,-41.29701425,campos dos goytacazes,RJ
28021,-21.79490262,-41.28808473,campos dos goytacazes,RJ
28022,-21.80376198,-41.30208914,campos dos goytacazes,RJ
28024,-21.7766923,-41.31277926,campos dos goytacazes,RJ
28025,-21.78310012,-41.32412384,campos dos goytacazes,RJ
28026,-21.78035736,-41.32726772,campos dos goytacazes,RJ
28027,-21.77456586,-41.32326868,campos dos goytacazes,RJ
28030,-21.76228713,-41.33987998,campos dos goytacazes,RJ
28035,-21.75650602,-41.33204541,campos dos goytacazes,RJ
28040,-21.8345298,-41.41380006,campos dos goytacazes,RJ
28050,-21.71259446,-41.27894372,campos dos goytacazes,RJ
28051,-21.74956331,-41.34030197,campos dos goytacazes,RJ
28053,-21.74761178,-41.34512105,campos dos goytacazes,RJ
28055,-21.74231063,-41.35658547,campos dos goytacazes,RJ
28057,-21.74407632,-41.3495816,campos dos goytacazes,RJ
28060,-21.728137,-41.33195418,campos dos goytacazes,RJ
28070,-21.72152737,-41.32214276,campos dos goytacazes,RJ
28073,-21.72140177,-41.31589906,campos dos goytacazes,RJ
28080,-21.74266787,-41.31314053,campos dos goytacazes,RJ
28083,-21.73399777,-41.31566568,campos dos goytacazes,RJ
28085,-21.7276002,-41.30591215,campos dos goytacazes,RJ
28090,-21.71620333,-41.30722785,campos dos goytacazes,RJ
28093,-21.70504663,-41.30577408,campos dos goytacazes,RJ
28095,-21.74107222,-41.35544543,campos dos goytacazes,RJ
28110,-21.96780565,-41.54848867,goitacazes,RJ
28140,-18.12605887,-42.98823047,campos dos goytacazes,RJ
28143,-21.84251258,-41.25341551,campos dos goytacazes,RJ
28145,-20.75734518,-49.88184551,sao sebastiao de campos,RJ
28148,-22.90346032,-43.78766406,tocos,RJ
28155,-11.31469807,-34.72512984,santa maria,RJ
28165,-9.096035575,-40.17794906,vila nova de campos,RJ
28175,-22.33661387,-42.46220269,campos dos goytacazes,RJ
28178,-21.37528,-41.34667,morro do coco,RJ
28180,-21.49293239,-41.61514242,cardoso moreira,RJ
28200,-21.67006063,-41.05687237,sao joao da barra,RJ
28220,-21.7211959,-41.16170461,barcelos,RJ
28230,-21.54197547,-41.17599627,sao francisco de itabapoana,RJ
28250,-21.42386639,-41.69195269,italva,RJ
28300,-21.20342799,-41.89346824,itaperuna,RJ
28330,-21.44254902,-42.42350286,retiro do muriaé,RJ
28333,-12.60214839,-37.00085387,raposo,RJ
28340,-21.20794912,-41.88977443,boa ventura,RJ
28348,-21.18043833,-42.10477135,comendador venancio,RJ
28350,-21.21089298,-42.11854078,laje do muriaé,RJ
28360,-21.13426148,-41.67656312,bom jesus do itabapoana,RJ
28368,-21.01608699,-41.71691389,calheiros,RJ
28372,-21.21620104,-41.59165051,carabucu,RJ
28375,-20.92843254,-41.86768975,varre-sai,RJ
28380,-21.0445184,-41.97504789,natividade,RJ
28390,-20.96670599,-42.04149743,porciuncula,RJ
28396,-20.93012869,-41.95575542,purilandia,RJ
28398,-20.82155819,-41.90794603,santa clara,RJ
28400,-21.64629135,-41.75133524,sao fidelis,RJ
28405,-21.64161428,-41.73797143,ipuca,RJ
28415,-21.58966623,-41.84131124,pureza,RJ
28420,-21.6762721,-41.87766319,colonia,RJ
28425,-21.71472,-41.925,cambiasca,RJ
28430,-21.57441686,-41.91166381,cambuci,RJ
28435,-21.6256455,-41.98519584,tres irmaos,RJ
28450,-22.28155598,-45.10349325,sao joao do paraiso,RJ
28455,-21.36019362,-41.93993509,sao jose de uba,RJ
28460,-21.41145054,-42.19638619,miracema,RJ
28463,-21.42991817,-42.10109097,paraiso do tobias,RJ
28470,-21.55285988,-42.19618878,santo antonio de padua,RJ
28490,-17.61812051,-40.36091092,monte alegre,RJ
28495,-21.62582999,-42.1048909,aperibe,RJ
28500,-21.97436425,-42.35421776,cantagalo,RJ
28510,-15.63286424,-43.07263589,santa rita da floresta,RJ
28525,-21.84685464,-42.26862716,boa sorte,RJ
28540,-22.02725682,-42.36626103,cordeiro,RJ
28545,-21.98476687,-42.25244838,macuco,RJ
28550,-21.95150305,-42.1320381,sao sebastiao do alto,RJ
28555,-22.34576697,-41.75767926,valao do barro,RJ
28557,-20.143301,-41.81119355,ipituna,RJ
28570,-21.6788118,-42.08575071,itaocara,RJ
28580,-22.68421518,-43.57681084,laranjais,RJ
28595,-15.30715572,-38.85053053,portela,RJ
28605,-22.26990376,-42.51971931,nova friburgo,RJ
28610,-22.28479683,-42.5316541,nova friburgo,RJ
28611,-22.28531089,-42.52415219,nova friburgo,RJ
28613,-22.2882072,-42.53124511,nova friburgo,RJ
28614,-22.29292921,-42.52127663,nova friburgo,RJ
28615,-22.32379487,-42.51973077,nova friburgo,RJ
28616,-22.31576376,-42.42119508,nova friburgo,RJ
28620,-22.30835884,-42.54074287,nova friburgo,RJ
28621,-22.32342917,-42.54761386,nova friburgo,RJ
28623,-22.30198128,-42.53765402,nova friburgo,RJ
28625,-22.28303811,-42.53811896,nova friburgo,RJ
28630,-22.25129433,-42.54062738,nova friburgo,RJ
28633,-22.23802522,-42.52586357,nova friburgo,RJ
28634,-22.2148146,-42.51695257,nova friburgo,RJ
28635,-22.23770064,-42.51875446,nova friburgo,RJ
28637,-22.05533123,-42.67356401,sumidouro,RJ
28640,-21.93234321,-42.60743229,carmo,RJ
28644,-21.82489588,-42.54869285,porto velho do cunha,RJ
28650,-22.05306144,-42.51879811,duas barras,RJ
28660,-22.15968821,-42.41686495,bom jardim,RJ
28662,-22.17455822,-42.47257654,banquete,RJ
28664,-22.205,-42.39806,sao jose do ribeirao,RJ
28680,-22.47084905,-42.65712104,cachoeiras de macacu,RJ
28685,-22.56282525,-42.69457407,japuiba,RJ
28695,-22.60230695,-42.76142623,papucaia,RJ
28735,-22.10915697,-41.47002358,quissama,RJ
28740,-22.08807081,-41.86732115,conceicao de macabu,RJ
28750,-22.06570766,-42.06975873,trajano de moraes,RJ
28755,-22.07028446,-42.16001923,visconde de imbe,RJ
28770,-21.95943755,-41.99996084,santa maria madalena,RJ
28779,-21.95588,-42.00791,santa maria madalena,RJ
28800,-22.71192787,-42.63004114,rio bonito,RJ
28810,-22.75192349,-42.53355679,boa esperança,RJ
28820,-22.64304993,-42.40944446,silva jardim,RJ
28860,-22.4861251,-42.19317094,casimiro de abreu,RJ
28880,-22.57595964,-41.98864949,barra de sao joao,RJ
28890,-22.53635385,-41.96657707,rio das ostras,RJ
28891,-22.53016794,-41.9838736,rio das ostras,RJ
28892,-22.43065944,-41.99013315,rio das ostras,RJ
28893,-22.52346667,-41.94562478,rio das ostras,RJ
28894,-22.5143432,-41.94884363,rio das ostras,RJ
28895,-22.50767873,-41.92492452,rio das ostras,RJ
28896,-22.50758786,-41.9314274,rio das ostras,RJ
28897,-22.49327136,-41.91284139,rio das ostras,RJ
28898,-22.44913569,-41.86954576,rio das ostras,RJ
28899,-22.47672381,-41.9080501,rio das ostras,RJ
28900,-22.67224912,-42.0064878,cabo frio,RJ
28905,-22.88391841,-42.02556816,cabo frio,RJ
28906,-22.87791746,-42.01062959,cabo frio,RJ
28907,-22.88050053,-42.01962444,cabo frio,RJ
28908,-22.89397729,-42.03330015,cabo frio,RJ
28909,-22.89397516,-42.0444758,cabo frio,RJ
28910,-22.88092775,-42.03732021,cabo frio,RJ
28911,-22.87873532,-42.04468583,cabo frio,RJ
28912,-22.84842225,-42.04269685,cabo frio,RJ
28913,-22.84416513,-42.03141356,cabo frio,RJ
28915,-22.86430252,-42.02691344,cabo frio,RJ
28920,-22.83316111,-42.02483254,cabo frio,RJ
28921,-22.83350517,-42.00965634,cabo frio,RJ
28922,-22.85835544,-42.00788907,cabo frio,RJ
28923,-22.82125996,-41.99575343,cabo frio,RJ
28924,-22.85069881,-42.00500057,cabo frio,RJ
28925,-22.65241446,-42.0060061,cabo frio,RJ
28926,-22.64005299,-42.00547416,cabo frio,RJ
28927,-22.62644553,-42.00644875,cabo frio,RJ
28928,-22.68024143,-42.00826525,cabo frio,RJ
28929,-22.7502382,-42.01159127,cabo frio,RJ
28930,-22.96356603,-42.0506509,arraial do cabo,RJ
28940,-22.83704483,-42.11212608,sao pedro da aldeia,RJ
28941,-22.80981036,-42.1644053,sao pedro da aldeia,RJ
28942,-22.84153914,-42.11698014,sao pedro da aldeia,RJ
28943,-22.85385144,-42.06053768,sao pedro da aldeia,RJ
28944,-22.80931715,-42.14131084,são pedro da aldeia,RJ
28945,-19.94334269,-43.93585476,sao pedro da aldeia,RJ
28948,-22.81535622,-42.11172647,sao pedro da aldeia,RJ
28949,-22.83222514,-42.14232677,sao pedro da aldeia,RJ
28950,-22.76657248,-41.90867521,armacao dos buzios,RJ
28960,-22.83922651,-42.2220686,iguaba grande,RJ
28970,-22.86965695,-42.32141494,araruama,RJ
28980,-22.72661349,-42.29203723,sao vicente de paula,RJ
28990,-22.92375655,-42.50447967,saquarema,RJ
28991,-22.91269429,-42.47650474,saquarema,RJ
28992,-22.90426914,-42.42047172,saquarema,RJ
28993,-22.89331609,-42.47000671,bacaxa,RJ
28994,-22.89610852,-42.46919761,saquarema,RJ
28995,-22.87997875,-42.47392137,saquarema,RJ
28997,-22.8599105,-42.59600106,saquarema,RJ
28998,-22.88271929,-42.59965356,saquarema,RJ
28999,-22.92663933,-42.60231508,saquarema,RJ
29001,-20.32180709,-40.3386115,vitoria,ES
29010,-20.32003853,-40.33292189,vitória,ES
29014,-20.31870096,-40.33056169,vitoria,ES
29015,-20.3178716,-40.33755036,vitoria,ES
29016,-20.31791462,-40.33626043,vitoria,ES
29017,-20.31716433,-40.32407036,vitoria,ES
29018,-20.31884345,-40.34156622,vitoria,ES
29020,-20.32084621,-40.34620762,vitoria,ES
29023,-20.29702121,-40.34727125,vitoria,ES
29024,-20.29034209,-40.34125366,vitoria,ES
29025,-20.31614154,-40.35222237,vitoria,ES
29026,-20.30979681,-40.35202425,vitoria,ES
29027,-20.30850682,-40.34633538,vitoria,ES
29030,-20.28299983,-40.33641849,vitoria,ES
29031,-20.2825832,-40.33059983,vitoria,ES
29032,-20.25261542,-40.31958338,vitoria,ES
29033,-20.27873418,-40.32983373,vitoria,ES
29040,-20.309547,-40.31915838,vitoria,ES
29041,-20.31177521,-40.32002717,vitoria,ES
29042,-20.30459253,-40.32057506,vitoria,ES
29043,-20.29620697,-40.32083517,vitoria,ES
29045,-20.29750072,-40.30639205,vitória,ES
29046,-20.29530821,-40.30843718,vitoria,ES
29047,-20.29852026,-40.30965609,vitoria,ES
29048,-20.28986319,-40.31566239,vitoria,ES
29050,-20.31396062,-40.29874528,vitoria,ES
29051,-20.31271637,-40.31898956,vitoria,ES
29052,-20.31268732,-40.29762077,vitoria,ES
29053,-20.31399601,-40.31410165,vitoria,ES
29055,-20.3006147,-40.29502806,vitoria,ES
29056,-20.30451573,-40.29957607,vitoria,ES
29057,-20.29477237,-40.2964821,vitoria,ES
29060,-20.28459307,-40.29540456,vitória,ES
29062,-20.27765478,-40.29633036,vitoria,ES
29065,-20.27703282,-40.29246869,vitoria,ES
29066,-20.27579016,-40.28920643,vitoria,ES
29070,-20.2641365,-40.29628588,vitoria,ES
29072,-20.25931032,-40.294469,vitoria,ES
29075,-20.26870592,-40.30117429,vitória,ES
29090,-20.25892061,-40.26756763,vitoria,ES
29092,-20.24769258,-40.27158813,vitoria,ES
29100,-20.33959604,-40.2954935,vila velha,ES
29101,-20.3450302,-40.28790374,vila velha,ES
29102,-20.37128037,-40.30721838,vila velha,ES
29103,-20.38465423,-40.32372831,vila velha,ES
29104,-20.36670193,-40.31718922,vila velha,ES
29105,-20.37865765,-40.31950139,vila velha,ES
29106,-20.34980377,-40.30673634,vila velha,ES
29107,-20.35405888,-40.30128887,vila velha,ES
29108,-20.35546031,-40.31414726,vila velha,ES
29109,-20.35524227,-40.31433174,vila velha,ES
29110,-20.35100447,-40.32120866,vila velha,ES
29111,-20.35096525,-40.35353586,vila velha,ES
29112,-20.36225772,-40.35405948,vila velha,ES
29113,-20.3777322,-40.35047944,vila velha,ES
29114,-20.33161625,-40.34252286,vila velha,ES
29115,-20.33547255,-40.3312281,vila velha,ES
29116,-20.34251174,-40.33766249,vila velha,ES
29117,-20.34379479,-40.34511866,vila velha,ES
29118,-20.34801863,-40.33731992,vila velha,ES
29119,-20.35038439,-40.32316313,vila velha,ES
29120,-20.35146448,-40.3199654,vila velha,ES
29121,-20.33820736,-40.31902932,vila velha,ES
29122,-20.33904375,-40.30909785,vila velha,ES
29124,-20.44067775,-40.34259599,vila velha,ES
29125,-20.42691714,-40.32721793,vila velha,ES
29126,-20.41180072,-40.3375622,vila velha,ES
29127,-20.44442592,-40.35730216,vila velha,ES
29128,-20.50957808,-40.37363064,vila velha,ES
29129,-20.50755411,-40.36111726,vila velha,ES
29130,-20.38928094,-40.4901874,viana,ES
29131,-20.42138502,-40.46039347,viana,ES
29132,-20.39053747,-40.47448199,viana,ES
29134,-20.35516349,-40.43123214,viana,ES
29135,-20.35138513,-40.42842771,viana,ES
29136,-20.36426008,-40.42106529,viana,ES
29137,-20.36890956,-40.42459106,viana,ES
29138,-20.37029647,-40.41644854,viana,ES
29140,-20.341071,-40.36444151,cariacica,ES
29141,-20.35304226,-40.37298837,cariacica,ES
29142,-20.36360186,-40.37462539,cariacica,ES
29143,-20.34987747,-40.38401592,cariacica,ES
29144,-20.34732168,-40.39544196,cariacica,ES
29145,-20.34848249,-40.39424799,cariacica,ES
29146,-20.3405213,-40.38489799,cariacica,ES
29147,-20.33592557,-40.38995407,cariacica,ES
29148,-20.33467865,-40.40049066,cariacica,ES
29149,-20.33013338,-40.39043058,cariacica,ES
29150,-20.3224763,-40.37762777,cariacica,ES
29151,-20.32860161,-40.36941562,cariacica,ES
29152,-20.3170008,-40.3723201,cariacica,ES
29153,-20.30645309,-40.37093583,cariacica,ES
29154,-20.30941651,-40.39115334,cariacica,ES
29155,-20.29248105,-40.38403142,cariacica,ES
29156,-20.27851289,-40.41167522,cariacica,ES
29157,-20.26440961,-40.38953751,cariacica,ES
29158,-20.31255045,-40.40000069,cariacica,ES
29160,-20.23621549,-40.27203666,serra,ES
29161,-20.22398021,-40.27581852,serra,ES
29162,-20.19698018,-40.27111839,serra,ES
29163,-20.21813766,-40.2429718,serra,ES
29164,-20.21168518,-40.23961903,serra,ES
29165,-20.19918589,-40.25773967,serra,ES
29166,-20.18807968,-40.24169776,serra,ES
29167,-20.17952411,-40.25832209,serra,ES
29168,-20.15847293,-40.24609616,serra,ES
29169,-20.15015966,-40.26506796,serra,ES
29170,-20.15433139,-40.26898012,serra,ES
29171,-20.13847616,-40.2477944,serra,ES
29172,-20.17128506,-40.20456733,serra,ES
29173,-20.15868902,-40.19214871,serra,ES
29174,-20.06421048,-40.18297373,serra,ES
29175,-20.14021568,-40.19358163,serra,ES
29176,-20.13514375,-40.29981976,serra,ES
29177,-20.12154558,-40.3059788,serra,ES
29178,-20.13590388,-40.29837509,serra,ES
29179,-20.11736507,-40.2930984,serra,ES
29180,-20.07201782,-40.36216847,serra,ES
29182,-20.06454249,-40.20226241,serra,ES
29185,-19.94416022,-40.38449895,fundao,ES
29187,-20.03926937,-40.18713746,praia grande,ES
29190,-19.82256891,-40.27108349,aracruz,ES
29192,-19.83526003,-40.26154958,aracruz,ES
29193,-19.83175449,-40.27247537,aracruz,ES
29194,-19.82415924,-40.26429873,aracruz,ES
29195,-19.93010951,-40.15365065,coqueiral,ES
29197,-19.82225063,-40.06303351,aracruz,ES
29198,-19.89531139,-40.09910074,aracruz,ES
29199,-19.92700998,-40.14346404,aracruz,ES
29200,-20.67223332,-40.50002482,guarapari,ES
29201,-20.68193609,-40.50912374,guarapari,ES
29202,-20.67211584,-40.51700526,guarapari,ES
29203,-20.67639066,-40.51739541,guarapari,ES
29206,-20.71723806,-40.52427447,guarapari,ES
29208,-20.68243655,-40.51920111,guarapari,ES
29209,-20.73131236,-40.55274901,guarapari,ES
29210,-20.66529503,-40.50724705,guarapari,ES
29211,-20.64404602,-40.51275464,guarapari,ES
29212,-20.64171596,-40.51512444,guarapari,ES
29213,-20.64076096,-40.50899385,guarapari,ES
29214,-20.65669577,-40.50574388,guarapari,ES
29215,-20.66021676,-40.49856289,guarapari,ES
29216,-20.65299859,-40.48707808,guarapari,ES
29217,-20.65432141,-40.49021163,guarapari,ES
29220,-20.62807014,-40.476216,guarapari,ES
29221,-20.61891636,-40.45645089,guarapari,ES
29222,-20.6424188,-40.5000674,guarapari,ES
29227,-20.64808371,-40.4908018,guarapari,ES
29230,-20.80037809,-40.64884982,anchieta,ES
29240,-20.62703187,-40.74931057,alfredo chaves,ES
29255,-20.41550881,-40.6890127,marechal floriano,ES
29258,-20.41550908,-40.64411836,araguaia,ES
29260,-20.35420704,-40.70328527,domingos martins,ES
29263,-20.37378292,-40.56310209,isabel,ES
29273,-20.34018314,-40.73167973,paraju,ES
29278,-20.01085721,-40.79846476,domingos martins,ES
29280,-20.78929879,-40.81339847,iconha,ES
29285,-20.83994865,-40.73441104,piuma,ES
29290,-20.8604851,-40.93526012,rio novo do sul,ES
29295,-20.644843,-41.00717002,vargem alta,ES
29297,-20.70682235,-41.01712786,jacigua,ES
29300,-20.84745965,-41.12005826,cachoeiro de itapemirim,ES
29301,-20.84177575,-41.12902379,cachoeiro de itapemirim,ES
29302,-20.84937768,-41.12932749,cachoeiro de itapemirim,ES
29303,-20.85295506,-41.11820666,cachoeiro de itapemirim,ES
29304,-20.85864952,-41.11688197,cachoeiro de itapemirim,ES
29305,-20.85526865,-41.10871046,cachoeiro de itapemirim,ES
29306,-20.85077309,-41.10580546,cachoeiro de itapemirim,ES
29307,-20.84472986,-41.11075005,cachoeiro de itapemirim,ES
29308,-20.84252699,-41.11888796,cachoeiro de itapemirim,ES
29309,-20.83724042,-41.11713803,cachoeiro de itapemirim,ES
29310,-20.84405138,-41.13971837,cachoeiro de itapemirim,ES
29311,-20.84573744,-41.1444351,cachoeiro de itapemirim,ES
29312,-20.84888395,-41.15305503,cachoeiro de itapemirim,ES
29313,-20.83232137,-41.15726028,cachoeiro de itapemirim,ES
29314,-20.84407162,-41.15350989,cachoeiro de itapemirim,ES
29315,-20.8471644,-41.15484553,cachoeiro de itapemirim,ES
29316,-20.84714875,-41.11294563,cachoeiro de itapemirim,ES
29317,-20.84711789,-41.13974718,cachoeiro de itapemirim,ES
29321,-20.98848823,-42.23727344,vargem grande do soturno,ES
29323,-20.76272909,-41.27160623,pacotuba,ES
29325,-20.72583088,-41.13400495,itaoca,ES
29327,-20.10275653,-40.56264865,burarama,ES
29328,-20.88333,-41.2,córrego dos monos,ES
29329,-20.68770403,-41.20195223,conduru,ES
29330,-20.94924975,-40.80778682,itapemirim,ES
29338,-20.89832395,-40.78024911,itaipava,ES
29345,-21.03231812,-40.8226969,marataizes,ES
29350,-21.12293058,-41.04061029,presidente kennedy,ES
29360,-20.60535638,-41.20519636,castelo,ES
29370,-20.36122521,-41.24983376,conceicao do castelo,ES
29375,-20.33885296,-41.13293114,venda nova do imigrante,ES
29378,-20.336688,-41.1851115,sao joao de vicosa,ES
29380,-20.46250863,-41.41468639,muniz freire,ES
29386,-20.33597291,-41.39048795,muniz freire,ES
29390,-20.34911192,-41.5337304,iuna,ES
29395,-20.23385471,-41.50681788,ibatiba,ES
29398,-20.34580366,-41.64094155,irupi,ES
29400,-21.06157067,-41.36296449,mimoso do sul,ES
29420,-19.90043616,-43.99902966,sao jose das torres,ES
29450,-21.15332346,-41.56743108,apiaca,ES
29460,-21.1265679,-41.67280615,bom jesus do norte,ES
29470,-21.02027868,-41.6531281,sao jose do calcado,ES
29475,-20.94611,-41.62,alto calcado,ES
29480,-20.95206474,-41.34218705,muqui,ES
29490,-20.9251478,-41.19649395,atilio vivacqua,ES
29500,-20.7602063,-41.53516276,alegre,ES
29510,-19.85158166,-40.57072169,celina,ES
29515,-20.77150566,-41.53560726,cafe,ES
29520,-20.75674212,-41.45931215,rive,ES
29540,-20.5371123,-41.66525823,ibitirama,ES
29550,-20.7913873,-41.39207894,jerônimo monteiro,ES
29560,-20.77259502,-41.6750344,guacui,ES
29564,-20.78111,-41.80056,são pedro de rates,ES
29580,-20.68276666,-41.84274575,dores do rio preto,ES
29590,-20.61167366,-41.69466503,divino de sao lourenco,ES
29600,-20.07682155,-41.12371138,afonso claudio,ES
29609,-20.07893434,-41.124294,afonso claudio,ES
29615,-19.89303063,-41.05797354,laranja da terra,ES
29619,-19.82528,-41.11111,laranja da terra,ES
29620,-19.87731799,-40.87420544,itarana,ES
29630,-20.14768728,-41.29158582,brejetuba,ES
29640,-20.10036149,-40.53208941,santa leopoldina,ES
29645,-20.0313911,-40.75116929,santa maria de jetiba,ES
29650,-19.94277069,-40.60646958,santa teresa,ES
29654,2.854529956,-70.31520025,santo antonio do canaa,ES
29660,-19.87986063,-40.62673959,sao joao de petropolis,ES
29665,-19.73930435,-40.66322894,sao roque do canaa,ES
29670,-19.83159345,-40.37012574,ibiracu,ES
29680,-19.75100701,-40.38667301,joao neiva,ES
29687,-19.65590922,-40.46336508,acioli,ES
29690,-19.79299196,-40.85391941,itaguacu,ES
29695,-19.66469628,-40.83650571,itaimbe,ES
29700,-19.53930205,-40.62595077,colatina,ES
29701,-19.54074944,-40.62883793,colatina,ES
29702,-19.54551718,-40.63413419,colatina,ES
29703,-19.52371016,-40.63932321,colatina,ES
29704,-19.52664431,-40.66243186,colatina,ES
29705,-19.51082201,-40.63310196,colatina,ES
29706,-19.52117754,-40.64688425,colatina,ES
29707,-19.54195656,-40.64327673,colatina,ES
29708,-19.54634145,-40.62314628,colatina,ES
29709,-19.52024181,-40.68473664,colatina,ES
29712,-19.52567078,-40.57010039,colatina,ES
29714,-19.54599607,-40.63304203,colatina,ES
29720,-19.25272148,-40.46099131,governador lindenberg,ES
29724,-19.24939653,-40.51829311,novo brasil,ES
29725,-19.41202631,-40.54293877,marilandia,ES
29730,-19.51256878,-41.01292626,baixo guandu,ES
29735,-19.3985897,-40.90529094,quilometro 14 do mutum,ES
29737,-19.275,-40.9075,alto mutum preto,ES
29745,-19.13875332,-40.61554504,sao domingos do norte,ES
29750,-19.195901,-40.84616628,pancas,ES
29752,-18.97275736,-40.87319466,vila verde,ES
29755,-19.4445487,-41.0152254,lajinha,ES
29760,-19.05822235,-41.01879815,alto rio novo,ES
29770,-18.86369285,-41.11875851,mantenopolis,ES
29772,-18.88493545,-41.01554985,santa luzia de mantenopolis,ES
29780,-19.01753887,-40.53725542,são gabriel da palha,ES
29785,-18.99492362,-40.3830872,vila valerio,ES
29795,-18.98571611,-40.74227057,aguia branca,ES
29800,-18.74831372,-40.8858859,barra de são francisco,ES
29807,-18.5865676,-40.88704138,monte sinai,ES
29815,-18.66481037,-40.794957,paulista,ES
29820,-18.54308519,-40.98497675,agua doce do norte,ES
29822,-18.47671376,-41.01877846,vila nelita,ES
29824,-18.41278,-41.03667,santo agostinho,ES
29826,-18.63361,-40.94278,governador lacerda de aguiar,ES
29830,-18.70658083,-40.40638379,nova venecia,ES
29843,-18.61993447,-40.60415354,vila pavao,ES
29845,-18.5358369,-40.30131252,boa esperanca,ES
29850,-18.36881609,-40.82597415,ecoporanga,ES
29880,-18.08497001,-40.52105088,mucurici,ES
29884,-12.63852416,-37.94725509,itabaiana,ES
29885,-18.12988905,-40.5383307,ponto belo,ES
29890,-18.131133,-40.35711188,montanha,ES
29894,-18.19859433,-40.26379335,vinhatico,ES
29900,-19.3943029,-40.067448,linhares,ES
29901,-19.39846243,-40.05754627,linhares,ES
29902,-19.38058582,-40.06214346,linhares,ES
29903,-19.39247386,-40.04808368,linhares,ES
29904,-19.37554767,-40.05764625,linhares,ES
29905,-19.36468112,-40.05261443,linhares,ES
29906,-19.35541263,-40.05373781,linhares,ES
29907,-19.37533597,-40.07149649,linhares,ES
29908,-19.34962291,-40.05001763,linhares,ES
29909,-19.29955465,-40.06620576,linhares,ES
29913,-19.408266,-40.06460025,linhares,ES
29918,-19.391727,-40.0610845,linhares,ES
29920,-19.26241947,-40.32532458,rio bananal,ES
29925,-8.445856976,-53.47890808,sao jorge do tiradentes,ES
29927,-19.18912777,-40.10086125,sooretama,ES
29930,-18.71821224,-39.8548625,sao mateus,ES
29931,-18.71748291,-39.86602787,sao mateus,ES
29932,-18.71184669,-39.87247921,sao mateus,ES
29933,-18.71921233,-39.84788825,sao mateus,ES
29934,-18.71832858,-39.83859456,sao mateus,ES
29936,-18.72977049,-39.84788359,sao mateus,ES
29937,-18.7327885,-39.8423593,são mateus,ES
29938,-18.72601617,-39.85577873,sao mateus,ES
29940,-18.71914948,-39.87404915,sao mateus,ES
29941,-18.71777437,-39.87424559,sao mateus,ES
29942,-18.72638848,-39.86738022,sao mateus,ES
29943,-18.72218579,-39.91774491,sao mateus,ES
29944,-18.77346364,-39.7550053,sao mateus,ES
29945,-18.74036444,-39.75469149,sao mateus,ES
29946,-18.73358735,-39.77298994,sao mateus,ES
29950,-18.90835511,-40.07586676,jaguare,ES
29960,-18.57696645,-39.73757519,conceicao da barra,ES
29965,-18.41873801,-39.70806405,itaunas,ES
29967,-19.24593411,-40.0911526,braco do rio,ES
29970,-18.29316368,-39.95858511,pedro canário,ES
29978,-18.08915821,-40.10959903,cristal do norte,ES
29980,-18.41089901,-40.21940175,pinheiros,ES
29985,-18.32097784,-40.40572143,sao joao do sobrado,ES
30001,-19.92398884,-43.93570613,belo horizonte,MG
30035,-19.90115538,-43.91842913,belo horizonte,MG
30108,-18.99191036,-49.45067632,belo horizonte,MG
30110,-19.92947645,-43.93692445,belo horizonte,MG
30111,-19.91782603,-43.94241794,belo horizonte,MG
30112,-19.9371775,-43.93564911,belo horizonte,MG
30120,-19.91852703,-43.93988998,belo horizonte,MG
30130,-19.93185559,-43.93264743,belo horizonte,MG
30140,-19.93104857,-43.93603257,belo horizonte,MG
30150,-19.92595314,-43.92700122,belo horizonte,MG
30160,-19.92749991,-43.93957488,belo horizonte,MG
30166,-19.92623157,-43.93779292,belo horizonte,MG
30170,-19.92710413,-43.94496356,belo horizonte,MG
30171,-19.92399928,-43.94435975,belo horizonte,MG
30180,-19.9264101,-43.94586443,belo horizonte,MG
30186,-19.90805787,-43.88381803,belo horizonte,MG
30190,-19.92464001,-43.94612172,belo horizonte,MG
30210,-19.95078799,-43.91838796,belo horizonte,MG
30220,-19.94011485,-43.91958025,belo horizonte,MG
30230,-19.92875699,-43.91159774,belo horizonte,MG
30240,-19.92963447,-43.91777906,belo horizonte,MG
30250,-19.92792157,-43.92173314,belo horizonte,MG
30260,-19.92439663,-43.9117834,belo horizonte,MG
30270,-19.92134252,-43.90615805,belo horizonte,MG
30280,-19.90808816,-43.90439521,belo horizonte,MG
30285,-19.91674942,-43.90182966,belo horizonte,MG
30286,-19.9265599,-43.92578549,belo horizonte,MG
30290,-19.91902162,-43.88315218,belo horizonte,MG
30295,-19.91367688,-43.88348263,belo horizonte,MG
30310,-19.94663419,-43.92852281,belo horizonte,MG
30315,-19.95380281,-43.93090362,belo horizonte,MG
30320,-19.96712946,-43.93993575,belo horizonte,MG
30328,-19.96988595,-43.94239903,belo horizonte,MG
30330,-19.94489788,-43.93958523,belo horizonte,MG
30335,-19.92506753,-43.93842905,belo horizonte,MG
30350,-19.94807647,-43.94761823,belo horizonte,MG
30360,-19.96444293,-43.94855817,belo horizonte,MG
30380,-19.9458315,-43.95259592,belo horizonte,MG
30390,-19.9927615,-43.96636006,belo horizonte,MG
30410,-19.92392791,-43.96820741,belo horizonte,MG
30411,-19.92610397,-43.96623487,belo horizonte,MG
30420,-19.93081315,-43.99893552,belo horizonte,MG
30421,-19.93710599,-43.97631024,belo horizonte,MG
30430,-19.93350475,-43.96228872,belo horizonte,MG
30431,-19.93548692,-43.96684972,belo horizonte,MG
30441,-19.93712827,-43.95772186,belo horizonte,MG
30451,-19.93259435,-43.96265849,belo horizonte,MG
30455,-19.96934052,-43.9614679,belo horizonte,MG
30460,-19.94231519,-43.97236152,belo horizonte,MG
30480,-19.92828414,-43.97516889,belo horizonte,MG
30490,-19.95150936,-43.97489996,belo horizonte,MG
30492,-19.96915225,-43.96738964,belo horizonte,MG
30493,-19.97320384,-43.9648388,belo horizonte,MG
30494,-19.96005961,-43.96164849,belo horizonte,MG
30510,-19.93824412,-43.9922568,belo horizonte,MG
30512,-19.94313992,-44.00012248,belo horizonte,MG
30514,-19.95226641,-43.99236541,belo horizonte,MG
30516,-19.95164038,-43.99014732,belo horizonte,MG
30518,-19.95245031,-44.00325535,belo horizonte,MG
30520,-19.94041113,-44.01845243,belo horizonte,MG
30525,-19.93423706,-44.013983,belo horizonte,MG
30530,-19.92931724,-44.00012548,belo horizonte,MG
30532,-19.93903109,-44.00411111,belo horizonte,MG
30535,-19.9238847,-43.99145878,belo horizonte,MG
30540,-19.96297437,-43.99519656,belo horizonte,MG
30550,-19.9436149,-43.98184651,belo horizonte,MG
30555,-19.95386455,-43.97765745,belo horizonte,MG
30570,-19.95806136,-43.97891108,belo horizonte,MG
30575,-19.9738011,-43.97264013,belo horizonte,MG
30580,-19.96220546,-43.98719146,belo horizonte,MG
30590,-19.96232872,-43.99360054,belo horizonte,MG
30610,-19.96298744,-44.0031348,belo horizonte,MG
30620,-19.98331917,-44.00137386,belo horizonte,MG
30622,-19.98774603,-43.99149254,belo horizonte,MG
30624,-19.99583321,-43.99678272,belo horizonte,MG
30626,-20.00177106,-44.01020003,belo horizonte,MG
30627,-19.9953537,-44.02044354,belo horizonte,MG
30628,-20.00001831,-43.99509855,belo horizonte,MG
30640,-19.97737724,-44.02064083,belo horizonte,MG
30642,-19.98313195,-44.01222424,belo horizonte,MG
30644,-19.9899813,-44.01318173,belo horizonte,MG
30660,-19.98595181,-44.02495826,belo horizonte,MG
30662,-19.98561186,-44.04119249,belo horizonte,MG
30664,-20.00127468,-44.03682898,belo horizonte,MG
30666,-20.0102739,-44.03073204,belo horizonte,MG
30668,-20.0008569,-44.0289066,belo horizonte,MG
30670,-20.00254588,-44.02135117,belo horizonte,MG
30672,-20.02505759,-44.06905696,belo horizonte,MG
30686,-19.996132,-44.03321256,belo horizonte,MG
30690,-19.9776646,-44.04969652,belo horizonte,MG
30692,-19.98674763,-44.04859792,belo horizonte,MG
30710,-19.91337994,-43.95870189,belo horizonte,MG
30720,-19.91432324,-43.97570328,belo horizonte,MG
30730,-19.91530481,-43.98688279,belo horizonte,MG
30750,-19.90009067,-43.97811787,belo horizonte,MG
30760,-19.90809822,-43.96181773,belo horizonte,MG
30770,-19.90648673,-43.9707845,belo horizonte,MG
30775,-19.89649067,-43.9687573,belo horizonte,MG
30810,-19.89771688,-43.98517637,belo horizonte,MG
30820,-19.90592809,-43.99678383,belo horizonte,MG
30830,-19.90253908,-44.00328534,belo horizonte,MG
30840,-19.89027762,-43.9993664,belo horizonte,MG
30850,-19.9200457,-44.00405075,belo horizonte,MG
30855,-19.92211536,-44.01358156,belo horizonte,MG
30860,-19.9191237,-44.00974115,belo horizonte,MG
30865,-19.91343421,-44.02166385,belo horizonte,MG
30870,-19.90685809,-44.00897326,belo horizonte,MG
30880,-19.90243779,-44.01672013,belo horizonte,MG
30881,-19.89553447,-44.01547548,belo horizonte,MG
30882,-19.88161961,-44.00934117,belo horizonte,MG
31010,-19.91508097,-43.9175584,belo horizonte,MG
31015,-19.91112838,-43.92573658,belo horizonte,MG
31030,-19.90612056,-43.92370433,belo horizonte,MG
31035,-19.89826888,-43.9205695,belo horizonte,MG
31050,-19.89856959,-43.89524504,belo horizonte,MG
31060,-19.89394094,-43.90385586,belo horizonte,MG
31070,-19.88860991,-43.89805861,belo horizonte,MG
31080,-19.88486667,-43.90929675,belo horizonte,MG
31110,-19.90491827,-43.9368917,belo horizonte,MG
31130,-19.89196163,-43.94238064,belo horizonte,MG
31140,-19.89457421,-43.93123458,belo horizonte,MG
31150,-19.87967827,-43.94373206,belo horizonte,MG
31155,-19.87305546,-43.93786578,belo horizonte,MG
31160,-19.87892325,-43.93150498,belo horizonte,MG
31170,-19.88650653,-43.92385724,belo horizonte,MG
31210,-19.90671219,-43.9488965,belo horizonte,MG
31230,-19.89744033,-43.95717776,belo horizonte,MG
31235,-19.89218025,-43.95459928,belo horizonte,MG
31250,-19.88661967,-43.95900374,belo horizonte,MG
31255,-19.86949505,-43.95094395,belo horizonte,MG
31260,-19.86020673,-43.94073474,belo horizonte,MG
31270,-19.85962393,-43.95560175,belo horizonte,MG
31275,-19.85865585,-43.96707038,belo horizonte,MG
31310,-19.87339984,-43.98232611,belo horizonte,MG
31320,-19.88536132,-43.98390472,belo horizonte,MG
31330,-19.87782692,-43.99542143,belo horizonte,MG
31340,-19.86477356,-43.98962197,belo horizonte,MG
31360,-19.87286859,-44.01036578,belo horizonte,MG
31365,-19.86605711,-44.0007451,belo horizonte,MG
31370,-19.84661169,-44.00636113,belo horizonte,MG
31510,-19.81433641,-43.96557707,belo horizonte,MG
31515,-19.82329457,-43.96124588,belo horizonte,MG
31520,-19.81951733,-43.96882595,belo horizonte,MG
31525,-19.82592413,-43.97241066,belo horizonte,MG
31530,-19.82639853,-43.97983838,belo horizonte,MG
31535,-19.81472372,-43.98102275,belo horizonte,MG
31540,-19.82870133,-43.98907686,belo horizonte,MG
31545,-19.83532802,-44.00414457,belo horizonte,MG
31550,-19.83983901,-43.985937,belo horizonte,MG
31555,-19.84160079,-43.98022184,belo horizonte,MG
31560,-19.83849989,-43.97441182,belo horizonte,MG
31565,-19.83390022,-43.96679019,belo horizonte,MG
31570,-19.80768066,-43.98042684,belo horizonte,MG
31573,-19.81095228,-43.9899865,belo horizonte,MG
31575,-19.80573626,-43.99640169,belo horizonte,MG
31578,-19.81358106,-44.0020856,belo horizonte,MG
31580,-19.82234713,-43.99780837,belo horizonte,MG
31585,-19.8241281,-44.00664417,belo horizonte,MG
31610,-19.81283387,-43.95414996,belo horizonte,MG
31615,-19.80723992,-43.96221321,belo horizonte,MG
31620,-19.80237427,-43.96706552,belo horizonte,MG
31630,-19.80111002,-43.95653448,belo horizonte,MG
31640,-19.80529795,-43.97379944,belo horizonte,MG
31650,-19.81588077,-43.96546886,belo horizonte,MG
31652,-19.79826413,-43.97704758,belo horizonte,MG
31655,-19.78935556,-43.9846383,belo horizonte,MG
31660,-19.80743898,-43.98485974,belo horizonte,MG
31680,-19.80041723,-43.99469936,belo horizonte,MG
31710,-19.84004168,-43.95933924,belo horizonte,MG
31720,-19.83223093,-43.95295564,belo horizonte,MG
31725,-19.83982048,-43.94487474,belo horizonte,MG
31730,-19.83605773,-43.94538237,belo horizonte,MG
31741,-19.84520294,-43.9416528,belo horizonte,MG
31742,-19.8303597,-43.93695143,belo horizonte,MG
31744,-19.83278599,-43.94957223,belo horizonte,MG
31746,-19.8103458,-43.93557032,belo horizonte,MG
31748,-19.80379038,-43.9395284,belo horizonte,MG
31749,-19.84083283,-43.97298324,belo horizonte,MG
31760,-19.83579817,-43.93978454,belo horizonte,MG
31765,-19.83108516,-43.93565776,belo horizonte,MG
31785,-19.80526952,-43.94067926,belo horizonte,MG
31810,-19.86006639,-43.93073974,belo horizonte,MG
31812,-19.85354124,-43.93185109,belo horizonte,MG
31814,-19.85084256,-43.9252482,belo horizonte,MG
31820,-19.89963465,-44.0023992,belo horizonte,MG
31840,-19.84108094,-43.92719743,belo horizonte,MG
31842,-19.83768156,-43.92405254,belo horizonte,MG
31844,-19.83841421,-43.91567119,belo horizonte,MG
31845,-19.85014637,-43.9168752,belo horizonte,MG
31846,-19.83351276,-43.91132451,belo horizonte,MG
31870,-19.84364296,-43.90406351,belo horizonte,MG
31872,-19.82543643,-43.89792251,belo horizonte,MG
31910,-19.86992791,-43.91970645,belo horizonte,MG
31920,-19.87085545,-43.912558,belo horizonte,MG
31930,-19.86427852,-43.90842442,belo horizonte,MG
31950,-19.8675411,-43.89948357,belo horizonte,MG
31960,-19.86200851,-43.90243622,belo horizonte,MG
31970,-19.8575923,-43.88586858,belo horizonte,MG
31975,-19.85110276,-43.88583829,belo horizonte,MG
31980,-19.85461538,-43.91473973,belo horizonte,MG
31985,-19.85406533,-43.90525564,belo horizonte,MG
31990,-19.85431179,-43.89833068,belo horizonte,MG
31995,-19.84081096,-43.8944261,belo horizonte,MG
31998,-19.84320808,-43.87528677,belo horizonte,MG
32010,-19.93304549,-44.0776444,contagem,MG
32013,-19.92547958,-44.08570753,contagem,MG
32015,-19.92358211,-44.09184617,contagem,MG
32016,-19.92638927,-44.09403828,contagem,MG
32017,-19.91131048,-44.08482415,contagem,MG
32020,-19.91136693,-44.07420001,contagem,MG
32025,-19.91311473,-44.09896667,contagem,MG
32040,-19.91512881,-44.07182542,contagem,MG
32041,-19.9114955,-44.07416254,contagem,MG
32042,-19.90161401,-44.07654982,contagem,MG
32043,-19.89916748,-44.08584395,contagem,MG
32044,-19.89223167,-44.09554224,contagem,MG
32046,-19.87821088,-44.08915772,contagem,MG
32050,-19.8319062,-44.1449682,contagem,MG
32051,-19.8400348,-44.12786524,contagem,MG
32052,-19.89651358,-44.08683772,contagem,MG
32055,-19.85769087,-44.14461055,contagem,MG
32060,-19.8643151,-44.11692124,contagem,MG
32062,-19.86081475,-44.10900499,contagem,MG
32065,-19.89748717,-44.13079788,contagem,MG
32070,-19.9140583,-44.10375003,contagem,MG
32071,-19.9080465,-44.09702007,contagem,MG
32072,-19.92846428,-44.1121343,contagem,MG
32073,-19.92804208,-44.11644938,contagem,MG
32110,-19.88406937,-44.02242139,contagem,MG
32113,-19.88278808,-44.0356498,contagem,MG
32115,-19.89318094,-44.02752312,contagem,MG
32140,-19.89402962,-44.04224405,contagem,MG
32141,-19.89277675,-44.06649994,contagem,MG
32143,-19.91151911,-44.0428537,contagem,MG
32145,-19.88536917,-44.04744141,contagem,MG
32146,-19.88129216,-44.05670782,contagem,MG
32150,-19.89126992,-44.05554613,contagem,MG
32152,-19.88856817,-44.08176768,contagem,MG
32180,-19.86725239,-44.02997843,contagem,MG
32181,-19.89720119,-44.03491391,contagem,MG
32183,-19.86328394,-44.03919479,contagem,MG
32185,-19.84757317,-44.02943025,contagem,MG
32186,-19.85203947,-44.02084308,contagem,MG
32187,-19.84873155,-44.03841654,contagem,MG
32210,-19.95060911,-44.02821722,contagem,MG
32215,-19.96219657,-44.01728275,contagem,MG
32220,-19.96556849,-44.02425085,contagem,MG
32223,-19.96264365,-44.03740932,contagem,MG
32230,-19.97034065,-44.03581407,contagem,MG
32235,-19.9766056,-44.03667688,contagem,MG
32240,-19.95608603,-44.05212107,contagem,MG
32241,-19.96787876,-44.05469595,contagem,MG
32242,-19.97140626,-44.06392641,contagem,MG
32250,-19.92170134,-44.09028079,contagem,MG
32260,-19.95471611,-44.03896374,contagem,MG
32265,-19.95207378,-44.0449255,contagem,MG
32280,-19.94732846,-44.05782869,contagem,MG
32285,-19.93043046,-44.07071222,contagem,MG
32310,-19.93876893,-44.0383417,contagem,MG
32315,-19.9416281,-44.04185859,contagem,MG
32340,-19.93928391,-44.051449,contagem,MG
32341,-19.9320997,-44.05337627,contagem,MG
32342,-19.91940022,-44.05299396,contagem,MG
32370,-19.92856158,-44.0356227,contagem,MG
32371,-19.92627884,-44.03543594,contagem,MG
32372,-19.92056947,-44.02640959,contagem,MG
32400,-20.01844901,-44.06780304,ibirite,MG
32404,-20.00697137,-44.04895789,ibirite,MG
32405,-20.02420254,-44.04067369,ibirite,MG
32407,-20.02446905,-44.06333064,ibirite,MG
32410,-20.03832952,-44.05872019,ibirite,MG
32412,-20.02909134,-44.06541317,ibirite,MG
32415,-20.01809365,-44.09147619,ibirite,MG
32417,-20.02074999,-44.11778529,ibirite,MG
32419,-20.01364563,-44.07010946,ibirité,MG
32420,-19.98057935,-44.06410885,ibirite,MG
32421,-20.0160415,-44.07786928,ibirité,MG
32422,-20.00521718,-44.07585269,ibirite,MG
32423,-19.99340735,-44.06515205,ibirite,MG
32424,-19.98934729,-44.05895488,ibirite,MG
32425,-20.00394427,-44.06297274,ibirite,MG
32430,-19.99657951,-44.07259036,ibirite,MG
32431,-20.0099743,-44.08877692,ibirite,MG
32432,-20.00067434,-44.08667714,ibirité,MG
32440,-19.98922127,-44.05801739,ibirite,MG
32450,-20.03832083,-44.1389196,sarzedo,MG
32470,-20.05815904,-44.17858713,mário campos,MG
32553,-19.96971403,-44.17558669,betim,MG
32600,-19.96663788,-44.20266622,betim,MG
32602,-19.95643162,-44.19656552,betim,MG
32603,-19.96433149,-44.20844366,betim,MG
32604,-19.95179904,-44.19603748,betim,MG
32605,-19.93359741,-44.18364112,betim,MG
32606,-19.93628598,-44.198774,betim,MG
32610,-19.95906606,-44.1884173,betim,MG
32611,-19.86142772,-44.15600753,betim,MG
32616,-19.93427395,-44.23933796,betim,MG
32623,-19.92510993,-44.25994209,betim,MG
32625,-19.9516559,-44.22379407,betim,MG
32628,-19.94673857,-44.27148902,betim,MG
32630,-19.9557606,-44.20469878,betim,MG
32634,-20.01007864,-44.25030441,betim,MG
32635,-20.00656756,-44.22586658,betim,MG
32639,-20.02495077,-44.23525358,betim,MG
32640,-19.98854656,-44.21599219,betim,MG
32641,-20.02189044,-44.22317681,betim,MG
32642,-20.01987658,-44.22173159,betim,MG
32649,-19.98333888,-44.1961336,betim,MG
32652,-19.94936971,-44.17973172,betim,MG
32653,-19.9519595,-44.17159538,betim,MG
32654,-19.98802189,-44.17257514,betim,MG
32655,-19.970787,-44.17045327,betim,MG
32656,-19.97870247,-44.18697015,betim,MG
32657,-20.00332,-44.17079896,betim,MG
32659,-19.9965073,-44.13674195,betim,MG
32660,-19.94889072,-44.16120639,betim,MG
32661,-19.98189199,-44.14744562,betim,MG
32662,-19.95227073,-44.14302284,betim,MG
32664,-19.95067364,-44.11252701,betim,MG
32665,-19.97659568,-44.14866522,betim,MG
32666,-19.94106008,-44.12819238,betim,MG
32667,-19.96562591,-44.13868286,betim,MG
32668,-19.98949316,-44.12123789,betim,MG
32669,-19.96089037,-44.10903628,betim,MG
32670,-19.95998639,-44.17124358,betim,MG
32671,-19.95018413,-44.17752185,betim,MG
32672,-19.93912061,-44.17301724,betim,MG
32673,-19.94078307,-44.16330513,betim,MG
32675,-19.93641316,-44.13845417,betim,MG
32676,-19.94459683,-44.12952552,betim,MG
32677,-19.9430035,-44.11362401,betim,MG
32678,-19.93488828,-44.10881051,betim,MG
32681,-19.9507063,-44.12364916,betim,MG
32682,-19.93988281,-44.10274967,betim,MG
32684,-19.95046644,-44.10782781,betim,MG
32685,-19.94692867,-44.10147002,betim,MG
32687,-19.9412079,-44.09728185,betim,MG
32688,-19.93026525,-44.09896918,betim,MG
32689,-19.95109875,-44.07224235,betim,MG
32690,-19.94289438,-44.11464665,betim,MG
32900,-20.0667574,-44.30619575,igarapé,MG
32920,-20.0533657,-44.26097712,sao joaquim de bicas,MG
33010,-19.76568143,-43.85408107,santa luzia,MG
33015,-19.75654567,-43.84412815,santa luzia,MG
33016,-19.75679439,-43.85396635,santa luzia,MG
33020,-19.75676679,-43.83705388,santa luzia,MG
33022,-19.75471608,-43.83817369,santa luzia,MG
33025,-19.77664746,-43.85092492,santa luzia,MG
33030,-19.77587641,-43.87297103,santa luzia,MG
33035,-19.7648934,-43.86622306,santa luzia,MG
33040,-19.78818398,-43.87593972,santa luzia,MG
33045,-19.81482966,-43.86734401,santa luzia,MG
33048,-20.70890445,-46.61670129,santa luzia,MG
33054,-19.75198683,-43.83404384,santa luzia,MG
33060,-21.09025773,-43.41830707,santa luzia,MG
33065,-19.84070163,-43.79597224,santa luzia,MG
33080,-19.74038428,-44.21551676,santa luzia,MG
33082,-19.80504722,-43.84931305,santa luzia,MG
33084,-20.39511586,-43.49217642,santa luzia,MG
33105,-19.78326721,-43.93038106,santa luzia,MG
33110,-19.78198666,-43.91848304,santa luzia,MG
33113,-19.80724278,-43.86773713,santa luzia,MG
33115,-19.79623163,-43.9157185,santa luzia,MG
33120,-19.78717441,-43.91751271,santa luzia,MG
33125,-19.78868767,-43.93969574,santa luzia,MG
33130,-19.77969109,-43.93895344,santa luzia,MG
33140,-19.77063972,-43.93425857,santa luzia,MG
33145,-19.77575333,-43.9292854,santa luzia,MG
33146,-19.81587944,-43.86193316,santa luzia,MG
33147,-19.39498394,-44.76506441,santa luzia,MG
33170,-19.78202642,-43.89095215,santa luzia,MG
33171,-19.76341747,-43.8677642,santa luzia,MG
33172,-19.77974835,-43.89250426,santa luzia,MG
33200,-19.73109725,-43.94146569,vespasiano,MG
33350,-19.70782263,-43.97312655,sao jose da lapa,MG
33400,-19.6365201,-43.89965143,lagoa santa,MG
33500,-19.63356602,-43.9854297,confins,MG
33600,-19.61311756,-44.03989226,pedro leopoldo,MG
33680,-19.69975629,-44.04531732,vera cruz de minas,MG
33805,-19.76862794,-44.08665272,ribeirao das neves,MG
33808,-19.77802418,-44.10636786,ribeirao das neves,MG
33809,-19.78347972,-44.10756395,ribeirao das neves,MG
33820,-19.76965172,-44.13481906,ribeirão das neves,MG
33821,-19.77012267,-44.13830657,ribeirao das neves,MG
33822,-19.80845538,-44.09046843,ribeirão das neves,MG
33823,-19.76283383,-44.13867602,ribeirao das neves,MG
33825,-19.76249199,-44.12816439,ribeirao das neves,MG
33826,-19.75833247,-44.1005998,ribeirão das neves,MG
33830,-19.74459587,-44.13782217,ribeirao das neves,MG
33833,-19.76374852,-44.12510705,ribeirao das neves,MG
33836,-19.78480076,-44.12028875,ribeirao das neves,MG
33840,-19.74682265,-44.0815449,ribeirao das neves,MG
33841,-19.76115342,-44.09821333,ribeirao das neves,MG
33855,-19.75250318,-44.07117049,ribeirao das neves,MG
33858,-19.75712961,-44.08495467,ribeirao das neves,MG
33860,-19.76942326,-44.07394121,ribeirao das neves,MG
33861,-19.77261563,-44.07142943,ribeirão das neves,MG
33863,-19.78226702,-44.06846195,ribeirao das neves,MG
33880,-19.7761239,-44.08294509,ribeirao das neves,MG
33882,-19.78694197,-44.12055227,ribeirao das neves,MG
33900,-19.79780759,-44.01877555,ribeirao das neves,MG
33902,-19.79331831,-44.01820962,ribeirao das neves,MG
33903,-19.79386523,-44.03692429,ribeirao das neves,MG
33910,-19.78587238,-44.08429713,ribeirao das neves,MG
33913,-19.77777394,-44.02370513,ribeirao das neves,MG
33914,-19.77988282,-44.13257787,ribeirao das neves,MG
33915,-19.77719865,-44.03297521,ribeirao das neves,MG
33920,-19.7738877,-44.05011941,ribeirao das neves,MG
33921,-19.78393888,-44.08101232,ribeirao das neves,MG
33925,-19.77790296,-43.99048776,ribeirao das neves,MG
33927,-19.78202775,-44.0825367,ribeirão das neves,MG
33930,-19.78987185,-44.00784512,ribeirao das neves,MG
33933,-19.78877535,-44.01738464,ribeirao das neves,MG
33934,-19.78252419,-43.98288617,ribeirao das neves,MG
33935,-19.80526021,-44.02782179,ribeirao das neves,MG
33936,-19.80500461,-44.01332146,ribeirao das neves,MG
33937,-19.80475297,-44.06454139,ribeirao das neves,MG
33938,-19.8190555,-44.05120886,ribeirao das neves,MG
33939,-19.78258365,-44.07187059,ribeirao das neves,MG
33940,-19.81442653,-44.02627259,ribeirao das neves,MG
33943,-19.80556302,-44.02448617,ribeirao das neves,MG
33944,-19.81173685,-44.02802572,ribeirao das neves,MG
33980,-19.66255854,-43.68930057,taquaracu de minas,MG
34000,-20.00154291,-43.88810288,nova lima,MG
34001,-19.99319103,-43.85183381,nova lima,MG
34002,-19.99919318,-43.84782994,nova lima,MG
34003,-19.98661584,-43.86167962,nova lima,MG
34004,-19.99409403,-43.88705802,nova lima,MG
34006,-19.98048629,-43.93981496,nova lima,MG
34007,-20.0343354,-43.96642982,nova lima,MG
34008,-20.00010105,-43.92836857,nova lima,MG
34009,-20.05734812,-43.92895318,nova lima,MG
34010,-20.07427092,-43.91282945,nova lima,MG
34011,-20.09029539,-43.95750539,nova lima,MG
34012,-20.00532479,-43.85098134,nova lima,MG
34015,-20.037114,-43.92654218,nova lima,MG
34018,-20.11162661,-43.93436943,nova lima,MG
34300,-20.08991065,-43.78912342,rio acima,MG
34400,-19.966156,-43.80531973,raposos,MG
34505,-19.88913701,-43.80799859,sabara,MG
34515,-19.88869972,-43.7969975,sabara,MG
34525,-19.89673869,-43.80790344,sabara,MG
34535,-19.90516595,-43.82399027,sabara,MG
34545,-19.89237046,-43.83509748,sabara,MG
34555,-19.89008479,-43.82621786,sabara,MG
34565,-19.88045497,-43.83039704,sabara,MG
34575,-19.88341496,-43.83831562,sabara,MG
34576,-19.85814674,-43.86106748,sabara,MG
34580,-19.88234466,-43.85001622,sabara,MG
34585,-19.88408154,-43.85372987,sabará,MG
34590,-19.88094284,-43.86501594,sabara,MG
34600,-19.86287876,-43.86066986,sabara,MG
34650,-19.86949051,-43.89515881,sabara,MG
34700,-19.87808728,-43.89599965,sabara,MG
34710,-19.88048932,-43.90337736,sabara,MG
34720,-19.84189776,-43.86458083,sabara,MG
34725,-19.86247422,-43.84554263,sabara,MG
34730,-19.83328354,-43.84331804,sabara,MG
34735,-19.83309425,-43.862105,sabará,MG
34740,-19.78461575,-43.75434496,ravena,MG
34800,-19.88490043,-43.66495295,caete,MG
34940,-19.95826027,-43.69681782,morro vermelho,MG
34950,-19.75928625,-43.63346735,rocas novas,MG
34990,-19.70262794,-43.58297761,nova uniao,MG
35001,-18.85593893,-41.94874396,governador valadares,MG
35010,-18.85534972,-41.94652109,governador valadares,MG
35012,-18.85811076,-41.95706019,governador valadares,MG
35020,-18.85997631,-41.93810116,governador valadares,MG
35022,-18.84256481,-41.91125345,governador valadares,MG
35023,-18.87800775,-41.96949976,governador valadares,MG
35024,-18.83962666,-41.91164519,governador valadares,MG
35030,-18.87030998,-41.95616386,governador valadares,MG
35032,-18.86725491,-41.96104133,governador valadares,MG
35039,-18.87872462,-41.97530807,governador valadares,MG
35040,-18.89674278,-41.9788736,governador valadares,MG
35041,-18.89872545,-41.9565562,governador valadares,MG
35042,-18.90023218,-41.95066081,governador valadares,MG
35043,-18.89622665,-41.9495256,governador valadares,MG
35044,-18.88547551,-41.94732216,governador valadares,MG
35045,-18.88319052,-41.96394141,governador valadares,MG
35046,-18.88917675,-41.96829546,governador valadares,MG
35047,-18.85770895,-41.97315999,governador valadares,MG
35050,-18.87778903,-41.9676856,governador valadares,MG
35051,-18.87264084,-41.97342179,governador valadares,MG
35052,-18.85892049,-41.97196871,governador valadares,MG
35053,-18.86129224,-41.96582388,governador valadares,MG
35054,-18.84565948,-41.9766934,governador valadares,MG
35055,-18.8501805,-41.99162602,governador valadares,MG
35057,-18.84350585,-41.95847366,governador valadares,MG
35058,-18.84657109,-41.95391011,governador valadares,MG
35059,-18.84231723,-41.9529669,governador valadares,MG
35060,-18.85456306,-41.95002106,governador valadares,MG
35062,-18.83748864,-41.96311214,governador valadares,MG
35063,-18.84003278,-41.97076029,governador valadares,MG
35064,-18.8414779,-41.93270922,governador valadares,MG
35065,-18.84734574,-41.96157744,governador valadares,MG
35105,-18.87194548,-41.96308233,baguari,MG
35108,-19.49545913,-42.4435456,governador valadares,MG
35109,-18.97856232,-44.04679218,chonim,MG
35110,-18.5803602,-41.91908818,mathias lobato,MG
35112,-18.55713969,-41.90865872,frei inocencio,MG
35113,-18.44126112,-41.49997629,nova modica,MG
35114,-18.35655667,-41.59649749,pescador,MG
35115,-18.50811456,-42.08210977,marilac,MG
35116,-20.01617044,-42.79110766,mesquita,MG
35117,-19.22519555,-42.32949915,naque,MG
35118,-19.3278527,-42.28858289,periquito,MG
35120,-19.17032007,-41.86159132,itanhomi,MG
35123,-19.07118305,-41.86324539,capitão andrade,MG
35125,-19.00484555,-41.65183983,tumiritinga,MG
35130,-19.19358823,-42.04310091,engenheiro caldas,MG
35133,-19.0530102,-42.02236179,sao jose do acacio,MG
35135,-19.15363611,-42.07964495,fernandes tourinho,MG
35138,-18.97882642,-41.97968306,alpercata,MG
35140,-19.28507328,-42.0038886,tarumirim,MG
35143,-19.26611686,-41.81426923,sao vicente do rio doce,MG
35145,-19.22963767,-42.10188722,sobralia,MG
35146,-19.34435684,-42.1590901,sao joao do oriente,MG
35147,-19.13191196,-42.61451567,acucena,MG
35148,-19.37801186,-42.10845895,dom cavati,MG
35150,-19.07627414,-42.54788008,acucena,MG
35156,-19.13676235,-42.22411205,periquito,MG
35157,-19.22737229,-42.33059152,naque,MG
35160,-19.49929004,-42.54717533,ipatinga,MG
35161,-19.44018264,-42.56736,ipatinga,MG
35162,-19.46878673,-42.56389478,ipatinga,MG
35163,-19.44236429,-42.56032371,ipatinga,MG
35164,-19.45366789,-42.54394226,ipatinga,MG
35166,-19.22587211,-42.61424864,mesquita,MG
35167,-19.3909264,-42.54690879,santana do paraiso,MG
35168,-19.16904243,-42.6778931,joanesia,MG
35170,-19.50671315,-42.62861404,coronel fabriciano,MG
35171,-19.51207855,-42.61008583,coronel fabriciano,MG
35172,-19.47641552,-42.64225856,coronel fabriciano,MG
35177,-19.6461877,-42.86646026,antônio dias,MG
35179,-17.93085759,-44.95659384,santana do paraiso,MG
35180,-19.54534061,-42.64384851,timoteo,MG
35181,-19.5480058,-42.59883374,timoteo,MG
35182,-19.5760717,-42.64316837,timóteo,MG
35183,-19.55764178,-42.6686215,timoteo,MG
35184,-19.53480956,-42.6672844,timoteo,MG
35185,-19.70841501,-42.70891103,marlieria,MG
35188,-19.62936929,-42.74405406,jaguaracu,MG
35189,-19.20869667,-42.9764152,braunas,MG
35190,-19.43765465,-42.21351665,iapu,MG
35192,-19.24388357,-42.21299557,sao sebastiao da barra,MG
35193,-19.4295377,-42.25735679,bugre,MG
35194,-19.17514806,-42.67907602,joanesia,MG
35195,-19.23438442,-42.47992168,belo oriente,MG
35196,-19.31214842,-42.37318972,perpetuo socorro,MG
35197,-20.77246774,-43.44922634,sao sebastiao de braunas,MG
35198,-19.41582552,-42.41082528,ipaba,MG
35199,-19.60503102,-42.29861455,vargem alegre,MG
35200,-19.50041527,-41.07286145,aimores,MG
35202,-19.5100894,-41.11253047,conceicao do capim,MG
35212,-19.66670882,-41.25207893,penha do capim,MG
35215,-18.4692737,-43.44130117,sao sebastiao da vala,MG
35220,-19.39824797,-41.22747554,itueta,MG
35222,-19.41330436,-41.24778556,itueta,MG
35225,-19.36065115,-41.38374849,santa rita do itueto,MG
35228,-17.66524154,-40.67384158,são josé do itueto,MG
35230,-19.32488536,-41.24923467,resplendor,MG
35232,-19.25538609,-41.1522294,calixto,MG
35236,-20.00758123,-44.04116293,independencia,MG
35238,-19.09916278,-41.03380534,campo alegre de minas,MG
35240,-19.16755529,-41.47180218,conselheiro pena,MG
35243,-19.06879403,-41.53027118,conselheiro pena,MG
35245,-19.12020072,-41.37826742,ferruginha,MG
35246,-18.97610351,-41.10082099,cuparaque,MG
35248,-18.98283977,-41.22390299,goiabeira,MG
35249,-19.41755788,-41.72756416,alvarenga,MG
35250,-18.99905357,-41.53917261,galileia,MG
35255,-18.8412264,-41.51385396,sapucaia do norte,MG
35258,-18.91830418,-41.35929975,sao geraldo do baixio,MG
35260,-18.76592315,-41.30243983,central de minas,MG
35263,-13.79998628,-50.80543579,floresta,MG
35265,-18.86287866,-41.5165753,divino das laranjeiras,MG
35267,-18.27624231,-42.99784939,central de santa helena,MG
35270,-18.65997083,-41.40437128,mendes pimentel,MG
35275,-18.59101354,-41.48801747,sao felix de minas,MG
35277,-18.7142776,-41.17076253,sao joao do manteninha,MG
35280,-18.56577995,-41.235641,itabirinha,MG
35285,-18.49655118,-41.30036866,boa união de itabirinha,MG
35290,-18.77795473,-40.98336116,mantena,MG
35295,-18.66543472,-41.10047669,barra do ariranha,MG
35296,-18.58017741,-41.14519611,limeira de mantena,MG
35298,-18.49446745,-41.10318243,nova belem,MG
35300,-19.78703561,-42.13788581,caratinga,MG
35301,-19.79467977,-42.14600902,caratinga,MG
35302,-19.78215111,-42.1293404,caratinga,MG
35303,-19.78132081,-42.15197502,caratinga,MG
35304,-19.77423132,-42.13679572,caratinga,MG
35305,-19.79103073,-42.14472003,caratinga,MG
35311,-19.85215603,-42.20717012,sapucaia,MG
35315,-19.70154558,-43.42424113,caratinga,MG
35319,-20.08980785,-43.85955851,santa efigenia,MG
35321,-20.24136096,-42.03416962,santo antonio do manhuacu,MG
35322,-18.90838669,-42.82979127,sao joao do jacutinga,MG
35323,-19.60572643,-41.96759179,imbé de minas,MG
35324,-19.6249805,-42.23021716,entre folhas,MG
35325,-19.76016477,-42.07556528,piedade de caratinga,MG
35326,-19.87294804,-42.13258773,santa rita de minas,MG
35328,-20.02209179,-42.1783488,santa bárbara do leste,MG
35330,-19.54663583,-42.11267085,inhapim,MG
35334,-19.49807929,-41.98112863,sao sebastiao do anta,MG
35335,-19.5408454,-42.04541052,são domingos das dores,MG
35338,-19.63417287,-42.10349379,ubaporanga,MG
35340,-19.7234068,-42.52341163,bom jesus do galho,MG
35345,-19.83495824,-42.4028691,corrego novo,MG
35348,-19.72698653,-42.41216022,pingo-d'agua,MG
35350,-20.09587484,-42.44291347,raul soares,MG
35352,-20.08178529,-42.34351982,bicuiba,MG
35354,-20.01664366,-42.30350422,vermelho velho,MG
35355,-19.96053291,-42.44247902,sao vicente da estrela,MG
35358,-19.92991379,-42.19879331,santana do tabuleiro,MG
35359,-20.03672673,-42.26711556,vermelho novo,MG
35360,-20.17109457,-42.52474612,sao pedro dos ferros,MG
35362,-20.0934086,-42.62569182,aguas ferreas,MG
35364,-20.52096315,-42.32997948,pedra bonita,MG
35365,-20.29428091,-42.47372065,abre campo,MG
35367,-20.29523058,-42.34449673,matipo,MG
35368,-20.4736725,-42.48349776,sericita,MG
35370,-20.22252127,-42.64917116,rio casca,MG
35380,-20.35219216,-42.74735219,urucania,MG
35382,-20.24609293,-42.73613604,piedade de ponte nova,MG
35384,-20.23700227,-42.81376607,santa cruz do escalvado,MG
35388,-20.3167644,-42.60872506,santo antônio do grama,MG
35390,-20.45749716,-42.6600509,jequeri,MG
35395,-20.40913094,-42.55528403,grota,MG
35398,-20.50992403,-42.52624407,sao vicente do grama,MG
35400,-20.39101147,-43.50704716,ouro preto,MG
35406,-20.30999764,-43.57792427,sao bartolomeu,MG
35407,-20.41968827,-43.61454484,rodrigo silva,MG
35409,-20.41303731,-43.64112796,santa rita de ouro preto,MG
35410,-20.33907396,-43.68167434,cachoeira do campo,MG
35411,-20.28758955,-43.4812317,antonio pereira,MG
35412,-20.31271548,-43.69984839,amarantina,MG
35413,-20.3181731,-43.93931645,santo antonio do leite,MG
35418,-20.47061607,-43.51664246,lavras novas,MG
35420,-20.37497229,-43.41808525,mariana,MG
35421,-20.39377868,-43.44582286,passagem de mariana,MG
35423,-23.13289603,-50.374805,bandeirantes,MG
35424,-20.39476346,-43.27792861,cachoeira do brumado,MG
35425,-20.34594912,-43.29742151,monsenhor horta,MG
35426,-20.3591036,-43.21150495,furquim,MG
35428,-20.19186058,-43.46937146,santa rita durao,MG
35429,-20.2133436,-43.1998408,claudio manuel,MG
35430,-20.41006049,-42.89881691,ponte nova,MG
35431,-20.42213089,-42.91859747,ponte nova,MG
35435,-20.46266261,-42.90413473,vau-acu,MG
35436,-20.57178137,-43.00971966,guaraciaba,MG
35437,-20.48637137,-43.19857047,diogo de vasconcelos,MG
35438,-20.36291378,-43.14402222,acaiaca,MG
35439,-20.4313733,-42.80380682,oratorios,MG
35440,-20.16425237,-42.9684282,dom silverio,MG
35441,-20.10201115,-42.84099905,sem peixe,MG
35442,-20.24522869,-42.89727859,rio doce,MG
35444,-20.5087388,-42.80091591,amparo da serra,MG
35447,-20.28331414,-43.03934543,barra longa,MG
35450,-20.25306175,-43.80096893,itabirito,MG
35460,-20.1394408,-44.17686088,brumadinho,MG
35464,-20.14277438,-44.03737817,brumadinho,MG
35470,-20.33159554,-44.05135831,moeda,MG
35473,-20.41087463,-44.02575809,belo vale,MG
35475,-12.97955438,-44.05292,santana do paraopeba,MG
35476,-20.46677635,-44.33793621,piedade dos gerais,MG
35478,-20.39323754,-44.33834277,crucilandia,MG
35480,-20.30440682,-44.04754727,bonfim,MG
35485,-20.42105878,-44.44027743,rio manso,MG
35488,-20.3638314,-44.43112863,itaguara,MG
35490,-20.67110481,-44.0658718,entre rios de minas,MG
35494,-20.65874579,-44.32897013,desterro de entre rios,MG
35495,-20.62596869,-43.94993529,sao bras do suacui,MG
35498,-20.53786612,-43.9827931,jeceaba,MG
35500,-20.14035969,-44.88407963,divinopolis,MG
35501,-20.16210915,-44.90191602,divinopolis,MG
35502,-20.12969483,-44.89107243,divinopolis,MG
35503,-20.15171529,-44.87504091,divinopolis,MG
35504,-20.15930689,-44.88572026,divinopolis,MG
35505,-20.10034628,-44.97276022,santo antonio dos campos,MG
35506,-20.27483623,-45.00498063,sao sebastiao do oeste,MG
35510,-20.18904047,-44.76946297,carmo do cajuru,MG
35514,-20.38588123,-44.48128815,itaguara,MG
35515,-19.9529255,-45.08320677,perdigao,MG
35516,-19.98395889,-44.85753631,sao goncalo do para,MG
35517,-18.84265699,-43.24709547,boa vista de minas,MG
35519,-19.87406004,-44.98701335,nova serrana,MG
35520,-20.39585758,-44.33922245,crucilandia,MG
35521,-20.32802409,-44.24058951,bonfim,MG
35525,-20.26774057,-44.30769639,rio manso,MG
35526,-20.46922674,-44.22316879,piedade dos gerais,MG
35530,-20.43720487,-44.76203406,claudio,MG
35532,-20.36847927,-44.68741805,monsenhor joao alexandre,MG
35534,-20.53918982,-44.63622257,carmopolis de minas,MG
35536,-20.50986041,-44.47612954,piracema,MG
35537,-20.65236241,-44.49185582,passa tempo,MG
35540,-20.69856394,-44.82676039,oliveira,MG
35541,-20.76804687,-44.57978038,morro do ferro,MG
35543,-20.46996267,-44.97980792,sao francisco de paula,MG
35544,-19.98509981,-44.85410035,são gonçalo do pará,MG
35545,-20.0441029,-45.01623977,perdigao,MG
35547,-20.55966812,-44.86917286,carmo da mata,MG
35550,-20.46975446,-45.12324241,itapecerica,MG
35551,-20.47285386,-45.05407585,lamounier,MG
35552,-20.4322536,-45.13092156,neolândia,MG
35555,-20.62674427,-45.15581133,camacho,MG
35557,-20.28277684,-44.83146842,carmo do cajuru,MG
35558,-20.25146486,-43.78770608,sao jose dos salgados,MG
35560,-20.07152237,-45.28714988,santo antonio do monte,MG
35565,-20.26053027,-45.20927693,pedra do indaia,MG
35567,-18.76146368,-43.892797,sao sebastiao do oeste,MG
35568,-20.44817958,-45.55714376,corrego fundo,MG
35570,-20.46253562,-45.433059,formiga,MG
35578,-20.44984696,-45.55359193,corrego fundo,MG
35580,-20.14037417,-45.50625739,japaraíba,MG
35582,-20.37057964,-45.66311956,pains,MG
35585,-20.48159721,-45.80293183,pimenta,MG
35588,-20.28830151,-45.54130069,arcos,MG
35590,-20.02406477,-45.53718981,lagoa da prata,MG
35593,-28.46752584,-52.82034559,martins guimaraes,MG
35595,-19.79398058,-45.68171583,luz,MG
35596,-19.92480697,-45.70271628,esteios,MG
35600,-19.74033714,-45.25863431,bom despacho,MG
35602,-19.57386423,-45.30480162,engenho do ribeiro,MG
35603,-19.94457443,-45.16634204,araujos,MG
35604,-19.84286158,-45.41231214,moema,MG
35606,-19.33855725,-45.22748738,martinho campos,MG
35607,-19.45723991,-45.06075149,ibitira,MG
35608,-19.69246788,-45.13566241,alberto isaacson,MG
35610,-19.46653452,-45.60051951,dores do indaia,MG
35613,-19.53200319,-45.78781267,estrela do indaia,MG
35617,-19.44023721,-45.79374004,serra da saudade,MG
35620,-19.1582065,-45.4463003,abaete,MG
35621,-18.78139797,-45.50524614,biquinhas,MG
35622,-18.90455108,-45.53364907,paineiras,MG
35623,-18.87792554,-45.41273035,pocoes de paineiras,MG
35624,-19.1471114,-45.71454009,cedro do abaete,MG
35625,-19.27122954,-45.55544419,quartel geral,MG
35628,-18.6052295,-45.35329938,morada nova de minas,MG
35640,-19.2240244,-45.00023724,pompeu,MG
35650,-19.68423502,-44.89175789,pitangui,MG
35655,-19.73488203,-44.80761475,onca de pitangui,MG
35657,-19.71760198,-45.02483772,leandro ferreira,MG
35660,-19.85354112,-44.60882226,para de minas,MG
35661,-19.87030466,-44.5933257,pará de minas,MG
35662,-19.88162966,-44.74243632,para de minas,MG
35663,-19.82721596,-44.57754483,pará de minas,MG
35665,-19.88081244,-44.74380729,torneiros,MG
35666,-19.51501757,-44.67673892,maravilhas,MG
35667,-19.63002318,-44.66083923,pequi,MG
35668,-19.75069361,-44.89692898,conceicao do para,MG
35669,-19.4469636,-44.74743506,papagaios,MG
35670,-19.99123842,-44.42872947,mateus leme,MG
35672,-20.0078774,-44.47141709,azurita,MG
35674,-20.0941761,-44.43364803,serra azul,MG
35675,-19.959208,-44.33824989,juatuba,MG
35680,-20.07786307,-44.57613377,itauna,MG
35681,-20.07959068,-44.59434432,itauna,MG
35685,-20.19934548,-44.4267259,itatiaiucu,MG
35688,-20.22824024,-44.40077716,santa terezinha de minas,MG
35690,-19.89008166,-44.43118104,florestal,MG
35694,-19.78693924,-44.44483573,sao jose da varginha,MG
35695,-19.95489936,-44.70769799,igaratinga,MG
35698,-19.91907867,-44.70012328,antunes,MG
35700,-19.45799501,-44.24812823,sete lagoas,MG
35701,-19.46050847,-44.23145972,sete lagoas,MG
35702,-19.44881357,-44.23042233,sete lagoas,MG
35703,-19.43600332,-44.20525353,sete lagoas,MG
35706,-19.28879618,-43.95361391,baldim,MG
35707,-19.32526419,-43.93470608,são vicente,MG
35709,-19.38742637,-44.05602268,funilandia,MG
35710,-19.4937331,-44.38680759,inhauma,MG
35715,-19.4772703,-44.15800907,prudente de morais,MG
35720,-19.56083265,-44.07558135,matozinhos,MG
35725,-19.54163799,-44.03041539,mocambeiro,MG
35730,-19.55004677,-44.1337362,capim branco,MG
35732,-19.36780513,-43.96112899,baldim,MG
35733,-20.36317096,-44.44273057,são vicente,MG
35736,-19.35787729,-44.07063871,funilandia,MG
35738,-19.47933772,-44.15764,prudente de morais,MG
35740,-19.78192825,-44.26061412,esmeraldas,MG
35750,-19.69791808,-44.17675824,melo viana,MG
35760,-19.56917241,-44.44969312,fortuna de minas,MG
35763,-19.49258174,-44.38846225,inhauma,MG
35765,-19.52424896,-44.45185787,cachoeira da prata,MG
35767,-19.23247128,-44.02383132,jequitiba,MG
35770,-19.30365639,-44.40952697,caetanópolis,MG
35774,-19.27857905,-44.40088546,paraopeba,MG
35777,-19.20195275,-44.24775274,aracai,MG
35780,-19.12710921,-44.32027791,cordisburgo,MG
35785,-19.13351582,-44.11198717,santana de pirapama,MG
35790,-18.76341842,-44.43315677,curvelo,MG
35791,-18.80653322,-44.15401477,santa rita do cedro,MG
35793,-19.14045896,-44.65634388,anguereta,MG
35794,-18.75684976,-44.89950777,felixlandia,MG
35796,-18.72928769,-44.36134299,inimutaba,MG
35798,-18.54377114,-44.60333671,morro da garca,MG
35800,-19.24782364,-42.95779069,ferros,MG
35804,-19.33056,-42.87806,esmeraldas de ferros,MG
35810,-19.35251303,-43.14059313,passabém,MG
35815,-19.29256221,-43.17506451,sao sebastiao do rio preto,MG
35820,-19.41658382,-43.32172503,itambe do mato dentro,MG
35830,-19.5016668,-43.76724694,jaboticatubas,MG
35845,-19.51729127,-43.95339753,santana do riacho,MG
35850,-18.81384858,-43.67472652,congonhas do norte,MG
35860,-19.02370673,-43.42373065,conceicao do mato dentro,MG
35863,-18.80758606,-43.51208643,santo antonio do norte,MG
35865,-18.959716,-43.25516285,dom joaquim,MG
35868,-18.80820197,-43.23471044,gororos,MG
35875,-19.21959857,-43.38193924,morro do pilar,MG
35878,-19.08657573,-43.1409827,carmesia,MG
35880,-19.22842043,-43.25321053,santo antonio do rio abaixo,MG
35894,-19.05428145,-42.92455109,dores de guanhães,MG
35900,-19.63079872,-43.22225368,itabira,MG
35901,-19.65506646,-43.2339577,itabira,MG
35902,-19.65172685,-43.20512174,itabira,MG
35903,-19.65605026,-43.22082015,itabira,MG
35904,-19.59429157,-43.19811846,itabira,MG
35905,-19.6198467,-43.4360563,ipoema,MG
35907,-19.51048431,-43.36734873,senhora do carmo,MG
35908,-19.70770772,-43.47524972,bom jesus do amparo,MG
35910,-19.41096917,-43.65169431,santa maria de itabira,MG
35920,-19.76491431,-43.02994,nova era,MG
35930,-19.81470371,-43.17040897,joao monlevade,MG
35931,-19.83653865,-43.17906544,joao monlevade,MG
35932,-19.8502077,-43.17699642,joao monlevade,MG
35935,-19.80511276,-43.44124316,sao goncalo do rio abaixo,MG
35938,-19.82802873,-43.09062549,bela vista de minas,MG
35940,-19.92842417,-43.16354085,rio piracicaba,MG
35950,-20.1094727,-43.06361511,alvinópolis,MG
35955,-20.16159337,-43.30065294,fonseca,MG
35960,-19.96167766,-43.41034926,santa barbara,MG
35963,-19.96379765,-43.45810249,barra feliz,MG
35969,-20.07559273,-43.40756665,catas altas,MG
35970,-19.9347376,-43.48055574,barao de cocais,MG
35975,-19.85986622,-43.45074764,barão de cocais,MG
35984,-19.83796016,-42.76514775,dionísio,MG
35986,-19.92538831,-42.70920486,sao jose do goiabal,MG
35995,-19.87043764,-42.96347676,sao domingos do prata,MG
36010,-21.76457139,-43.34597324,juiz de fora,MG
36011,-21.76286901,-43.34323486,juiz de fora,MG
36013,-21.75818609,-43.34968304,juiz de fora,MG
36015,-21.75734753,-43.35406014,juiz de fora,MG
36016,-21.7680196,-43.35315999,juiz de fora,MG
36020,-21.77118904,-43.33356593,juiz de fora,MG
36021,-21.77455147,-43.34134389,juiz de fora,MG
36025,-21.77536799,-43.35396471,juiz de fora,MG
36026,-21.77922338,-43.34854226,juiz de fora,MG
36030,-21.78924223,-43.3467745,juiz de fora,MG
36031,-21.79634966,-43.34773901,juiz de fora,MG
36032,-21.79966268,-43.35771115,juiz de fora,MG
36033,-21.78804313,-43.36441742,juiz de fora,MG
36035,-21.75250708,-43.36753579,juiz de fora,MG
36036,-21.7610756,-43.36695647,juiz de fora,MG
36037,-21.77206207,-43.38341071,juiz de fora,MG
36038,-21.78642832,-43.38395598,juiz de fora,MG
36039,-21.79370301,-43.40033853,juiz de fora,MG
36045,-21.74146457,-43.35962184,juiz de fora,MG
36046,-21.73185643,-43.35954762,juiz de fora,MG
36047,-21.71954755,-43.3543729,juiz de fora,MG
36048,-21.68886396,-43.3418233,juiz de fora,MG
36050,-21.73449342,-43.34883124,juiz de fora,MG
36051,-21.73756731,-43.34427799,juiz de fora,MG
36052,-21.74696882,-43.34623192,juiz de fora,MG
36060,-21.74155252,-43.33532591,juiz de fora,MG
36061,-21.75047912,-43.33250333,juiz de fora,MG
36062,-21.75640969,-43.33838647,juiz de fora,MG
36070,-21.76578531,-43.33055548,juiz de fora,MG
36071,-21.77290226,-43.3161927,juiz de fora,MG
36072,-21.76929096,-43.29503275,juiz de fora,MG
36073,-21.78670676,-43.30496328,juiz de fora,MG
36080,-21.74284282,-43.37302081,juiz de fora,MG
36081,-21.74003548,-43.3885968,juiz de fora,MG
36083,-21.73653113,-43.40215975,juiz de fora,MG
36084,-21.74257098,-43.41092731,juiz de fora,MG
36085,-21.71504074,-43.4059151,juiz de fora,MG
36087,-21.70693066,-43.42528624,juiz de fora,MG
36088,-21.71175411,-43.43644842,juiz de fora,MG
36090,-21.69237265,-43.43339295,juiz de fora,MG
36091,-21.70550225,-43.47145493,juiz de fora,MG
36092,-21.66602102,-43.43386694,juiz de fora,MG
36094,-21.58214603,-43.48673387,juiz de fora,MG
36104,-21.82914212,-43.18814361,sarandira,MG
36106,-21.71402848,-43.60844542,rosario de minas,MG
36108,-21.5510704,-43.51210117,ewbank da camara,MG
36110,-21.67732357,-43.22019645,chacara,MG
36120,-21.86948534,-43.31977116,matias barbosa,MG
36123,-21.96345207,-43.31445287,simao pereira,MG
36126,-21.94920616,-43.41387969,belmiro braga,MG
36130,-22.08542182,-43.82716795,rio preto,MG
36132,-21.95797241,-43.70339657,santa barbara do monte verde,MG
36135,-22.14905432,-44.09411923,santa rita de jacutinga,MG
36140,-21.84183505,-43.80181626,lima duarte,MG
36144,-16.97556282,-41.42995619,conceicao da ibitipoca,MG
36145,-21.86084295,-43.93540762,olaria,MG
36146,-21.60874733,-44.08956909,santana do garambeu,MG
36148,-21.70619635,-43.74502106,pedro teixeira,MG
36150,-21.4750978,-43.12725299,rio novo,MG
36152,-21.53583504,-43.19894233,goiana,MG
36155,-21.59369896,-43.27374597,coronel pacheco,MG
36157,-21.5071676,-43.32155921,piau,MG
36160,-21.35615246,-43.04869152,guarani,MG
36165,-21.36007501,-43.24784351,tabuleiro,MG
36170,-21.27300884,-43.0283534,pirauba,MG
36180,-21.27141667,-43.17867116,rio pomba,MG
36185,-21.16041685,-43.21627231,silveirania,MG
36190,-21.19700903,-43.34318797,merces,MG
36195,-21.29095394,-43.41847643,paiva,MG
36200,-21.2273551,-43.77268466,barbacena,MG
36201,-21.22572226,-43.78891728,barbacena,MG
36202,-21.21066961,-43.77895878,barbacena,MG
36204,-21.20846598,-43.75933021,barbacena,MG
36205,-21.22264362,-43.75609055,barbacena,MG
36206,-21.26052225,-43.67292364,mantiqueira do palmital,MG
36207,-21.19507964,-43.65021769,senhora das dores,MG
36208,-21.30056472,-43.62799538,correia de almeida,MG
36210,-21.14892651,-43.513641,desterro do melo,MG
36212,-21.19120659,-43.97510581,barroso,MG
36213,-21.10989764,-44.02336768,dores de campos,MG
36215,-21.24491554,-43.55953516,santa barbara do tugurio,MG
36220,-21.32114014,-43.75206467,antônio carlos,MG
36225,-21.43348125,-43.96320596,ibertioga,MG
36227,-21.47042949,-44.19240556,piedade do rio grande,MG
36230,-21.60714536,-43.75713266,bias fortes,MG
36235,-21.56274431,-43.91601943,santa rita do ibitipoca,MG
36240,-21.45983119,-43.55226143,santos dumont,MG
36243,-21.51505643,-43.61804762,dores do paraibuna,MG
36245,-23.40541328,-46.45504707,sao joao da serra,MG
36250,-21.33946586,-43.45880933,oliveira fortes,MG
36255,-21.34116244,-43.37755847,aracitaba,MG
36260,-21.0231592,-43.41263492,alto rio doce,MG
36263,-18.97774638,-48.26923798,abreus,MG
36264,-19.63854838,-43.7596515,vitorinos,MG
36265,-20.90604043,-43.3654357,cipotânea,MG
36270,-21.06355145,-43.7632737,ressaquinha,MG
36272,-21.14944355,-43.76719336,alfredo vasconcelos,MG
36275,-21.03036322,-43.58426088,senhora dos remedios,MG
36280,-20.94999397,-43.80441014,carandai,MG
36290,-20.92562646,-43.62079771,capela nova,MG
36300,-21.13445455,-44.26216502,sao joao del rei,MG
36301,-21.12313863,-44.25022386,sao joao del rei,MG
36302,-21.10642221,-44.22890367,sao joao del rei,MG
36303,-21.10397425,-44.22095309,sao joao del rei,MG
36305,-21.13259935,-44.23886752,sao joao del rei,MG
36307,-21.13991428,-44.25783293,sao joao del rei,MG
36309,-21.14559271,-44.27657087,são joão del rei,MG
36315,-21.22580214,-44.32458882,rio das mortes,MG
36316,-21.24383622,-44.41218487,são sebastião da vitória,MG
36318,-21.30570731,-44.31546416,sao joao del rei,MG
36320,-21.05906715,-44.08341164,prados,MG
36325,-21.10980792,-44.17477906,tiradentes,MG
36328,-21.13328045,-44.20808036,santa cruz de minas,MG
36330,-21.023963,-44.2216043,coronel xavier chaves,MG
36335,-21.02609752,-44.32358648,ritapolis,MG
36340,-20.91644573,-44.24196452,resende costa,MG
36345,-20.91928765,-44.06779162,lagoa dourada,MG
36350,-20.91317647,-44.5111509,sao tiago,MG
36352,-21.07836841,-44.28706806,merces de agua limpa,MG
36360,-21.12964739,-44.47635678,conceicao da barra de minas,MG
36370,-21.21842646,-44.61582098,nazareno,MG
36390,-21.29768556,-44.65764249,itutinga,MG
36400,-20.65580396,-43.77785933,conselheiro lafaiete,MG
36401,-20.65784177,-43.77659493,conselheiro lafaiete,MG
36402,-20.66323173,-43.77593503,conselheiro lafaiete,MG
36404,-20.67353712,-43.77759083,conselheiro lafaiete,MG
36405,-20.67618641,-43.78803175,conselheiro lafaiete,MG
36406,-20.67047193,-43.79741033,conselheiro lafaiete,MG
36407,-20.65921212,-43.80692696,conselheiro lafaiete,MG
36408,-20.65342075,-43.79769245,conselheiro lafaiete,MG
36415,-20.50989454,-43.86168755,congonhas,MG
36417,-20.56222908,-43.85680749,alto maranhao,MG
36419,-20.52140597,-43.80137611,congonhas,MG
36420,-20.52069214,-43.70443547,ouro branco,MG
36422,-20.79355133,-43.93137007,casa grande,MG
36424,-20.74339355,-43.88095095,queluzito,MG
36426,-20.82719814,-43.80888136,cristiano otoni,MG
36428,-20.8739065,-43.7375309,caranaiba,MG
36430,-20.78787384,-43.68565092,santana dos montes,MG
36440,-20.67775026,-43.60981864,itaverava,MG
36450,-20.69144548,-43.49812571,catas altas da noruega,MG
36455,-20.78802924,-43.47340341,lamim,MG
36460,-20.85631596,-43.48265709,rio espera,MG
36465,-20.84097767,-43.54853626,rio melo,MG
36470,-20.7953724,-43.34489973,senhora de oliveira,MG
36475,-20.76922268,-43.18311793,presidente bernardes,MG
36480,-20.66243388,-43.29970612,piranga,MG
36485,-20.60812437,-43.33279326,santo antonio do pirapetinga,MG
36490,-20.62679104,-43.28665767,pinheiros altos,MG
36500,-21.11776055,-42.94287086,uba,MG
36501,-21.02279479,-43.02477332,uba,MG
36502,-21.12487695,-42.92677955,uba,MG
36503,-21.11876814,-42.91947019,ubá,MG
36504,-21.11368711,-42.93733127,uba,MG
36505,-21.10829357,-42.94764037,ubá,MG
36506,-21.11022874,-42.95938241,uba,MG
36507,-21.116377,-42.95621828,uba,MG
36510,-21.20018316,-42.86603309,rodeiro,MG
36512,-21.17262522,-43.02193282,tocantins,MG
36513,-20.97645246,-43.18863302,dores do turvo,MG
36515,-21.15115523,-42.79789726,guidoval,MG
36520,-21.01035927,-42.83848376,visconde do rio branco,MG
36525,-21.00463525,-42.72034572,guiricema,MG
36530,-20.9231942,-42.83319271,sao geraldo,MG
36532,-20.91576008,-42.83693142,sao geraldo,MG
36540,-20.91386497,-43.10099607,senador firmino,MG
36542,-20.8534785,-43.24239766,brás pires,MG
36544,-20.87301743,-42.98126646,paula candido,MG
36546,-20.98954135,-43.00523467,divinésia,MG
36550,-20.85800869,-42.80168356,coimbra,MG
36555,-20.84059414,-42.65559926,ervalia,MG
36560,-20.78862886,-42.79602771,cajuri,MG
36568,-20.62659371,-43.13812403,porto firme,MG
36570,-20.75473464,-42.87751999,vicosa,MG
36572,-20.76108295,-42.88562311,vicosa,MG
36574,-20.81297233,-42.92533428,viçosa,MG
36576,-20.69902884,-42.99946862,porto firme,MG
36580,-20.65380513,-42.85515453,teixeiras,MG
36585,-20.59646538,-42.71642401,pedra do anta,MG
36590,-20.71942236,-42.71578082,são miguel do anta,MG
36592,-20.68708745,-42.62021406,canaa,MG
36594,-20.66717063,-42.52110706,araponga,MG
36600,-21.71890728,-43.06512389,bicas,MG
36604,-21.62417923,-43.01763901,rochedo de minas,MG
36606,-21.72899078,-43.04178681,guarara,MG
36608,-21.69693302,-42.96117251,maripa de minas,MG
36610,-21.83976812,-43.12230724,pequeri,MG
36620,-21.95032303,-43.1667635,santana do deserto,MG
36630,-22.05702012,-43.09008428,chiador,MG
36640,-21.86581058,-43.00750772,mar de espanha,MG
36649,-21.86565942,-42.99874933,mar de espanha,MG
36650,-21.80429645,-42.94587666,senador cortes,MG
36660,-21.87272828,-42.6937952,alem paraiba,MG
36664,-21.86831355,-42.69874044,angustura,MG
36666,-21.84151848,-42.61943279,alem paraiba,MG
36670,-21.35522181,-43.03374971,santo antônio do aventureiro,MG
36675,-21.2275709,-42.82682529,sao domingos,MG
36680,-21.53777359,-43.01178777,sao joao nepomuceno,MG
36688,-30.00520246,-51.19099166,sao joao nepomuceno,MG
36690,-21.46045966,-42.96366944,descoberto,MG
36700,-21.53016426,-42.64089862,leopoldina,MG
36702,-21.55209433,-42.68502528,tebas,MG
36707,-19.82190437,-44.00995344,ribeiro junqueira,MG
36708,-20.67679699,-43.35160458,piacatuba,MG
36710,-21.6139901,-42.83721746,argirita,MG
36720,-21.77253289,-42.53759759,volta grande,MG
36725,-21.7429747,-42.46039607,estrela dalva,MG
36730,-21.66138238,-42.34969319,pirapetinga,MG
36740,-21.52415848,-42.46412505,recreio,MG
36750,-21.37586629,-42.3156744,palma,MG
36753,-21.44071211,-42.36000071,cisneiros,MG
36756,-21.92345467,-46.3928458,itapirucu,MG
36760,-21.36076741,-42.47567238,laranjal,MG
36770,-21.38805414,-42.69050462,cataguases,MG
36771,-21.41157235,-42.6797645,cataguases,MG
36772,-21.3975016,-42.70084353,cataguases,MG
36773,-21.38265512,-42.70358536,cataguases,MG
36774,-21.37774033,-42.69008035,cataguases,MG
36777,-21.2816004,-43.68900312,sereno,MG
36778,-18.95745939,-49.44925418,vista alegre,MG
36779,-21.29435693,-42.72876478,cataguarino,MG
36780,-21.31403074,-42.86423396,astolfo dutra,MG
36784,-21.31671378,-42.813063,dona euzebia,MG
36787,-21.3446523,-42.83187095,sao manoel do guaiacu,MG
36788,-21.41655374,-42.81661574,itamarati de minas,MG
36790,-21.19342761,-42.6144497,mirai,MG
36793,-20.87607508,-42.55530073,sao sebastiao da vargem alegre,MG
36795,-21.28763611,-42.55539679,santana de cataguases,MG
36800,-20.73251603,-42.02994377,carangola,MG
36803,-19.88896729,-45.14923652,alvorada,MG
36805,-20.70089781,-42.2157819,ponte alta de minas,MG
36810,-20.78494845,-42.4981232,sao francisco do gloria,MG
36815,-20.72487631,-42.30527328,fervedouro,MG
36820,-20.61010857,-42.14637144,divino,MG
36828,-20.50617566,-42.20584854,orizania,MG
36830,-20.64823472,-41.90925009,espera feliz,MG
36832,-20.69789948,-41.92245128,caiana,MG
36834,-20.52392469,-41.90630807,caparao,MG
36840,-20.80551871,-42.01250389,faria lemos,MG
36844,-20.90966347,-42.035181,tombos,MG
36846,-20.03395051,-44.14030846,tombos,MG
36847,-20.83218964,-42.15529195,pedra dourada,MG
36850,-21.01383228,-42.11971844,antonio prado de minas,MG
36855,-21.09788482,-42.18385185,eugenopolis,MG
36860,-21.15198173,-42.21090116,patrocinio do muriae,MG
36870,-21.24293297,-42.23572848,barao de monte alto,MG
36873,-23.5433655,-46.889442,silveira carvalho,MG
36876,-21.23701664,-42.30685712,cachoeira alegre,MG
36878,-20.97901565,-42.50973247,rosario da limeira,MG
36880,-21.13001578,-42.36814523,muriaé,MG
36881,-21.13662529,-42.36012942,muriaé,MG
36883,-21.13914219,-42.37332242,muriaé,MG
36884,-21.13029588,-42.38113222,muriae,MG
36886,-21.13638802,-42.39928285,muriae,MG
36887,-21.12801378,-42.39734841,muriae,MG
36888,-21.12516669,-42.38593201,muriae,MG
36889,-21.12905303,-42.35705087,muriae,MG
36891,-21.58189795,-42.74137616,macuco,MG
36892,-19.95506924,-43.94387177,vermelho,MG
36893,-20.89067708,-42.34391249,miradouro,MG
36895,-20.86486657,-42.24450947,vieiras,MG
36900,-20.25268829,-42.04059853,manhuacu,MG
36905,-20.24069135,-42.14660438,realeza,MG
36906,-20.19213715,-42.18734791,sao pedro do avai,MG
36908,-20.09753211,-42.15763859,sao sebastiao do sacramento,MG
36910,-20.3832559,-42.25170607,santa margarida,MG
36913,-20.38433566,-42.25097527,santa margarida,MG
36915,-15.33267026,-40.26754113,ribeirao de sao domingos,MG
36918,-20.39241745,-42.15224431,são joão do manhuaçu,MG
36920,-20.24506033,-41.98293819,reduto,MG
36923,-20.4396076,-42.10392304,luisburgo,MG
36925,-20.17267136,-42.27108356,caputira,MG
36930,-20.11067425,-41.99972971,simonesia,MG
36935,-19.92319845,-41.92117148,alegria,MG
36940,-20.09553006,-41.92165262,santana do manhuacu,MG
36947,-19.93300202,-41.69344462,conceicao de ipanema,MG
36950,-19.8002227,-41.71530616,ipanema,MG
36953,-19.76348777,-41.61399698,taparuba,MG
36955,-19.8261825,-41.43855366,mutum,MG
36958,-19.89264116,-41.36924443,roseiral,MG
36960,-19.61804602,-41.62973554,pocrane,MG
36970,-20.35584131,-41.95616974,manhumirim,MG
36972,-20.2573116,-41.87310734,martins soares,MG
36974,-20.20171885,-41.79970424,durande,MG
36976,-20.42650921,-41.9642222,alto jequitiba,MG
36979,-20.4440535,-41.87032413,alto caparao,MG
36980,-20.14395717,-41.61169777,lajinha,MG
36985,-20.04483784,-41.6915455,chale,MG
36990,-20.0066253,-41.74856286,sao jose do mantimento,MG
37002,-21.55557868,-45.43742422,varginha,MG
37004,-21.56054071,-45.43181837,varginha,MG
37006,-21.56544338,-45.4382451,varginha,MG
37007,-21.03793135,-45.00085892,varginha,MG
37010,-21.55904932,-45.44560302,varginha,MG
37011,-21.58145047,-45.43378852,varginha,MG
37012,-21.56752808,-45.44899108,varginha,MG
37014,-21.5501794,-45.446394,varginha,MG
37018,-21.54809917,-45.4373211,varginha,MG
37022,-21.59502233,-45.42798781,varginha,MG
37026,-21.57330044,-45.44149683,varginha,MG
37030,-21.54395403,-45.45015582,varginha,MG
37031,-21.55830903,-45.46238887,varginha,MG
37034,-21.54525948,-45.45574617,varginha,MG
37036,-21.53154634,-45.45307651,varginha,MG
37038,-21.53861413,-45.44658705,varginha,MG
37044,-21.5574459,-45.42240941,varginha,MG
37045,-21.55586699,-45.4172097,varginha,MG
37048,-21.57049733,-45.41784658,varginha,MG
37056,-21.57425845,-45.42366064,varginha,MG
37060,-21.58114918,-45.42048614,varginha,MG
37062,-21.5857303,-45.44043792,varginha,MG
37064,-21.58745627,-45.43240819,varginha,MG
37066,-21.59837989,-45.43092352,varginha,MG
37068,-21.58320863,-45.43613467,varginha,MG
37070,-21.59104391,-45.44733262,varginha,MG
37072,-21.59037403,-45.45244792,varginha,MG
37074,-21.58952087,-45.44863686,varginha,MG
37077,-21.58275024,-45.45493196,varginha,MG
37110,-21.60850267,-45.56646669,eloi mendes,MG
37115,-21.32533702,-46.36803922,monte belo,MG
37120,-21.55014754,-45.73500869,paraguacu,MG
37130,-21.42735897,-45.94651257,alfenas,MG
37131,-21.4364585,-45.94242157,alfenas,MG
37132,-21.43777513,-45.95221491,alfenas,MG
37133,-21.4287988,-45.96596326,alfenas,MG
37134,-21.50879905,-46.19824576,divisa nova,MG
37135,-21.42217278,-45.96434437,alfenas,MG
37136,-21.41849509,-45.96231347,alfenas,MG
37137,-21.41064842,-45.94869709,alfenas,MG
37138,-21.40902108,-45.82936652,fama,MG
37140,-21.35871206,-46.1449666,areado,MG
37142,-21.50998063,-46.19579114,divisa nova,MG
37143,-21.53164203,-46.11951018,serrania,MG
37144,-21.29412942,-45.56192933,fama,MG
37145,-21.25583365,-46.14487857,alterosa,MG
37147,-20.54820444,-45.1193502,divino espirito santo,MG
37148,-21.09647364,-46.20443259,conceicao da aparecida,MG
37150,-20.97161098,-46.12132993,carmo do rio claro,MG
37160,-21.23678867,-45.75998488,campos gerais,MG
37163,-21.3720061,-45.77539737,corrego do ouro,MG
37165,-21.10949946,-45.82983434,campo do meio,MG
37170,-21.09512951,-45.56150526,boa esperanca,MG
37175,-20.94057753,-45.82723735,ilicinea,MG
37177,-20.76189606,-45.9256094,guape,MG
37190,-21.37055964,-45.51293044,tres pontas,MG
37195,-21.25056294,-45.50625566,santana da vargem,MG
37200,-21.24470864,-44.99920164,lavras,MG
37205,-21.17541822,-44.92772547,ijaci,MG
37210,-21.31743903,-44.8699793,itumirim,MG
37212,-21.06299091,-44.63352162,macuco de minas,MG
37215,-21.40247034,-44.92081236,ingai,MG
37218,-20.79911029,-45.14068674,ijaci,MG
37220,-21.03290075,-44.75685946,bom sucesso,MG
37223,-21.15441368,-44.75382349,ibituruna,MG
37225,-21.46100856,-45.22054434,carmo da cachoeira,MG
37235,-21.18971491,-45.43952911,coqueiral,MG
37240,-21.51161424,-44.90297474,luminarias,MG
37245,-21.48913482,-44.64257758,carrancas,MG
37250,-21.23635217,-45.23626913,nepomuceno,MG
37260,-21.09616564,-45.08823599,perdoes,MG
37262,-20.90267729,-44.89689885,santo antonio do amparo,MG
37264,-21.18545838,-45.05992892,ribeirao vermelho,MG
37267,-21.02026476,-45.18247903,cana verde,MG
37270,-20.89376471,-45.27561311,campo belo,MG
37273,-20.94218325,-45.38743215,aguanil,MG
37275,-20.87529663,-45.51623716,cristais,MG
37278,-20.93286236,-45.14301416,santana do jacare,MG
37280,-20.77127923,-45.27427944,candeias,MG
37300,-21.73974989,-44.31003569,andrelandia,MG
37305,-21.48431219,-44.3316429,madre de deus de minas,MG
37310,-21.94855499,-44.18654594,bom jardim de minas,MG
37315,-21.98706775,-44.03259789,tabuao,MG
37330,-22.20816438,-44.2348426,passa vinte,MG
37340,-22.17654213,-44.42289499,bocaina de minas,MG
37350,-22.02622712,-44.32000869,liberdade,MG
37360,-21.91515898,-44.2536004,arantina,MG
37370,-21.70112679,-44.44585834,sao vicente de minas,MG
37400,-21.83479374,-45.40188042,campanha,MG
37405,-21.75692777,-45.5421196,monsenhor paulo,MG
37407,-21.58469492,-45.07154278,são bento abade,MG
37408,-21.7223731,-44.98356367,sao thome das letras,MG
37410,-21.69337083,-45.25976867,tres coracoes,MG
37411,-21.69505277,-45.25879256,tres coracoes,MG
37412,-21.67866704,-45.25294295,tres coracoes,MG
37413,-21.68751553,-45.23714384,três corações,MG
37414,-21.69834839,-45.25270048,três corações,MG
37415,-21.70670676,-45.26359961,três corações,MG
37416,-21.7202077,-45.26549409,três corações,MG
37417,-21.68456066,-45.26427096,três corações,MG
37418,-21.66594699,-45.28104555,tres coracoes,MG
37420,-21.85432094,-45.29722727,cambuquira,MG
37430,-21.88247079,-45.08737827,conceição do rio verde,MG
37440,-21.98080482,-44.93169567,caxambu,MG
37443,-21.9616609,-44.88903628,baependi,MG
37445,-21.83931883,-44.81059556,cruzilia,MG
37447,-21.68180859,-44.60116193,minduri,MG
37450,-21.97884842,-44.60576945,aiuruoca,MG
37452,-21.88981296,-44.51224185,serranos,MG
37454,-21.90893341,-44.51954198,seritinga,MG
37456,-22.00157203,-44.4619001,carvalhos,MG
37458,-22.17183059,-44.64259873,alagoa,MG
37460,-22.38718868,-44.96728627,passa quatro,MG
37464,-22.29679275,-44.93676308,itanhandu,MG
37465,-22.33203061,-45.09225533,virginia,MG
37466,-22.28542556,-44.86708746,itamonte,MG
37467,-22.2187925,-44.97777633,sao sebastiao do rio verde,MG
37468,-22.18438702,-44.97127699,pouso alto,MG
37469,-22.24803852,-44.93489776,santana do capivari,MG
37470,-22.11818025,-45.05459489,são lourenço,MG
37472,-22.12124329,-45.12473382,carmo de minas,MG
37474,-22.25087122,-45.15726875,dom vicoso,MG
37476,-22.21042987,-45.26465088,cristina,MG
37478,-22.05633727,-45.04408568,soledade de minas,MG
37480,-21.9742237,-45.34916822,lambari,MG
37484,-22.06702038,-45.54193223,heliodora,MG
37485,-22.00120051,-45.28846437,jesuania,MG
37488,-22.06914344,-45.26237184,olimpio noronha,MG
37490,-21.812596,-45.54772708,sao goncalo do sapucai,MG
37496,-21.87562673,-45.78858589,turvolandia,MG
37498,-21.79191826,-45.70092335,cordislandia,MG
37500,-22.42045305,-45.45300681,itajubá,MG
37501,-22.43170385,-45.44052444,itajuba,MG
37502,-22.43482742,-45.4512715,itajuba,MG
37503,-22.44006391,-45.47142536,itajuba,MG
37504,-22.4292588,-45.47620106,itajuba,MG
37505,-22.41978505,-45.46752604,itajuba,MG
37508,-22.39447928,-45.54133645,piranguinho,MG
37510,-22.32861055,-45.52634767,sao jose do alegre,MG
37511,-22.52953796,-45.49625404,pirangucu,MG
37512,-22.53425793,-45.36119329,wenceslau braz,MG
37514,-22.5064659,-45.27704785,delfim moreira,MG
37516,-22.44894999,-45.16345108,marmelopolis,MG
37517,-22.3089141,-45.37334742,maria da fe,MG
37520,-22.24588527,-45.46581492,pedralva,MG
37524,-22.11828176,-45.51156448,natercia,MG
37527,-22.157943,-45.45206425,conceicao das pedras,MG
37530,-22.47853564,-45.61794132,brasópolis,MG
37535,-22.58185986,-45.63503926,luminosa,MG
37540,-22.24721094,-45.70752068,santa rita do sapucai,MG
37542,-22.46344408,-46.01718441,estiva,MG
37545,-22.35581397,-45.78233457,cachoeira de minas,MG
37546,-22.38683968,-45.88531276,itaim,MG
37548,-22.41390756,-45.79647036,conceicao dos ouros,MG
37550,-22.2350828,-45.93392183,pouso alegre,MG
37551,-22.2284758,-45.94498333,pouso alegre,MG
37552,-22.22025902,-45.93781235,pouso alegre,MG
37553,-22.2221157,-45.92900668,pouso alegre,MG
37554,-22.22508693,-45.92335256,pouso alegre,MG
37555,-22.21533082,-45.91247616,pouso alegre,MG
37556,-22.20916035,-45.85514365,pouso alegre,MG
37557,-22.24243397,-45.94228025,pouso alegre,MG
37558,-22.24854449,-45.93559354,pouso alegre,MG
37559,-22.18603685,-46.06310882,ipuiuna,MG
37560,-22.26869638,-45.91714779,pouso alegre,MG
37561,-22.26655682,-45.91635661,pouso alegre,MG
37563,-22.36975412,-46.09674373,tocos do moji,MG
37564,-22.26258413,-46.17112394,borda da mata,MG
37566,-22.03807055,-45.9550999,espirito santo do dourado,MG
37567,-22.16152026,-45.76079645,sao sebastiao da bela vista,MG
37568,-21.93397303,-45.92414373,sao joao da mata,MG
37570,-22.27848531,-46.37130155,ouro fino,MG
37572,-20.59093369,-44.63699358,crisolia,MG
37576,-22.31946024,-46.32590955,inconfidentes,MG
37578,-22.4426542,-46.34877575,bueno brandao,MG
37580,-22.4302179,-46.57340513,monte siao,MG
37582,-21.8798941,-45.85647969,careacu,MG
37584,-21.86540419,-45.6508235,congonhal,MG
37586,-22.15958698,-46.17545465,senador jose bento,MG
37588,-21.93431339,-46.12633687,ipuiuna,MG
37589,-21.09488085,-45.83197557,silvianopolis,MG
37590,-22.28814666,-46.61190091,jacutinga,MG
37596,-22.20122849,-46.61545667,albertina,MG
37600,-22.61187391,-46.05815657,cambui,MG
37605,-22.63116246,-46.01925452,corrego do bom jesus,MG
37610,-22.47005243,-46.14709173,bom repouso,MG
37615,-22.58724456,-46.1770973,senador amaral,MG
37620,-22.61384923,-46.3625579,munhoz,MG
37630,-22.74325071,-46.37379653,toledo,MG
37640,-22.85547822,-46.31950127,extrema,MG
37650,-22.75549974,-46.14001333,camanducaia,MG
37652,-22.70741012,-46.03526216,sao mateus de minas,MG
37653,-22.86017401,-46.03257025,monte verde,MG
37655,-22.76838539,-46.22257084,itapeva,MG
37660,-22.55153371,-45.77857278,paraisopolis,MG
37670,-22.55044093,-45.92132029,consolacao,MG
37680,-22.65968826,-45.85458813,gonçalves,MG
37690,-22.75024157,-45.74792117,sapucai-mirim,MG
37701,-21.78913132,-46.56757074,pocos de caldas,MG
37702,-21.78756663,-46.53920694,pocos de caldas,MG
37703,-21.79028145,-46.53761539,poços de caldas,MG
37704,-21.79283891,-46.56736518,pocos de caldas,MG
37705,-21.80738445,-46.54404589,pocos de caldas,MG
37706,-21.83041023,-46.54939079,pocos de caldas,MG
37709,-21.80027437,-46.51558027,pocos de caldas,MG
37710,-21.80697565,-46.50999728,pocos de caldas,MG
37713,-21.83204786,-46.55914154,poços de caldas,MG
37714,-21.79888438,-46.60093274,pocos de caldas,MG
37716,-21.79593357,-46.5901957,pocos de caldas,MG
37718,-21.8812904,-46.616255,pocos de caldas,MG
37720,-21.64800233,-46.39978614,botelhos,MG
37723,-21.59547343,-46.31949486,são gonçalo de botelhos,MG
37725,-21.6381773,-46.51674992,palmeiral,MG
37730,-21.7111112,-46.24660902,campestre,MG
37740,-21.73012542,-46.3864678,bandeira do sul,MG
37750,-21.68040895,-45.92052993,machado,MG
37757,-21.7801509,-45.9674677,poco fundo,MG
37760,-21.77850221,-45.84282543,carvalhopolis,MG
37775,-22.04999744,-46.32910726,santa rita de caldas,MG
37780,-21.91385285,-46.39241188,caldas,MG
37785,-23.48969958,-46.6374257,santana de caldas,MG
37790,-22.0633684,-46.4405686,ibitiúra de minas,MG
37795,-22.07047143,-46.57354819,andradas,MG
37800,-21.30595837,-46.71407789,guaxupé,MG
37805,-21.25299379,-46.57896485,juruaia,MG
37810,-21.3019692,-46.79344314,guaranesia,MG
37815,-19.32172489,-48.92200811,santa cruz do prata,MG
37820,-21.36413275,-46.93989548,arceburgo,MG
37855,-21.12674443,-46.6271622,sao pedro da uniao,MG
37860,-21.11141078,-46.42056269,nova resende,MG
37865,-21.01118409,-46.40166193,petunia,MG
37880,-21.47382328,-46.3960917,cabo verde,MG
37890,-21.36898149,-46.52315656,muzambinho,MG
37900,-20.71963821,-46.60484853,passos,MG
37901,-20.73584717,-46.59906912,passos,MG
37902,-20.7292842,-46.61383651,passos,MG
37903,-20.71489298,-46.62774341,passos,MG
37904,-20.70913131,-46.61791635,passos,MG
37905,-20.85617953,-46.72015906,fortaleza de minas,MG
37910,-20.35314673,-46.84294116,delfinopolis,MG
37920,-20.55443915,-46.54819356,sao joao batista do gloria,MG
37922,-20.32963527,-46.37111347,vargem bonita,MG
37925,-20.46910717,-45.96079974,piumhii,MG
37926,-20.29034473,-45.90136381,doresopolis,MG
37927,-20.34574364,-46.48387673,são josé do barreiro,MG
37928,-20.24055665,-46.3820971,sao roque de minas,MG
37930,-20.61655652,-46.04625014,capitolio,MG
37940,-20.85866999,-46.386896,alpinopolis,MG
37945,-20.71552958,-46.31660005,sao jose da barra,MG
37948,-21.01814216,-46.51865562,bom jesus da penha,MG
37950,-20.91395197,-46.98629619,sao sebastiao do paraiso,MG
37952,-20.91576449,-47.15619833,guardinha,MG
37955,-21.0815934,-47.04452788,itamogi,MG
37958,-21.18705403,-46.97622613,monte santo de minas,MG
37960,-20.78063813,-47.09861711,são tomás de aquino,MG
37965,-21.01817464,-46.74320896,jacui,MG
37968,-21.01108619,-46.81173308,monte santo de minas,MG
37970,-20.74438717,-46.86121275,pratapolis,MG
37973,-20.84085889,-46.79900585,itamogi,MG
37975,-20.74428837,-46.75138057,itau de minas,MG
37980,-20.5829307,-46.92213564,cássia,MG
37990,-20.46391948,-47.12569004,ibiraci,MG
37993,-20.6210998,-47.05516574,capetinga,MG
37997,-20.40154677,-47.28560867,claraval,MG
38010,-19.74843313,-47.93624451,uberaba,MG
38015,-19.74791988,-47.92617493,uberaba,MG
38017,-19.74019854,-47.92479299,uberaba,MG
38020,-19.76068932,-47.94687146,uberaba,MG
38022,-19.760189,-47.93914526,uberaba,MG
38025,-19.75685349,-47.93017267,uberaba,MG
38026,-19.76170658,-47.92110325,uberaba,MG
38030,-19.76755207,-47.93300586,uberaba,MG
38031,-19.77245797,-47.92897762,uberaba,MG
38035,-19.76290635,-47.90068954,uberaba,MG
38036,-19.76842279,-47.91413426,uberaba,MG
38037,-19.77997184,-47.91360519,uberaba,MG
38038,-19.77798225,-47.8939703,uberaba,MG
38040,-19.78642172,-47.93772688,uberaba,MG
38041,-19.78316902,-47.92170329,uberaba,MG
38045,-19.77404673,-47.95526529,uberaba,MG
38046,-19.7737698,-47.99663564,uberaba,MG
38048,-19.7701787,-47.94484638,uberaba,MG
38050,-19.75831267,-47.95552461,uberaba,MG
38051,-19.75761831,-47.98336859,uberaba,MG
38055,-19.75088672,-47.96849457,uberaba,MG
38056,-19.73507434,-47.98704222,uberaba,MG
38057,-19.73714472,-47.96592286,uberaba,MG
38060,-19.74554586,-47.94508588,uberaba,MG
38061,-19.74425585,-47.95533934,uberaba,MG
38064,-19.70723047,-47.96818423,uberaba,MG
38065,-19.73964597,-47.93555194,uberaba,MG
38066,-19.73425412,-47.94309475,uberaba,MG
38067,-19.72870706,-47.93553366,uberaba,MG
38070,-19.73100527,-47.92291556,uberaba,MG
38071,-19.72367685,-47.91639496,uberaba,MG
38072,-19.73185789,-47.91251887,uberaba,MG
38073,-19.73500514,-47.89334009,uberaba,MG
38080,-19.74246562,-47.91461237,uberaba,MG
38081,-19.75280861,-47.91270375,uberaba,MG
38082,-19.74936681,-47.89826072,uberaba,MG
38106,-19.39110606,-46.72806619,uberaba,MG
38108,-19.97521897,-47.77665869,delta,MG
38110,-20.05779182,-48.10811794,agua comprida,MG
38120,-19.92124047,-48.37549417,conceicao das alagoas,MG
38130,-19.76253703,-48.57469771,campo florido,MG
38140,-19.30682657,-48.92280096,prata,MG
38150,-19.66856809,-48.30939854,veríssimo,MG
38160,-19.33643697,-47.1132218,nova ponte,MG
38170,-19.36065499,-47.28562644,perdizes,MG
38175,-19.31600396,-47.52829293,santa juliana,MG
38178,-19.22838557,-47.46448927,pedrinopolis,MG
38180,-19.58239924,-46.95379572,araxá,MG
38181,-19.5757388,-46.93172776,araxa,MG
38182,-19.60522753,-46.92587491,araxa,MG
38183,-19.59656151,-46.93748848,araxa,MG
38184,-19.60185553,-46.94478152,araxa,MG
38185,-19.92528253,-46.82785202,tapira,MG
38190,-19.87001133,-47.44411448,sacramento,MG
38195,-19.93289473,-47.55206053,conquista,MG
38198,-19.85852755,-47.58341959,guaxima,MG
38200,-20.02737818,-48.93350959,frutal,MG
38205,-18.86706276,-48.26411698,aparecida de minas,MG
38210,-19.90759049,-48.70202971,pirajuba,MG
38220,-20.13797635,-48.70215937,planura,MG
38230,-20.27945499,-49.20255148,fronteira,MG
38240,-19.90102641,-49.36882034,itapagipe,MG
38250,-19.69574912,-49.08330143,comendador gomes,MG
38260,-19.85873813,-49.77217577,são francisco de sales,MG
38270,-19.53430181,-49.50209457,campina verde,MG
38272,-19.56150422,-50.01607331,honorópolis,MG
38280,-19.72936535,-50.19956608,iturama,MG
38282,-19.7029082,-50.41424707,alexandrita,MG
38288,-19.52103401,-50.33423138,uniao de minas,MG
38290,-19.71155629,-50.72142742,carneirinho,MG
38292,-22.41605341,-47.63935949,sao sebastiao do pontal,MG
38294,-19.90515209,-50.72601204,estrela da barra,MG
38295,-19.54562244,-50.58228433,limeira do oeste,MG
38300,-18.97635525,-49.46297456,ituiutaba,MG
38301,-18.95361909,-49.45817584,ituiutaba,MG
38302,-18.96802269,-49.44940588,ituiutaba,MG
38303,-18.98205955,-49.43885286,ituiutaba,MG
38304,-18.98921916,-49.45198716,ituiutaba,MG
38305,-19.00257752,-49.47892992,ituiutaba,MG
38307,-18.97709851,-49.48097274,ituiutaba,MG
38308,-18.9617541,-49.47795098,ituiutaba,MG
38310,-19.21276595,-49.78478439,gurinhata,MG
38320,-18.85162722,-50.14079055,santa vitoria,MG
38325,-19.04329047,-50.48805214,chaveslandia,MG
38328,-19.04039448,-50.49075486,perdilandia,MG
38350,-18.69274061,-49.94357654,ipiaçu,MG
38360,-18.68326386,-49.56993869,capinopolis,MG
38370,-18.53178165,-49.49432302,cachoeira dourada,MG
38380,-18.72350347,-49.1992779,canápolis,MG
38390,-18.58527492,-49.20061955,centralina,MG
38400,-18.91324787,-48.27821224,uberlandia,MG
38401,-18.89161596,-48.28981552,uberlandia,MG
38402,-18.87399822,-48.27413981,uberlandia,MG
38405,-18.89269801,-48.2499399,uberlandia,MG
38406,-18.87582127,-48.23189651,uberlandia,MG
38407,-18.91496729,-48.19387917,uberlandia,MG
38408,-18.9240802,-48.24926719,uberlandia,MG
38409,-18.92805131,-48.21458249,uberlandia,MG
38410,-18.95417487,-48.23791059,uberlandia,MG
38411,-18.94951896,-48.27629001,uberlandia,MG
38412,-18.95023726,-48.30947066,uberlândia,MG
38413,-18.93168966,-48.31505511,uberlandia,MG
38414,-18.92139744,-48.32946334,uberlandia,MG
38415,-18.89705564,-48.32910295,uberlandia,MG
38420,-18.86884737,-48.87974735,monte alegre de minas,MG
38421,-18.9774654,-48.35855082,uberlandia,MG
38425,-18.97601193,-48.27425372,uberlândia,MG
38430,-18.59933844,-48.69412852,tupaciguara,MG
38433,-18.89880063,-48.15751403,uberlandia,MG
38435,-18.43304181,-49.18451093,arapora,MG
38439,-18.94767374,-48.1759117,tapuirama,MG
38440,-18.65264443,-48.19223548,araguari,MG
38441,-18.65704801,-48.20933348,araguari,MG
38442,-18.64509949,-48.20499335,araguari,MG
38443,-18.63482479,-48.20473048,araguari,MG
38444,-18.63091752,-48.18952482,araguari,MG
38445,-18.64220138,-48.1780146,araguari,MG
38446,-18.66100251,-48.18097918,araguari,MG
38447,-18.66078225,-48.18960919,araguari,MG
38455,-18.53401305,-48.19629512,amanhece,MG
38460,-18.60531231,-47.8833709,cascalho rico,MG
38465,-18.43362551,-49.18567171,arapora,MG
38470,-18.49729038,-47.72293167,grupiara,MG
38475,-18.8688509,-48.87854659,monte alegre de minas,MG
38480,-18.59684456,-48.69760299,tupaciguara,MG
38490,-19.03675438,-47.91834736,indianópolis,MG
38500,-18.73255319,-47.49636762,monte carmelo,MG
38510,-18.98605466,-47.46325105,irai de minas,MG
38520,-18.88495648,-47.58586357,romaria,MG
38525,-18.74128289,-47.70192478,estrela do sul,MG
38530,-18.43493861,-47.60812036,douradoquara,MG
38540,-18.47447649,-47.40783653,abadia dos dourados,MG
38550,-18.47627422,-47.19682129,coromandel,MG
38570,-17.76931776,-47.09820111,guarda-mor,MG
38600,-17.22417902,-46.87426463,paracatu,MG
38602,-17.22562067,-46.88239989,paracatu,MG
38603,-17.23341553,-46.87934564,paracatu,MG
38606,-18.12983715,-46.17089271,paracatu,MG
38607,-17.22521009,-46.85559478,paracatu,MG
38610,-16.36381396,-46.89530823,unai,MG
38625,-16.05566818,-47.14365236,cabeceira grande,MG
38630,-16.05971865,-46.25528196,uruana de minas,MG
38640,-16.23017177,-45.99141726,riachinho,MG
38649,-15.97268737,-45.09582683,urucuia,MG
38650,-16.56252767,-45.99863587,bonfinopolis de minas,MG
38654,-16.65186328,-46.26928032,dom bosco,MG
38658,-16.50959412,-46.49188575,natalandia,MG
38660,-15.62721446,-46.42632889,buritis,MG
38665,-15.21424949,-46.81573875,serra bonita,MG
38680,-15.92035068,-46.10773503,arinos,MG
38689,-15.3000722,-45.6260073,chapada gaucha,MG
38690,-14.95721675,-46.22981524,formoso,MG
38700,-18.59514103,-46.51867937,patos de minas,MG
38701,-18.57640751,-46.52598592,patos de minas,MG
38702,-18.57194907,-46.51614831,patos de minas,MG
38703,-18.57686674,-46.49477072,patos de minas,MG
38705,-18.5950289,-46.50050758,patos de minas,MG
38706,-18.61964762,-46.50544981,patos de minas,MG
38711,-18.83307667,-46.59479541,santana de patos,MG
38717,-19.17398786,-45.41834444,pilar,MG
38720,-18.77618044,-46.40421725,lagoa formosa,MG
38730,-18.84499472,-46.79528213,guimarânia,MG
38735,-18.95333413,-46.67378429,cruzeiro da fortaleza,MG
38738,-21.85133943,-50.71456122,cruzeiro da fortaleza,MG
38740,-18.94707355,-46.99146765,patrocinio,MG
38741,-18.96755205,-47.00069241,patrocinio,MG
38742,-18.93687405,-47.00168812,patrocinio,MG
38743,-18.92845318,-47.00035903,patrocínio,MG
38744,-18.93575917,-46.98670616,patrocinio,MG
38745,-18.92558726,-46.96674524,patrocinio,MG
38747,-18.94243154,-46.98521143,patrocinio,MG
38748,-18.96099525,-46.99225148,patrocinio,MG
38749,-18.83912727,-46.94672164,sao joao da serra negra,MG
38750,-18.41249436,-46.41696,presidente olegario,MG
38755,-17.839036,-46.51824251,lagoa grande,MG
38760,-19.1112383,-46.68169552,serra do salitre,MG
38770,-17.73200537,-46.16588731,joao pinheiro,MG
38772,-17.59544427,-45.8898464,olhos d'agua do oeste,MG
38773,-17.39778966,-45.83314769,canabrava,MG
38775,-17.64147689,-45.82607815,joao pinheiro,MG
38776,-17.20540541,-47.80184066,luizlandia do oeste,MG
38779,-17.00502701,-46.00616466,brasilandia de minas,MG
38780,-17.98723715,-46.90380757,vazante,MG
38785,-18.1694484,-46.79841451,lagamar,MG
38790,-18.32507094,-45.79969793,sao goncalo do abaete,MG
38794,-18.38328231,-46.03463734,varjão de minas,MG
38800,-19.31786916,-46.05225401,sao gotardo,MG
38803,-19.36606114,-46.12142274,guarda dos ferreiros,MG
38805,-19.63457463,-45.95093279,santa rosa da serra,MG
38810,-19.19942371,-46.24321897,rio paranaiba,MG
38819,-19.67698928,-51.18893748,rio paranaiba,MG
38840,-18.99834542,-46.30935828,carmo do paranaiba,MG
38845,-18.85984656,-46.08601653,quintinos,MG
38860,-19.03641624,-46.15225105,arapua,MG
38870,-19.22229992,-45.96985524,matutina,MG
38880,-18.98590906,-45.95200911,tiros,MG
38900,-20.01516132,-45.97684756,bambui,MG
38910,-20.17220887,-45.71208159,iguatama,MG
38930,-19.99663124,-46.21976154,medeiros,MG
38950,-19.51503918,-46.56160824,ibia,MG
38960,-19.75193674,-46.38364818,pratinha,MG
38970,-19.69675757,-46.16985513,campos altos,MG
38980,-19.8887919,-46.02071324,tapirai,MG
38990,-19.82452944,-45.90600533,corrego danta,MG
39100,-18.24034794,-43.60050786,diamantina,MG
39110,-18.08843511,-43.74227172,sao joao da chapada,MG
39112,-17.81132756,-43.4217273,senador mourao,MG
39113,-17.69660994,-43.3317808,desembargador otoni,MG
39120,-18.47081367,-43.76101365,gouveia,MG
39130,-18.44727257,-43.65887137,datas,MG
39135,-18.61891522,-43.57392768,presidente kubitschek,MG
39140,-18.73744918,-43.37349462,alvorada de minas,MG
39150,-18.59836377,-43.38864461,serro,MG
39153,-18.41947377,-43.49541874,sao goncalo do rio das pedras,MG
39155,-18.47227263,-43.49692788,milho verde,MG
39160,-18.46289862,-43.30260666,santo antonio do itambe,MG
39165,-18.36254675,-43.17113698,serra azul de minas,MG
39170,-18.29387413,-43.00999621,rio vermelho,MG
39175,-21.35867651,-46.15054264,pedra menina,MG
39180,-18.0786794,-43.24697608,felício dos santos,MG
39185,-18.00378389,-43.3781259,sao goncalo do rio preto,MG
39188,-18.07186356,-43.47344026,couto de magalhaes de minas,MG
39190,-17.94862606,-43.22280024,senador modestino goncalves,MG
39200,-18.36578662,-44.45440193,corinto,MG
39205,-18.2081637,-45.22649667,tres marias,MG
39207,-18.25623,-45.06662,andrequice,MG
39210,-18.29686428,-44.22117019,santo hipolito,MG
39215,-18.32288326,-44.11810682,monjolos,MG
39219,-18.10884499,-44.26236843,augusto de lima,MG
39220,-18.1074725,-44.25980941,augusto de lima,MG
39230,-17.87467164,-44.17043728,buenópolis,MG
39237,-18.84451066,-44.86189781,felixlandia,MG
39238,-18.7112836,-45.15352142,felixlandia,MG
39240,-17.75809923,-44.16970606,joaquim felicio,MG
39243,-18.73190324,-44.36179467,inimutaba,MG
39245,-18.63762483,-44.05928097,presidente juscelino,MG
39248,-18.54301159,-44.60180935,morro da garca,MG
39250,-17.87045821,-44.60302746,lassance,MG
39260,-17.59807079,-44.74865349,varzea da palma,MG
39265,-19.86403177,-43.90641396,guaicui,MG
39270,-17.3408454,-44.93353414,pirapora,MG
39280,-17.36455568,-44.98464724,buritizeiro,MG
39290,-16.36619283,-45.07195303,sao romao,MG
39295,-16.94543324,-45.32339299,santa fe de minas,MG
39300,-15.9676072,-44.86176495,sao francisco,MG
39314,-15.31379115,-45.60962496,chapada gaucha,MG
39315,-16.12493569,-45.7407533,urucuia,MG
39317,-16.05307553,-45.14608784,pintopolis,MG
39318,-16.21519086,-44.90815185,icaraí de minas,MG
39320,-16.2898244,-44.78276817,ubai,MG
39325,-16.37489444,-45.01540335,bentópolis de minas,MG
39328,-16.6313387,-45.06422384,ponto chique,MG
39330,-16.21570643,-44.43394445,brasilia de minas,MG
39335,-15.99427172,-44.27738887,japonvar,MG
39336,-16.12097739,-44.58449305,luislândia,MG
39338,-16.50572829,-44.8116778,campo azul,MG
39340,-16.66033457,-44.34611615,coracao de jesus,MG
39344,-16.49865236,-44.26094481,luiz pires de minas,MG
39347,-16.4081329,-44.21771746,alvacao,MG
39350,-16.86254235,-44.88230094,ibiai,MG
39355,-16.8524875,-44.34732065,sao joao da lagoa,MG
39360,-16.98589935,-44.58980991,lagoa dos patos,MG
39363,-17.28499068,-43.94993245,engenheiro navarro,MG
39365,-16.5341439,-44.53053106,sao joao do pacui,MG
39370,-17.2287864,-44.4325204,jequitai,MG
39373,-16.25391576,-44.16432664,mirabela,MG
39378,-16.86498107,-44.06830281,patis,MG
39380,-17.04383628,-44.20608419,claro dos pocoes,MG
39385,-19.26384112,-45.24696004,vista alegre,MG
39387,-17.31334615,-44.23241696,francisco dumont,MG
39390,-17.11521217,-43.81287036,bocaiuva,MG
39397,-17.01367456,-43.67085608,guaraciama,MG
39398,-17.40160386,-43.57100545,olhos-d agua,MG
39400,-16.7219761,-43.86291364,montes claros,MG
39401,-16.72463312,-43.87247844,montes claros,MG
39402,-16.74032366,-43.84816627,montes claros,MG
39403,-16.75272521,-43.8718243,montes claros,MG
39404,-16.70290379,-43.83173842,montes claros,MG
39405,-16.70534849,-43.84589064,montes claros,MG
39406,-16.72222885,-43.83086103,montes claros,MG
39407,-16.73553867,-43.85947489,montes claros,MG
39408,-16.72757341,-43.88612955,montes claros,MG
39414,-20.92610017,-45.18822022,nova esperanca,MG
39416,-16.45149,-43.82176,vila nova de minas,MG
39417,-17.28546138,-43.95026443,engenheiro navarro,MG
39425,-16.08035837,-44.08046043,patis,MG
39430,-15.9338099,-44.00241609,são joão da ponte,MG
39437,-15.90154635,-44.30109216,lontra,MG
39440,-15.80776558,-43.30926775,janauba,MG
39442,-15.80139862,-43.31032547,janaúba,MG
39445,-15.84526102,-43.33364776,janauba,MG
39447,-15.82108286,-43.3000511,janaúba,MG
39450,-15.70337638,-44.02266877,varzelandia,MG
39455,-15.65894893,-44.15802205,ibiracatu,MG
39458,-15.59115194,-43.61018435,verdelandia,MG
39460,-14.75363866,-43.93965472,manga,MG
39465,-14.74908471,-44.41043684,miravania,MG
39467,-14.29710419,-44.16764169,juvenilia,MG
39470,-15.0966206,-44.10259566,itacarambi,MG
39472,-16.54343052,-43.74625377,capitao eneas,MG
39473,-16.04144176,-43.5541711,cacarema,MG
39475,-14.88167849,-44.08692784,sao joao das missoes,MG
39478,-14.85458312,-43.91983651,matias cardoso,MG
39480,-15.48342053,-44.37989416,januaria,MG
39489,-15.29676264,-44.41274124,conego marinho,MG
39490,-15.32333239,-44.75789991,bonito de minas,MG
39492,-15.60561491,-44.38398246,pedras de maria da cruz,MG
39495,-14.41678595,-44.38216216,montalvania,MG
39497,-14.5198155,-44.39484575,sao sebastiao dos pocoes,MG
39500,-15.15258508,-42.87098093,monte azul,MG
39505,-15.08289496,-43.11934977,gameleiras,MG
39508,-15.34079994,-43.67233214,jaiba,MG
39510,-14.92365416,-42.81309249,espinosa,MG
39516,-15.04772533,-42.95198581,mamonas,MG
39517,-15.53158343,-43.06818539,pai pedro,MG
39518,-15.80955459,-42.8713843,serranopolis de minas,MG
39520,-15.74282813,-43.02806964,porteirinha,MG
39523,-15.65488514,-43.06540778,tocandira,MG
39525,-15.80314168,-43.30109867,nova porteirinha,MG
39526,-15.36473822,-42.98034473,catuti,MG
39527,-15.39316055,-42.86084368,mato verde,MG
39529,-16.00340434,-43.04653081,riacho dos machados,MG
39530,-15.61783433,-42.54211547,rio pardo de minas,MG
39535,-15.39826251,-42.30841556,vargem grande do rio pardo,MG
39536,-15.50716027,-42.21358324,indaiabira,MG
39538,-16.2920942,-43.1566294,santo antonio do retiro,MG
39540,-15.31592844,-42.01834163,sao joao do paraiso,MG
39547,-15.17132216,-42.50033605,montezuma,MG
39550,-15.81221525,-42.22709529,taiobeiras,MG
39553,-15.328528,-41.73974,ninheira,MG
39555,-15.62034223,-41.74589224,berizal,MG
39558,-16.11615321,-42.5303298,fruta de leite,MG
39560,-16.16433035,-42.2932535,salinas,MG
39563,-16.08859929,-41.75165574,santa cruz de salinas,MG
39565,-16.40558187,-42.26188344,rubelita,MG
39568,-16.01237566,-42.41555287,novorizonte,MG
39569,-15.91788825,-41.80101318,curral de dentro,MG
39570,-16.51556201,-42.86026572,grão mogol,MG
39573,-16.34720854,-42.53107584,padre carvalho,MG
39575,-16.54498687,-42.51625993,josenopolis,MG
39580,-16.48776405,-43.41749961,francisco sa,MG
39585,-16.24005084,-43.27495486,catuni,MG
39590,-16.84587232,-43.58804521,juramento,MG
39592,-16.85055385,-43.69726387,glaucilandia,MG
39594,-17.05940675,-43.31691184,itacambira,MG
39596,-16.86530871,-42.99565645,botumirim,MG
39597,-0.93317933,-48.27988549,adao colares,MG
39598,-16.71906809,-42.86502743,cristalia,MG
39600,-16.8823388,-42.08993711,aracuai,MG
39602,-17.00799306,-42.07393083,engenheiro schnoor,MG
39610,-16.60751538,-41.77097186,itinga,MG
39615,-16.75951877,-41.49681224,ponto dos volantes,MG
39620,-16.22741265,-41.47835277,medina,MG
39623,-19.89323733,-43.98630468,tuparece,MG
39625,-16.55830188,-41.50318894,itaobim,MG
39628,-16.29716679,-41.79417307,comercinho,MG
39629,-16.19207982,-41.72616773,agua branca de minas,MG
39630,-16.79875682,-42.33631363,virgem da lapa,MG
39635,-16.61347117,-42.18257757,coronel murta,MG
39640,-16.92276741,-42.47847501,berilo,MG
39642,-16.90451302,-42.61091528,jose goncalves de minas,MG
39644,-17.01008125,-42.34995852,francisco badaro,MG
39645,-17.09007627,-42.25089176,jenipapo de minas,MG
39648,-17.09548504,-42.53427733,chapada do norte,MG
39650,-17.22409325,-42.58529213,minas novas,MG
39655,-17.08606697,-42.70357066,leme do prado,MG
39660,-17.29974989,-42.73241021,turmalina,MG
39662,-17.2575,-43.04361,cacaratiba,MG
39663,-17.40138009,-42.73327629,veredinha,MG
39664,-21.77059918,-43.35523022,mendonca,MG
39665,-17.5355834,-43.01602044,carbonita,MG
39670,-17.86028017,-42.86198587,itamarandiba,MG
39678,-17.86801588,-42.5561088,aricanduva,MG
39680,-17.69608108,-42.51645735,capelinha,MG
39685,-17.7290054,-42.27034823,angelândia,MG
39688,-17.60156199,-42.14904598,setubinha,MG
39690,-17.8476977,-42.08084859,malacacheta,MG
39695,-17.95978787,-42.00800363,franciscopolis,MG
39700,-18.54558607,-42.56117021,pecanha,MG
39703,-18.53054293,-42.62287486,cantagalo,MG
39704,-20.07437978,-42.82067382,sao geraldo do baguari,MG
39705,-18.54616815,-42.7655924,sao joao evangelista,MG
39706,-18.62338279,-46.50887358,nelson de sena,MG
39707,-18.27731994,-42.67226531,sao jose do jacuri,MG
39708,-18.16889636,-42.76707456,frei lagonegro,MG
39710,-18.62002742,-42.28266786,coroaci,MG
39711,-19.93140931,-41.69191043,conceição de tronqueiras,MG
39715,-18.47465408,-42.30960134,virgolandia,MG
39716,-18.47465737,-42.30815462,virgolandia,MG
39718,-18.45577096,-42.24910442,nacip raydan,MG
39720,-18.82498306,-42.48041873,gonzaga,MG
39723,-19.16163352,-42.50429852,sao geraldo da piedade,MG
39725,-18.82790783,-42.43907926,santa efigenia de minas,MG
39728,-18.78192023,-42.36724228,sardoa,MG
39730,-18.81386794,-42.70136229,virginopolis,MG
39735,-18.79752832,-42.60656358,divinolandia de minas,MG
39740,-18.77576518,-42.931662,guanhaes,MG
39741,-18.67874552,-42.77572758,correntinho,MG
39742,-18.84700958,-42.77593986,sapucaia de guanhaes,MG
39745,-18.90653246,-43.08123666,senhora do porto,MG
39750,-18.66724715,-43.08180257,sabinopolis,MG
39755,-18.47285425,-43.0594867,materlandia,MG
39765,-18.43509568,-42.86911143,paulistas,MG
39770,-18.23209472,-42.83986477,coluna,MG
39775,-18.23268174,-42.49095493,jose raydan,MG
39780,-18.19089686,-42.4114858,santa maria do suacui,MG
39784,-18.35755405,-42.5972306,sao pedro do suacui,MG
39785,-18.3199428,-42.14262778,são josé da safira,MG
39790,-17.97817513,-42.39248471,agua boa,MG
39795,-18.08887956,-42.57003446,sao sebastiao do maranhao,MG
39800,-17.85441483,-41.50866977,teófilo otoni,MG
39801,-17.8580653,-41.49527921,teofilo otoni,MG
39802,-17.87141135,-41.49969515,teofilo otoni,MG
39803,-17.87722817,-41.50822435,teofilo otoni,MG
39804,-17.85745409,-41.51935392,teofilo otoni,MG
39807,-21.7817327,-43.34156349,topazio,MG
39809,-18.90519769,-42.7470177,pedro versiani,MG
39810,-17.18743057,-41.69740309,carai,MG
39812,-9.290888362,-44.95442286,ponto do marambaia,MG
39813,-17.15821115,-41.56501492,marambainha,MG
39814,-17.42958807,-41.00017999,pavao,MG
39815,-17.40046454,-41.66987508,itaipe,MG
39816,-17.10773988,-41.66224008,catuji,MG
39817,-17.41272854,-41.21959276,novo oriente de minas,MG
39818,-17.07414012,-41.48690538,padre paraiso,MG
39820,-17.46007646,-41.88544114,novo cruzeiro,MG
39823,-17.27582858,-42.01499171,queixada,MG
39825,-17.63160412,-41.74684051,ladainha,MG
39826,-17.67972,-41.87639,concordia de mucuri,MG
39827,-17.80501033,-41.78755286,pote,MG
39830,-18.03760942,-41.6823682,itambacuri,MG
39835,-18.24000323,-41.72805532,campanario,MG
39837,-18.4779282,-41.78336365,jampruca,MG
39840,-18.07282116,-41.48887756,frei gaspar,MG
39848,-18.48014863,-41.3871753,sao jose do divino,MG
39850,-18.05755085,-41.13523097,ataleia,MG
39855,-18.06957245,-41.27328437,ouro verde de minas,MG
39860,-17.84408126,-40.34915577,nanuque,MG
39862,-18.18035005,-40.91364336,vila pereira,MG
39864,-17.65699803,-40.87131265,carlos chagas,MG
39865,-17.69938071,-40.76584263,presidente pena,MG
39866,-17.91,-41.01361,epaminondas otoni,MG
39868,-17.78190691,-40.24484724,serra dos aimores,MG
39870,-16.89144643,-40.91772792,fronteira dos vales,MG
39873,-17.07685705,-40.71818089,machacalis,MG
39874,-16.93762367,-40.68427534,santa helena de minas,MG
39875,-17.02740975,-40.55576147,bertopolis,MG
39878,-17.2617032,-40.59270094,umburatiba,MG
39880,-17.08220127,-40.93919981,aguas formosas,MG
39885,-17.26013898,-41.00688276,crisolita,MG
39888,-19.76161013,-43.84992225,nova santa luzia,MG
39890,-16.66919902,-41.02548569,joaima,MG
39893,-16.86333701,-41.25492548,monte formoso,MG
39895,-16.64196341,-40.76032202,felisburgo,MG
39900,-16.1762876,-40.69302961,almenara,MG
39912,-15.72191659,-41.00289388,divisopolis,MG
39915,-15.69029183,-40.73844595,mata verde,MG
39917,-15.8857977,-40.56228302,bandeira,MG
39920,-15.89509052,-40.18811178,jordania,MG
39923,-22.67508592,-46.11752715,estrela de jordânia,MG
39925,-16.00544805,-39.95457985,salto da divisa,MG
39928,-16.25095464,-40.14959666,santa maria do salto,MG
39930,-16.15620694,-40.29470991,jacinto,MG
39931,-16.14535827,-40.29688843,avaí do jacinto,MG
39935,-16.53460228,-40.19046461,santo antonio do jacinto,MG
39940,-16.65113122,-40.56767527,rio do prado,MG
39945,-16.74456483,-40.41430611,palmopolis,MG
39948,-16.84127983,-40.31872019,dois de abril,MG
39950,-16.383871,-40.53588547,rubim,MG
39955,-16.51993183,-40.44447454,itapiru,MG
39960,-16.44033619,-41.00918512,jequitinhonha,MG
39970,-15.99474173,-41.27255705,pedra azul,MG
39980,-15.96250918,-41.48840323,cachoeira de pajeú,MG
39990,-15.65536697,-41.48139622,aguas vermelhas,MG
39995,-15.72592038,-41.3414846,divisa alegre,MG
39999,-15.52681816,-41.49423151,aguas vermelhas,MG
40010,-12.97023443,-38.51229527,salvador,BA
40015,-12.96432062,-38.49306701,salvador,BA
40020,-12.97574516,-38.51274343,salvador,BA
40024,-12.97766466,-38.51456157,salvador,BA
40025,-12.97176983,-38.50662805,salvador,BA
40040,-12.97852318,-38.50952312,salvador,BA
40045,-12.97269899,-38.50518327,salvador,BA
40050,-12.977804,-38.50437247,salvador,BA
40055,-12.97128134,-38.50102408,salvador,BA
40060,-12.98253492,-38.51697656,salvador,BA
40070,-12.98514638,-38.51371486,salvador,BA
40080,-12.98830216,-38.52130534,salvador,BA
40081,-12.99511793,-38.52755375,salvador,BA
40100,-12.99155125,-38.51479858,salvador,BA
40105,-12.99322327,-38.50891503,salvador,BA
40110,-12.99318568,-38.5214564,salvador,BA
40130,-13.00262875,-38.52870782,salvador,BA
40140,-13.00511809,-38.52312762,salvador,BA
40150,-12.99779141,-38.52110269,salvador,BA
40155,-13.00444589,-38.51820628,salvador,BA
40157,-13.00235203,-38.51932693,salvador,BA
40170,-13.00803475,-38.51072761,salvador,BA
40210,-13.00127187,-38.50940463,salvador,BA
40213,-12.99643817,-38.51014042,salvador,BA
40215,-12.98610192,-38.47541683,salvador,BA
40220,-12.99949082,-38.49230065,salvador,BA
40221,-13.00342514,-38.49564202,salvador,BA
40223,-13.00275266,-38.49901974,salvador,BA
40226,-13.00174208,-38.51398087,salvador,BA
40230,-12.99691444,-38.50292651,salvador,BA
40231,-12.99645997,-38.50441512,salvador,BA
40240,-12.9891331,-38.49942806,salvador,BA
40241,-12.98036451,-38.49698047,salvador,BA
40243,-12.97940114,-38.49741793,salvador,BA
40245,-12.9862542,-38.50429298,salvador,BA
40250,-12.97915552,-38.49057917,salvador,BA
40251,-12.97658463,-38.49065607,salvador,BA
40252,-12.98153738,-38.49150149,salvador,BA
40253,-12.98217057,-38.48743931,salvador,BA
40254,-12.98068796,-38.48918798,salvador,BA
40255,-12.97380783,-38.49616834,salvador,BA
40260,-12.9733932,-38.49261349,salvador,BA
40265,-12.974642,-38.48108153,salvador,BA
40270,-12.97126931,-38.48783575,salvador,BA
40275,-12.97889757,-38.4667665,salvador,BA
40276,-12.98306059,-38.47948946,salvador,BA
40279,-12.98597066,-38.47172456,salvador,BA
40280,-12.98508184,-38.47140635,salvador,BA
40283,-12.98609619,-38.49119568,salvador,BA
40285,-12.98891888,-38.4881102,salvador,BA
40286,-12.99132291,-38.48607192,salvador,BA
40290,-12.99298105,-38.4924979,salvador,BA
40295,-12.99844744,-38.48687707,salvador,BA
40296,-12.99422964,-38.4805349,salvador,BA
40300,-12.96458598,-38.49564128,salvador,BA
40301,-12.9656184,-38.50132173,salvador,BA
40302,-12.9657315,-38.49597193,salvador,BA
40310,-12.95948513,-38.48138282,salvador,BA
40313,-12.9640759,-38.48625681,salvador,BA
40314,-12.95896575,-38.48672825,salvador,BA
40315,-12.96584499,-38.4820727,salvador,BA
40318,-12.96124177,-38.48818394,salvador,BA
40320,-12.95873654,-38.4927747,salvador,BA
40321,-12.95847891,-38.49176527,salvador,BA
40323,-12.95789043,-38.4869351,salvador,BA
40325,-12.95088485,-38.48988624,salvador,BA
40327,-12.94592973,-38.49181301,salvador,BA
40330,-12.95277631,-38.48075491,salvador,BA
40335,-12.94895365,-38.48720805,salvador,BA
40340,-12.95165832,-38.48327307,salvador,BA
40342,-12.95012534,-38.48424065,salvador,BA
40349,-12.93282793,-38.48205782,salvador,BA
40350,-12.94659608,-38.47635674,salvador,BA
40352,-12.93629073,-38.47887606,salvador,BA
40353,-12.94409428,-38.47392859,salvador,BA
40354,-12.94579714,-38.47799749,salvador,BA
40355,-12.92575159,-38.48046402,salvador,BA
40357,-12.94545423,-38.47616516,salvador,BA
40365,-12.95254604,-38.48527215,salvador,BA
40366,-12.94626571,-38.48752017,salvador,BA
40367,-12.94556043,-38.49311107,salvador,BA
40368,-12.94785257,-38.49234456,salvador,BA
40370,-12.9443147,-38.48759771,salvador,BA
40375,-12.9486628,-38.49355774,salvador,BA
40385,-12.92787749,-38.47813331,salvador,BA
40386,-12.92268597,-38.47791356,salvador,BA
40387,-12.92672671,-38.4795023,salvador,BA
40390,-12.93573931,-38.47640311,salvador,BA
40391,-12.93307718,-38.47903051,salvador,BA
40393,-12.93767892,-38.4854474,salvador,BA
40394,-12.91622082,-38.48236786,salvador,BA
40396,-12.88409321,-38.43363937,salvador,BA
40410,-12.9447174,-38.49642027,salvador,BA
40411,-12.9463066,-38.50085184,salvador,BA
40414,-12.93217666,-38.51165579,salvador,BA
40415,-12.92639884,-38.50714269,salvador,BA
40420,-12.91711678,-38.49795064,salvador,BA
40421,-12.91733526,-38.49626826,salvador,BA
40425,-12.92819722,-38.51333191,salvador,BA
40430,-12.93205889,-38.49761588,salvador,BA
40433,-12.94479348,-38.3671032,salvador,BA
40435,-12.92697593,-38.49214855,salvador,BA
40436,-12.93502107,-38.47228335,salvador,BA
40440,-12.92935958,-38.50345722,salvador,BA
40444,-12.93644562,-38.49932885,salvador,BA
40445,-12.94117302,-38.50244957,salvador,BA
40450,-12.93545274,-38.4962025,salvador,BA
40451,-12.93463877,-38.49038975,salvador,BA
40454,-12.93201751,-38.49342852,salvador,BA
40455,-12.9335009,-38.50245663,salvador,BA
40460,-12.95848965,-38.50286744,salvador,BA
40470,-12.91438484,-38.48303595,salvador,BA
40480,-12.92021118,-38.47675134,salvador,BA
40483,-12.92086528,-38.48206212,salvador,BA
40484,-12.91033982,-38.47479799,salvador,BA
40487,-12.92837112,-38.48305371,salvador,BA
40490,-12.90126622,-38.47790708,salvador,BA
40710,-12.90752518,-38.48447687,salvador,BA
40711,-12.88655886,-38.46668518,salvador,BA
40713,-12.89487432,-38.48336137,salvador,BA
40715,-12.89058621,-38.47030584,salvador,BA
40717,-12.89711608,-38.48268011,salvador,BA
40718,-12.89674304,-38.48000491,salvador,BA
40720,-12.88720434,-38.45817011,salvador,BA
40725,-12.88440873,-38.47354696,salvador,BA
40726,-12.88442108,-38.43928288,salvador,BA
40730,-12.89202636,-38.45938456,salvador,BA
40731,-12.8956285,-38.43876696,salvador,BA
40735,-12.89369434,-38.47717876,salvador,BA
40740,-12.862953,-38.4721785,salvador,BA
40750,-12.87992751,-38.46675748,salvador,BA
40760,-12.86602746,-38.46442925,salvador,BA
40800,-12.88585462,-38.46790141,salvador,BA
40810,-12.85846586,-38.47666361,salvador,BA
40820,-12.88118683,-38.46529408,salvador,BA
40830,-12.9691737,-38.4853132,salvador,BA
41100,-12.96938794,-38.46653902,salvador,BA
41110,-12.9711432,-38.46111887,salvador,BA
41120,-12.97015017,-38.46119903,salvador,BA
41130,-12.96552394,-38.45060902,salvador,BA
41150,-12.95860729,-38.46743732,salvador,BA
41152,-12.95650354,-38.45489469,salvador,BA
41180,-12.95962565,-38.44890385,salvador,BA
41181,-12.95372559,-38.43949488,salvador,BA
41185,-12.94673461,-38.45149216,salvador,BA
41190,-12.93795987,-38.46735777,salvador,BA
41192,-12.95692441,-38.44850032,salvador,BA
41194,-12.96229823,-38.43983741,salvador,BA
41195,-12.9445926,-38.45712036,salvador,BA
41197,-12.94825994,-38.46157047,salvador,BA
41200,-12.94785732,-38.46109466,salvador,BA
41204,-12.93984932,-38.46791889,salvador,BA
41205,-12.9308824,-38.44506047,salvador,BA
41207,-12.942098,-38.44987788,salvador,BA
41210,-12.9493269,-38.4483952,salvador,BA
41211,-12.94692537,-38.44323888,salvador,BA
41213,-12.93906193,-38.43835286,salvador,BA
41214,-12.93043504,-38.44304342,salvador,BA
41215,-12.93722422,-38.43733989,salvador,BA
41217,-12.93979983,-38.45309462,salvador,BA
41218,-12.94423057,-38.43749527,salvador,BA
41219,-12.92979422,-38.45077888,salvador,BA
41220,-12.95874719,-38.47774622,salvador,BA
41225,-12.93271125,-38.46165014,salvador,BA
41227,-12.93421289,-38.4676217,salvador,BA
41230,-12.91881539,-38.45026383,salvador,BA
41231,-12.91717718,-38.44254312,salvador,BA
41233,-12.90921997,-38.45331232,salvador,BA
41235,-12.92169387,-38.4426669,salvador,BA
41245,-12.91551481,-38.44014018,salvador,BA
41247,-12.91546524,-38.44592826,salvador,BA
41250,-12.93357802,-38.42775083,salvador,BA
41253,-12.9364605,-38.43620429,salvador,BA
41260,-12.92712773,-38.4189574,salvador,BA
41262,-12.92780038,-38.40720492,salvador,BA
41270,-12.9234389,-38.46334608,salvador,BA
41275,-12.91732516,-38.46557303,salvador,BA
41280,-12.91189629,-38.4639697,salvador,BA
41285,-12.9153259,-38.47098758,salvador,BA
41290,-12.90693109,-38.45853555,salvador,BA
41291,-12.94952659,-38.4648586,salvador,BA
41295,-12.89769148,-38.46315987,salvador,BA
41297,-12.90214713,-38.46734921,salvador,BA
41300,-12.86329125,-38.43541225,salvador,BA
41301,-12.88071908,-38.43764529,salvador,BA
41305,-12.89475664,-38.44992558,salvador,BA
41306,-12.93524156,-38.48467159,salvador,BA
41307,-12.94162268,-38.4647357,salvador,BA
41308,-12.8725077,-38.42809558,salvador,BA
41310,-12.89354836,-38.4322902,salvador,BA
41311,-12.89924859,-38.43800687,salvador,BA
41315,-12.90343511,-38.4465265,salvador,BA
41320,-12.90413528,-38.43779831,salvador,BA
41321,-12.90362845,-38.43300636,salvador,BA
41322,-12.90313683,-38.42986704,salvador,BA
41330,-12.89996196,-38.4212275,salvador,BA
41333,-12.89110429,-38.43492649,salvador,BA
41334,-12.94779733,-38.44295893,salvador,BA
41335,-12.89414121,-38.42113467,salvador,BA
41336,-12.91387424,-38.43155866,salvador,BA
41337,-12.92358837,-38.43359194,salvador,BA
41338,-12.89963654,-38.41453298,salvador,BA
41339,-12.89356939,-38.40788238,salvador,BA
41340,-12.89406506,-38.40870824,salvador,BA
41341,-12.88601938,-38.4129079,salvador,BA
41342,-12.90198791,-38.40540239,salvador,BA
41343,-12.90341895,-38.40196827,salvador,BA
41345,-12.91008941,-38.41094009,salvador,BA
41349,-12.90731039,-38.459388,salvador,BA
41350,-12.91945445,-38.41008202,salvador,BA
41351,-12.90053132,-38.39962992,salvador,BA
41370,-12.9146143,-38.42055012,salvador,BA
41385,-12.91487772,-38.43295921,salvador,BA
41386,-12.91660318,-38.43365497,salvador,BA
41387,-12.94434418,-38.47502916,salvador,BA
41388,-12.91221389,-38.39993241,salvador,BA
41390,-12.91260546,-38.44067807,salvador,BA
41400,-12.98782841,-38.48307734,salvador,BA
41402,-12.96513879,-38.49593788,salvador,BA
41410,-12.97561167,-38.4346443,salvador,BA
41480,-12.91766239,-38.37697501,salvador,BA
41483,-12.92970922,-38.38568882,salvador,BA
41490,-12.91127002,-38.39472971,salvador,BA
41500,-12.91778088,-38.39181472,salvador,BA
41502,-12.89962522,-38.35575656,salvador,BA
41505,-12.87322012,-38.40272165,salvador,BA
41510,-12.9046361,-38.36752174,salvador,BA
41515,-12.92953874,-38.37417872,salvador,BA
41520,-12.9134476,-38.33498496,salvador,BA
41590,-12.9996592,-38.46191866,salvador,BA
41600,-12.93553673,-38.33946865,salvador,BA
41603,-12.92671994,-38.3206912,salvador,BA
41610,-12.94309824,-38.36618668,salvador,BA
41611,-12.93468825,-38.3651484,salvador,BA
41612,-12.94678523,-38.37553079,salvador,BA
41613,-12.95750511,-38.39480935,salvador,BA
41615,-12.94047914,-38.37260895,salvador,BA
41620,-12.94468879,-38.35952392,salvador,BA
41630,-12.92696277,-38.37650936,salvador,BA
41635,-12.93404878,-38.35925966,salvador,BA
41640,-12.9444792,-38.36560611,salvador,BA
41650,-12.94558353,-38.38168605,salvador,BA
41651,-12.95260853,-38.39016977,salvador,BA
41680,-12.94767723,-38.40466221,salvador,BA
41681,-12.96190846,-38.40685449,salvador,BA
41701,-12.94042124,-38.40330192,salvador,BA
41705,-12.97492898,-38.42761733,salvador,BA
41706,-12.9755527,-38.4289994,salvador,BA
41710,-12.97497287,-38.42889725,salvador,BA
41717,-12.8765016,-38.33557393,lauro de freitas,BA
41720,-12.96965819,-38.43468399,salvador,BA
41730,-12.93574197,-38.3768347,salvador,BA
41740,-12.96227423,-38.41011167,salvador,BA
41741,-12.96822719,-38.41547888,salvador,BA
41745,-12.94006578,-38.41789976,salvador,BA
41750,-12.98351164,-38.43766595,salvador,BA
41760,-12.9919883,-38.4460187,salvador,BA
41770,-12.98290631,-38.44745649,salvador,BA
41800,-12.98735915,-38.46659714,salvador,BA
41810,-12.99258817,-38.45396828,salvador,BA
41815,-12.9939501,-38.46646071,salvador,BA
41820,-12.98280609,-38.45808624,salvador,BA
41825,-12.99418694,-38.46509712,salvador,BA
41830,-13.00207262,-38.46302359,salvador,BA
41900,-13.01178589,-38.47151631,salvador,BA
41905,-13.0033832,-38.47479561,salvador,BA
41906,-12.99017585,-38.46428968,salvador,BA
41915,-13.00235106,-38.47814349,salvador,BA
41920,-13.00389798,-38.48027714,salvador,BA
41925,-12.99952572,-38.47484734,salvador,BA
41927,-12.98391028,-38.47425391,salvador,BA
41940,-13.0099747,-38.48646477,salvador,BA
41941,-13.01266202,-38.47951719,salvador,BA
41950,-13.00920466,-38.49489345,salvador,BA
41970,-13.00205423,-38.50359638,salvador,BA
41980,-13.01014683,-38.49550722,salvador,BA
42600,-12.74167931,-38.61348184,madre de deus,BA
42700,-12.88379843,-38.31373848,lauro de freitas,BA
42701,-12.88577489,-38.31217284,lauro de freitas,BA
42702,-12.88954252,-38.31484979,lauro de freitas,BA
42703,-12.89263946,-38.32387367,lauro de freitas,BA
42704,-12.89927333,-38.31695343,lauro de freitas,BA
42705,-12.89719479,-38.31022113,lauro de freitas,BA
42706,-12.8989925,-38.30320228,lauro de freitas,BA
42707,-12.89184138,-38.29805816,lauro de freitas,BA
42708,-12.88352497,-38.29787985,lauro de freitas,BA
42709,-12.87743025,-38.29540628,lauro de freitas,BA
42710,-12.87405546,-38.29034967,lauro de freitas,BA
42711,-12.87250355,-38.32006902,lauro de freitas,BA
42712,-12.88223551,-38.3159222,lauro de freitas,BA
42713,-12.86688298,-38.30385141,lauro de freitas,BA
42714,-12.86946517,-38.30415172,lauro de freitas,BA
42717,-12.87484033,-38.333019,lauro de freitas,BA
42721,-12.88821758,-38.33855662,lauro de freitas,BA
42722,-12.88618518,-38.34156105,lauro de freitas,BA
42733,-12.84139018,-38.33842602,lauro de freitas,BA
42738,-12.89316675,-38.33787463,lauro de freitas,BA
42739,-12.89549336,-38.34459864,lauro de freitas,BA
42740,-12.88526779,-38.35143444,lauro de freitas,BA
42800,-12.70193586,-38.32433257,camacari,BA
42801,-12.71329133,-38.31363248,camacari,BA
42802,-12.71036907,-38.31686945,camacari,BA
42803,-12.71194872,-38.3209908,camacari,BA
42804,-12.71775582,-38.32788051,camacari,BA
42805,-12.70989251,-38.33350774,camacari,BA
42806,-12.70325695,-38.333687,camacari,BA
42807,-12.6942617,-38.33311598,camacari,BA
42808,-12.69012995,-38.33171728,camacari,BA
42809,-12.69458077,-38.3227147,camaçari,BA
42810,-12.66502843,-38.30595663,camacari,BA
42820,-12.62560567,-38.07457284,monte gordo,BA
42827,-12.660831,-38.0909115,camacari,BA
42833,-11.86952488,-40.21960571,barra do jacuipe,BA
42835,-12.72484465,-38.2163896,arembepe,BA
42840,-12.82974057,-38.26498569,abrantes,BA
42841,-12.84995914,-38.27847949,catu de abrantes,BA
42849,-12.76413457,-38.32269381,camacari,BA
42850,-12.61338162,-38.30107302,dias d'avila,BA
43700,-12.79210239,-38.39277245,simões filho,BA
43805,-12.67149264,-38.54446985,candeias,BA
43806,-12.83825398,-38.73201538,candeias,BA
43810,-12.89300536,-38.7567183,candeias,BA
43813,-12.66404903,-38.50139021,candeias,BA
43815,-12.66738666,-38.53707882,candeias,BA
43820,-12.67302232,-38.53929142,candeias,BA
43825,-12.85540599,-38.7164245,candeias,BA
43840,-12.72945989,-38.52536209,passé,BA
43843,-12.71340781,-38.45152966,menino jesus,BA
43845,-12.7342,-38.446635,passagem dos teixeiras,BA
43850,-12.49983116,-38.75298411,sao sebastiao do passe,BA
43900,-12.62360095,-38.67296877,sao francisco do conde,BA
44001,-12.25629613,-38.96074777,feira de santana,BA
44002,-12.25320569,-38.96764393,feira de santana,BA
44003,-12.26573971,-38.95984351,feira de santana,BA
44004,-12.26658402,-38.96690014,feira de santana,BA
44005,-12.26782059,-38.97215817,feira de santana,BA
44006,-12.27531357,-38.97623736,feira de santana,BA
44007,-12.26276728,-38.98091654,feira de santana,BA
44008,-12.25186017,-38.9712934,feira de santana,BA
44009,-12.24760335,-38.9762151,feira de santana,BA
44010,-12.27967877,-38.96632171,feira de santana,BA
44013,-12.28482875,-38.98586423,feira de santana,BA
44018,-12.24563665,-38.97030335,feira de santana,BA
44019,-12.24789333,-38.98842651,feira de santana,BA
44020,-12.23927418,-38.96828124,feira de santana,BA
44021,-12.24186216,-38.97272215,feira de santana,BA
44022,-12.24465242,-38.97439386,feira de santana,BA
44023,-12.25094797,-38.97619599,feira de santana,BA
44024,-12.24427413,-38.97961323,feira de santana,BA
44025,-12.24728934,-38.98931137,feira de santana,BA
44028,-12.2375893,-38.9793244,feira de santana,BA
44030,-12.22033521,-38.99636585,feira de santana,BA
44031,-12.22218944,-38.98453678,feira de santana,BA
44032,-12.224876,-38.97179619,feira de santana,BA
44033,-12.22024756,-38.97351052,feira de santana,BA
44034,-12.20783144,-38.9695159,feira de santana,BA
44035,-12.19426189,-38.98818405,feira de santana,BA
44036,-12.18564863,-38.96255857,feira de santana,BA
44038,-12.23471621,-38.95185389,feira de santana,BA
44042,-12.21562724,-38.9960315,feira de santana,BA
44043,-12.2433455,-38.94369275,feira de santana,BA
44044,-12.21015465,-38.99026655,feira de santana,BA
44045,-12.24842582,-38.94855377,feira de santana,BA
44046,-12.19596033,-38.99462974,feira de santana,BA
44050,-12.24049341,-38.95867852,feira de santana,BA
44051,-12.24192707,-38.95090181,feira de santana,BA
44052,-12.24460887,-38.94374724,feira de santana,BA
44053,-12.22939109,-38.95947142,feira de santana,BA
44054,-12.21739517,-38.95930838,feira de santana,BA
44055,-12.20845242,-38.96274892,feira de santana,BA
44056,-12.22488532,-38.94960697,feira de santana,BA
44057,-12.21910281,-38.93840043,feira de santana,BA
44059,-12.20428682,-38.94516504,feira de santana,BA
44061,-12.21538407,-38.95726367,feira de santana,BA
44062,-12.26775156,-38.95655175,feira de santana,BA
44063,-12.28058758,-38.9589513,feira de santana,BA
44065,-12.23497446,-38.93821517,feira de santana,BA
44066,-12.23124486,-38.93501471,feira de santana,BA
44067,-12.23562569,-38.92583163,feira de santana,BA
44070,-12.26395847,-38.9430322,feira de santana,BA
44071,-12.24200244,-38.91813952,feira de santana,BA
44072,-12.23392509,-38.90582466,feira de santana,BA
44073,-12.24387,-38.890215,feira de santana,BA
44075,-12.25348288,-38.95122397,feira de santana,BA
44076,-12.25812844,-38.94443426,feira de santana,BA
44077,-12.2625664,-38.9404071,feira de santana,BA
44078,-12.2669613,-38.93310598,feira de santana,BA
44079,-12.26171575,-38.92977608,feira de santana,BA
44082,-12.25941135,-38.93219778,feira de santana,BA
44085,-12.24822298,-38.92054041,feira de santana,BA
44086,-12.25333301,-38.90867501,feira de santana,BA
44088,-12.26961412,-38.9507304,feira de santana,BA
44089,-12.26764699,-38.94343629,feira de santana,BA
44090,-12.28195678,-38.9567388,feira de santana,BA
44091,-12.29215087,-38.9518751,feira de santana,BA
44092,-12.29931496,-38.95211026,feira de santana,BA
44094,-12.27698967,-38.9464877,feira de santana,BA
44095,-12.28781804,-38.93953639,feira de santana,BA
44096,-12.29522929,-38.91732056,feira de santana,BA
44097,-12.31218238,-38.89599264,feira de santana,BA
44150,-11.95724901,-38.97336895,santa barbara,BA
44160,-11.97464832,-39.10634025,tanquinho,BA
44180,-12.43769268,-39.12045662,antonio cardoso,BA
44190,-12.43421153,-39.25306257,santo estevao,BA
44200,-12.55087711,-38.70647865,santo amaro,BA
44218,-12.6617753,-38.75132891,acupe,BA
44220,-12.74340533,-38.76874492,saubara,BA
44230,-12.40107439,-38.75449544,amelia rodrigues,BA
44245,-12.31965705,-38.77452251,conceicao do jacuipe,BA
44250,-12.22914287,-38.75779409,coracao de maria,BA
44255,-12.0441299,-38.76564682,irara,BA
44260,-12.02477131,-38.8661066,santanópolis,BA
44270,-12.40405625,-38.62145681,terra nova,BA
44280,-12.3040987,-38.64073809,teodoro sampaio,BA
44300,-12.59626102,-38.96863573,cachoeira,BA
44320,-12.48812849,-38.99303417,conceicao da feira,BA
44330,-12.42910212,-38.94798027,sao goncalo dos campos,BA
44340,-12.62242375,-38.98946847,muritiba,BA
44345,-12.56182548,-39.18154,cabaceiras do paraguacu,BA
44350,-12.60116106,-39.0458247,governador mangabeira,BA
44360,-12.60696834,-38.96928936,são félix,BA
44380,-12.67024638,-39.10327747,cruz das almas,BA
44400,-13.02471867,-39.00732926,nazare,BA
44420,-12.7818366,-38.91586725,maragogipe,BA
44428,-23.51430255,-47.13083936,sao roque do paraguacu,BA
44450,-12.87408136,-38.76046375,salinas da margarida,BA
44460,-12.89832448,-38.66868382,itaparica,BA
44470,-12.98550395,-38.64129637,vera cruz,BA
44480,-13.10238217,-38.88580389,jaguaripe,BA
44490,-13.0730632,-38.9939331,aratuipe,BA
44500,-12.76647899,-39.42239071,castro alves,BA
44520,-12.44088027,-39.50426194,rafael jambeiro,BA
44530,-12.73140949,-39.18745335,sapeaçu,BA
44540,-12.77865721,-39.16731771,conceicao do almeida,BA
44550,-12.84603125,-39.08989717,são felipe,BA
44560,-12.90613793,-39.19207626,dom macedo costa,BA
44565,-12.97589257,-39.39527332,varzedo,BA
44570,-12.97346283,-39.26756879,santo antonio de jesus,BA
44571,-12.96717647,-39.24311392,santo antonio de jesus,BA
44572,-12.93901873,-39.26013131,santo antonio de jesus,BA
44573,-12.96192092,-39.24847898,santo antonio de jesus,BA
44574,-12.97029085,-39.25141314,santo antonio de jesus,BA
44575,-13.00326457,-39.09796397,muniz ferreira,BA
44580,-13.04765693,-39.454394,são miguel das matas,BA
44590,-12.74571265,-39.52031552,santa terezinha,BA
44600,-12.15453393,-39.74046054,ipira,BA
44610,-11.81246636,-39.90706127,pintadas,BA
44620,-11.96147262,-40.16778906,baixa grande,BA
44630,-11.71051037,-40.14950443,mairi,BA
44635,-11.60670451,-40.13293997,varzea da roca,BA
44640,-11.80790036,-39.38316511,riachao do jacuipe,BA
44642,-11.60812671,-39.63042305,nova fatima,BA
44645,-11.6715535,-39.83595742,capela do alto alegre,BA
44650,-11.47128551,-39.78268993,gaviao,BA
44655,-11.83654543,-39.61286211,pe de serra,BA
44660,-12.15644411,-39.43720192,serra preta,BA
44670,-12.15028546,-39.24596009,anguera,BA
44680,-12.31140713,-39.30950897,ipecaeta,BA
44690,-11.25727742,-40.94392685,várzea nova,BA
44695,-11.37815813,-40.01174352,capim grosso,BA
44698,-11.4469579,-39.94457872,sao jose do jacuipe,BA
44700,-11.18594868,-40.50983477,jacobina,BA
44710,-11.41871333,-40.29237607,serrolandia,BA
44713,-11.41844127,-40.12357228,quixabeira,BA
44715,-11.52725859,-40.31661486,varzea do poco,BA
44718,-10.90886548,-41.13398717,ourolandia,BA
44720,-11.43023248,-40.59743564,miguel calmon,BA
44730,-11.11515264,-40.39174855,caem,BA
44740,-10.93983861,-40.42061146,saúde,BA
44745,-10.94479269,-40.56869878,mirangaba,BA
44750,-11.10753322,-40.07047269,caldeirao grande,BA
44755,-10.87598481,-40.12802187,ponto novo,BA
44770,-10.74020332,-40.37833402,pindobacu,BA
44775,-10.74227322,-40.13347541,filadelfia,BA
44780,-10.57274533,-40.27582594,antônio gonçalves,BA
44790,-10.50409156,-40.3261042,campo formoso,BA
44798,-10.73145541,-41.32330803,umburanas,BA
44800,-11.87214524,-40.48244633,mundo novo,BA
44830,-11.73075406,-40.55525168,piritiba,BA
44840,-11.84767147,-40.79251913,tapiramuta,BA
44850,-11.54802581,-41.15916631,morro do chapeu,BA
44880,-11.68702159,-41.46565831,cafarnaum,BA
44885,-11.98342071,-41.6111252,mulungu do morro,BA
44890,-11.71613829,-41.76715907,canarana,BA
44892,-11.86045965,-41.75396976,salobro,BA
44895,-11.76948844,-41.90185348,barro alto,BA
44900,-11.30416445,-41.85580503,irece,BA
44905,-11.3835187,-41.83192964,lapao,BA
44910,-11.45534707,-41.45792195,america dourada,BA
44915,-11.21576098,-41.86043874,sao gabriel,BA
44920,-11.34719154,-41.66100101,joao dourado,BA
44925,-11.03764059,-41.95731643,jussara,BA
44930,-11.29634043,-41.98876435,presidente dutra,BA
44940,-11.13669847,-42.10666428,central,BA
44950,-11.32715559,-42.134608,uibai,BA
44960,-11.54374319,-41.97567831,ibitita,BA
44970,-11.61559732,-42.05524258,ibipeba,BA
44990,-11.8156758,-42.05952599,barra do mendes,BA
45000,-14.85231938,-40.84274742,vitoria da conquista,BA
45002,-14.84390105,-40.8424594,vitoria da conquista,BA
45003,-14.84192063,-40.83409925,vitória da conquista,BA
45005,-14.84988672,-40.83008889,vitoria da conquista,BA
45008,-14.81712,-40.77611,vitoria da conquista,BA
45009,-14.852564,-40.81262113,vitoria da conquista,BA
45010,-14.85356827,-40.8452736,vitoria da conquista,BA
45012,-14.85294617,-40.80570058,vitoria da conquista,BA
45015,-14.84799058,-40.84578142,vitoria da conquista,BA
45020,-14.85964977,-40.83688897,vitoria da conquista,BA
45023,-14.86525455,-40.84609116,vitoria da conquista,BA
45025,-14.85642747,-40.85218542,vitoria da conquista,BA
45026,-14.8720789,-40.83567336,vitoria da conquista,BA
45027,-14.87715723,-40.84455789,vitoria da conquista,BA
45028,-14.86184,-40.82399636,vitoria da conquista,BA
45029,-14.87477223,-40.81109481,vitoria da conquista,BA
45031,-14.8817669,-40.81274328,vitoria da conquista,BA
45035,-14.8418684,-40.8425517,vitoria da conquista,BA
45037,-14.90441804,-40.83464047,vitoria da conquista,BA
45050,-14.88283852,-40.83067052,vitoria da conquista,BA
45051,-14.85544327,-40.85464527,vitoria da conquista,BA
45052,-14.87233187,-40.86082356,vitoria da conquista,BA
45053,-14.85955101,-40.85431642,vitoria da conquista,BA
45055,-14.8647011,-40.84258948,vitoria da conquista,BA
45058,-14.930478,-40.88709225,vitoria da conquista,BA
45061,-14.8828256,-40.87352653,vitoria da conquista,BA
45065,-14.87352094,-40.85800565,vitoria da conquista,BA
45066,-14.88064403,-40.85504081,vitoria da conquista,BA
45070,-14.85070427,-40.87402411,vitória da conquista,BA
45075,-14.84695338,-40.85454135,vitoria da conquista,BA
45077,-14.85987516,-40.86223969,vitória da conquista,BA
45078,-14.83805682,-40.87571725,vitória da conquista,BA
45079,-14.84220121,-40.89073309,vitória da conquista,BA
45085,-14.83938251,-40.84691125,vitoria da conquista,BA
45089,-14.828166,-40.82744025,vitoria da conquista,BA
45095,-14.9084898,-40.84039442,vitoria da conquista,BA
45104,-14.87982108,-40.89121199,vitoria da conquista,BA
45120,-14.79282531,-40.62529262,barra do choca,BA
45130,-14.97817952,-40.40915519,caatiba,BA
45140,-15.24567732,-40.62366863,itambe,BA
45150,-15.53325872,-40.910207,encruzilhada,BA
45155,-15.48511788,-40.68105429,ribeirao do largo,BA
45157,-15.47795449,-41.24571428,candido sales,BA
45160,-15.03719804,-41.26055351,belo campo,BA
45170,-14.97569174,-41.41194784,tremedal,BA
45177,-14.69758606,-41.26588691,caraibas,BA
45180,-14.61136079,-41.13638284,anage,BA
45190,-14.67095283,-40.47964895,planalto,BA
45195,-17.7332633,-42.52750831,planalto,BA
45200,-13.859998,-40.08466835,jequie,BA
45201,-13.85746485,-40.10108407,jequie,BA
45202,-13.86044411,-40.09562778,jequie,BA
45203,-13.85335406,-40.08168414,jequie,BA
45204,-13.85629761,-40.06242491,jequie,BA
45205,-13.86793074,-40.06720759,jequie,BA
45206,-13.86881137,-40.05962663,jequie,BA
45207,-13.86919394,-40.0545095,jequie,BA
45208,-13.8664089,-40.06886553,jequie,BA
45209,-13.87193142,-40.06643551,jequie,BA
45210,-13.87085389,-40.0822381,jequié,BA
45211,-13.87208743,-40.09451146,jequié,BA
45215,-13.65588607,-40.21271646,lafaiete coutinho,BA
45220,-14.12627197,-39.88992709,aiquara,BA
45225,-14.01694347,-39.89032994,jitauna,BA
45230,-14.16399588,-40.00556642,itagi,BA
45240,-14.12988516,-40.29724476,manoel vitorino,BA
45245,-14.04571883,-40.56225068,catingal,BA
45250,-14.36407586,-40.20777774,boa nova,BA
45255,-14.24092266,-40.76962508,mirante,BA
45260,-14.52830484,-40.36715725,pocoes,BA
45263,-14.37389029,-40.50720409,bom jesus da serra,BA
45265,-14.3404772,-40.90772715,caetanos,BA
45270,-14.66957417,-40.12228044,nova canaa,BA
45280,-14.75364348,-40.08891456,iguai,BA
45285,-14.75216224,-40.09012559,iguaibi,BA
45290,-14.84307191,-39.98628625,ibicui,BA
45300,-13.02791596,-39.60169104,amargosa,BA
45305,-12.94575438,-39.52141988,elisio medrado,BA
45310,-13.26683726,-39.66764304,ubaira,BA
45312,-13.2425,-39.75806,engenheiro franca,BA
45315,-12.87018204,-39.85502158,milagres,BA
45320,-13.29272825,-39.81893355,santa ines,BA
45325,-13.10000344,-39.80915359,brejoes,BA
45330,-13.35841186,-39.81355287,cravolândia,BA
45340,-13.45036834,-39.93917567,itaquara,BA
45345,-13.52889131,-39.97731888,jaguaquara,BA
45350,-13.53312554,-40.15123839,itirucu,BA
45355,-13.85642839,-39.74440977,apuarema,BA
45360,-13.43936531,-40.43331072,maracas,BA
45365,-13.47512812,-40.22122921,lajedo do tabocal,BA
45370,-13.2535103,-40.08618847,irajuba,BA
45375,-13.3887737,-40.37881622,planaltino,BA
45390,-13.02609618,-40.06706552,nova itarana,BA
45400,-13.36720419,-39.07196625,valenca,BA
45416,-13.44681996,-39.42750988,presidente tancredo neves,BA
45420,-13.48478318,-39.02506036,cairu,BA
45428,-16.74686774,-41.47408761,morro de sao paulo,BA
45430,-13.53518001,-39.1006103,taperoa,BA
45435,-13.73502498,-39.14691658,itubera,BA
45436,-13.76555247,-39.37731109,piraí do norte,BA
45440,-13.60355354,-39.10060643,nilo peçanha,BA
45443,-13.82278746,-39.14218825,igrapiuna,BA
45445,-13.94989223,-39.11166936,camamu,BA
45450,-13.74478013,-39.48661565,gandu,BA
45452,-13.81078184,-39.62355891,nova ibia,BA
45455,-13.77954318,-39.68485427,itamari,BA
45460,-13.67082018,-39.49919006,wenceslau guimaraes,BA
45465,-13.24729893,-39.40719949,teolândia,BA
45470,-13.25683774,-39.57174961,jiquiriçá,BA
45480,-13.22829994,-39.50629586,mutuipe,BA
45490,-13.17049662,-39.424623,laje,BA
45500,-14.15111149,-39.38404652,ibirapitanga,BA
45520,-14.07827022,-39.00614755,marau,BA
45530,-14.27969605,-38.99380002,itacare,BA
45534,-14.2779521,-38.99537415,itacare,BA
45540,-14.32417372,-39.46617528,gongogi,BA
45545,-14.31160551,-39.3184379,ubaitaba,BA
45550,-14.21362506,-39.52295487,ubatã,BA
45560,-14.20880157,-39.60212491,barra do rocha,BA
45570,-14.13425636,-39.73628798,ipiau,BA
45580,-14.06791395,-39.63991258,ibirataia,BA
45585,-14.26415455,-39.83383038,itagiba,BA
45590,-14.43257012,-39.90457854,dario meira,BA
45600,-14.79336529,-39.27845922,itabuna,BA
45601,-14.8151894,-39.30263988,itabuna,BA
45602,-14.78711076,-39.28391263,itabuna,BA
45603,-14.78182515,-39.27277194,itabuna,BA
45604,-14.77641487,-39.26576725,itabuna,BA
45605,-14.79531713,-39.27092329,itabuna,BA
45606,-14.80476538,-39.26568764,itabuna,BA
45607,-14.81122656,-39.27491387,itabuna,BA
45608,-14.81276734,-39.28065107,itabuna,BA
45610,-15.19148713,-39.49480211,jussari,BA
45611,-14.81134756,-39.30133388,itabuna,BA
45613,-14.82739052,-39.31458264,itabuna,BA
45615,-14.95780134,-39.30342648,buerarema,BA
45620,-15.08401075,-39.3395612,são josé da vitória,BA
45622,-14.59705575,-39.84782718,jussari,BA
45625,-14.80888534,-39.47327129,barro preto,BA
45630,-14.67493511,-39.3763435,itajuipe,BA
45638,-14.63592344,-39.55472476,coaraci,BA
45640,-14.7045742,-39.6375936,almadina,BA
45645,-14.4269048,-39.56567412,itapitanga,BA
45650,-14.79618535,-39.04278432,ilheus,BA
45651,-14.78594485,-39.04668219,ilheus,BA
45652,-14.79023086,-39.03518858,ilheus,BA
45653,-14.79915023,-39.0340671,ilhéus,BA
45654,-14.81167913,-39.03251508,ilheus,BA
45655,-14.82284425,-39.03190895,ilheus,BA
45656,-14.82263148,-39.03422955,ilhéus,BA
45657,-14.796556,-39.05971573,ilheus,BA
45658,-14.77869754,-39.05732607,ilheus,BA
45661,-14.79068653,-39.05851978,ilheus,BA
45662,-14.80513785,-39.03948412,ilheus,BA
45675,-14.32792351,-39.36816195,aurelino leal,BA
45680,-14.59052058,-39.28593481,urucuca,BA
45690,-15.2880284,-39.07915892,una,BA
45695,-15.26154909,-39.41671523,arataca,BA
45700,-15.2508759,-40.2442401,itapetinga,BA
45710,-15.1104145,-40.06707076,itororo,BA
45712,-12.98028487,-38.43565483,rio do meio,BA
45720,-14.95967446,-39.92089869,firmino alves,BA
45725,-14.96252089,-39.81076406,santa cruz da vitoria,BA
45730,-15.15071704,-39.68290974,itaju do colonia,BA
45740,-14.8592791,-39.66068229,floresta azul,BA
45745,-14.864972,-39.59078746,ibicaraí,BA
45750,-14.89567699,-39.42531919,itape,BA
45760,-15.56105402,-40.42488937,macarani,BA
45770,-15.62552359,-40.26376458,maiquinique,BA
45780,-15.65454483,-40.06355058,itarantim,BA
45790,-15.62923117,-39.79596981,potiragua,BA
45800,-15.86126462,-38.87879318,belmonte,BA
45807,-16.25037022,-39.04155025,santa cruz cabralia,BA
45810,-16.4320271,-39.07562867,porto seguro,BA
45816,-16.40018721,-39.26274691,arraial d'ajuda,BA
45818,-16.58182675,-39.13634463,trancoso,BA
45820,-16.37521604,-39.58755141,eunapolis,BA
45821,-16.36547706,-39.58871455,eunapolis,BA
45822,-16.35834706,-39.587053,eunapolis,BA
45823,-16.33903188,-39.57806339,eunapolis,BA
45824,-16.36763864,-39.57364822,eunapolis,BA
45825,-16.36917272,-39.57305165,eunapolis,BA
45826,-16.36728986,-39.57626019,eunápolis,BA
45828,-16.36875903,-39.57323815,eunapolis,BA
45829,-16.36836395,-39.57341149,eunapolis,BA
45830,-16.38111612,-39.57250915,eunapolis,BA
45834,-16.84106075,-40.14434729,jucurucu,BA
45836,-17.03694572,-39.53454174,itamaraju,BA
45840,-16.58395684,-39.78149693,guaratinga,BA
45848,-16.57689235,-39.56007582,itabela,BA
45850,-16.08846186,-39.61436607,itagimirim,BA
45855,-15.9696953,-39.53220691,itapebi,BA
45860,-15.67359617,-38.94930495,canavieiras,BA
45865,-15.43231778,-39.32981127,santa luzia,BA
45870,-15.58842778,-39.37293086,mascote,BA
45880,-15.41435013,-39.49559371,camacan,BA
45890,-15.46469769,-39.65303846,pau brasil,BA
45900,-17.70676567,-39.31012881,caravelas,BA
45910,-17.497804,-39.26235289,alcobaca,BA
45920,-17.89835818,-39.3736305,nova vicosa,BA
45928,-17.88645,-39.86169811,nova viçosa,BA
45930,-18.07160336,-39.56837083,mucuri,BA
45936,-14.75381359,-39.23942498,itabatan,BA
45940,-17.68670405,-40.10830513,ibirapua,BA
45950,-17.61203296,-40.34515443,lajedao,BA
45955,-17.25641672,-40.02070527,vereda,BA
45960,-17.37540612,-40.22236402,medeiros neto,BA
45968,-17.47462331,-40.29762802,itupeva,BA
45970,-17.15310727,-40.33242119,itanhém,BA
45972,-17.17175476,-40.25369276,ibirajá,BA
45975,-12.93342844,-38.49847246,batinga,BA
45980,-17.32847124,-39.22480143,prado,BA
45983,-14.09649959,-37.7625534,cumuruxatiba,BA
45985,-17.50939119,-39.77217569,teixeira de freitas,BA
45986,-17.4630442,-39.82615452,teixeira de freitas,BA
45987,-17.53488564,-39.7344255,teixeira de freitas,BA
45988,-17.52978826,-39.71545156,teixeira de freitas,BA
45989,-17.54128548,-39.71721045,teixeira de freitas,BA
45990,-17.54417669,-39.72756888,teixeira de freitas,BA
45991,-17.54793214,-39.74789913,teixeira de freitas,BA
45992,-17.54687908,-39.74329,teixeira de freitas,BA
45993,-17.54198972,-39.75268542,teixeira de freitas,BA
45994,-17.53346072,-39.75902945,teixeira de freitas,BA
45995,-17.52098078,-39.74748322,teixeira de freitas,BA
45996,-17.53271043,-39.73562215,teixeira de freitas,BA
45997,-17.54058485,-39.73488362,teixeira de freitas,BA
45998,-17.54070543,-39.74901898,teixeira de freitas,BA
46100,-14.20546046,-41.67111206,brumado,BA
46103,-14.03735,-41.73431,itaquarai,BA
46110,-14.38526248,-41.87957322,malhada de pedras,BA
46130,-14.41774249,-41.44989366,aracatu,BA
46140,-13.67053141,-41.87112764,livramento de nossa senhora,BA
46165,-13.77649763,-41.76903531,dom basílio,BA
46170,-13.57007856,-41.80581449,rio de contas,BA
46180,-13.41924902,-42.1297384,erico cardoso,BA
46190,-13.45331781,-42.23950486,paramirim,BA
46200,-14.89994608,-41.96984408,condeuba,BA
46205,-14.55190537,-41.95570157,guajeru,BA
46220,-14.40410336,-42.07762184,rio do antonio,BA
46225,-14.20594354,-42.11626073,ibitira,BA
46250,-14.68574894,-41.68042912,presidente janio quadros,BA
46255,-14.66476772,-41.49266143,maetinga,BA
46270,-14.94319165,-41.71785045,piripa,BA
46280,-15.03925201,-41.9343253,cordeiros,BA
46290,-15.02426557,-42.36971555,mortugaba,BA
46300,-14.50121759,-42.22314068,cacule,BA
46310,-14.84334471,-42.42491896,jacaraci,BA
46315,-14.79213125,-42.27125252,irundiara,BA
46330,-14.68046922,-42.50351032,licinio de almeida,BA
46335,-14.58924415,-42.43811683,tauape,BA
46350,-14.76841557,-42.65584924,urandi,BA
46360,-14.4881505,-42.6851077,pindai,BA
46380,-14.40879088,-42.86475012,candiba,BA
46390,-14.2713631,-42.25705529,ibiassuce,BA
46400,-14.0640012,-42.48758763,caetité,BA
46410,-12.40124246,-38.75402195,maniacu,BA
46425,-14.0362421,-42.14150395,lagoa real,BA
46430,-14.2232072,-42.7833977,guanambi,BA
46438,-14.41154884,-43.55305107,iuiu,BA
46440,-14.33253242,-43.76231272,malhada,BA
46445,-14.2946978,-43.77047943,carinhanha,BA
46446,-14.21271438,-44.2832474,feira da mata,BA
46450,-14.55139024,-42.99687376,sebastiao laranjeiras,BA
46460,-14.25919577,-43.16641762,palmas de monte alto,BA
46470,-13.61164223,-42.93675298,riacho de santana,BA
46480,-13.91039374,-42.8454918,matina,BA
46490,-13.77563802,-42.71408353,igapora,BA
46500,-13.0203237,-42.6928673,macaubas,BA
46530,-12.79685219,-42.7113089,boquira,BA
46540,-12.88039184,-42.48710697,ibipitanga,BA
46550,-13.12472173,-42.28653019,rio do pires,BA
46560,13.00142017,-23.58393908,ibiajara,BA
46570,-13.37924688,-42.5223111,botupora,BA
46575,-13.33127591,-42.29352897,caturama,BA
46580,-13.54867327,-42.49498049,tanque novo,BA
46600,-14.0595023,-41.23499742,tanhaçu,BA
46620,-13.76800489,-41.07725383,contendas do sincora,BA
46640,-13.81544624,-41.29884899,ituacu,BA
46650,-13.62730362,-41.32764244,barra da estiva,BA
46670,-13.51478174,-41.59315952,jussiape,BA
46690,-13.25061237,-41.66388176,abaira,BA
46700,-12.62060387,-42.23648302,ibitiara,BA
46730,-12.81132107,-42.16185646,novo horizonte,BA
46740,-12.70931313,-41.83025624,boninal,BA
46750,-13.0087897,-41.3741086,mucugê,BA
46760,-13.38705456,-41.31766571,ibicoara,BA
46765,-13.11064957,-41.68870145,piata,BA
46766,-13.02507072,-40.18648339,inubia,BA
46770,-13.29370859,-40.95756034,iramaia,BA
46780,-13.02174158,-40.56884658,marcionílio souza,BA
46790,-13.00621714,-41.00601233,itaete,BA
46800,-12.28335149,-40.4985889,ruy barbosa,BA
46805,-12.13875855,-40.3281935,macajuba,BA
46810,-12.08026278,-41.09561827,utinga,BA
46820,-11.96897544,-41.26654856,bonito,BA
46825,-12.35500888,-40.90352712,lajedinho,BA
46830,-12.78787111,-41.2912321,andarai,BA
46833,-12.59372097,-41.01442317,ubiraita,BA
46835,-12.81613051,-41.069748,nova redencao,BA
46840,-12.64778917,-40.93335571,ibiquera,BA
46850,-12.67449379,-40.64412066,boa vista do tupim,BA
46860,-12.77121763,-40.20987178,iacu,BA
46865,-12.79991674,-40.35400462,joão amaro,BA
46875,-12.70999918,-39.69835905,itatim,BA
46880,-12.5261102,-40.3079584,itaberaba,BA
46900,-12.41905628,-41.77211221,seabra,BA
46930,-12.51688809,-41.57768002,palmeiras,BA
46960,-12.54977138,-41.3841778,lencois,BA
46970,-12.28286254,-41.16769859,wagner,BA
46980,-12.2465949,-41.60307066,iraquara,BA
46985,-12.28364186,-41.51262371,iraporanga,BA
46990,-12.08212248,-41.65173953,souto soares,BA
47100,-11.09142662,-43.14545144,barra,BA
47115,-12.1147856,-43.5530547,muquém de são francisco,BA
47120,-10.71508594,-43.63428287,buritirama,BA
47150,-10.98930614,-44.51073222,santa rita de cassia,BA
47160,-10.71950915,-44.03470849,mansidao,BA
47200,-9.620891468,-42.08147291,remanso,BA
47220,-9.512360481,-43.0233216,campo alegre de lourdes,BA
47240,-9.996898034,-42.48536811,pilao arcado,BA
47300,-9.17738808,-40.98130298,casa nova,BA
47310,-2.558106437,-35.15902752,santana do sobrado,BA
47350,-9.743372913,-41.86929986,sento se,BA
47400,-10.82337342,-42.72712976,xique-xique,BA
47440,-11.00928793,-42.3989684,itaguacu da bahia,BA
47450,-11.43039745,-42.50553282,gentio do ouro,BA
47500,-12.6937205,-43.18214914,paratinga,BA
47520,-12.17395482,-43.2147806,ibotirama,BA
47530,-12.3155315,-42.88346084,oliveira dos brejinhos,BA
47560,-12.00707922,-42.61976706,brotas de macaúbas,BA
47580,-11.56415152,-43.27671954,morpara,BA
47590,-11.81967921,-42.61596486,ipupiara,BA
47600,-13.25601402,-43.40987581,bom jesus da lapa,BA
47610,-13.08530554,-43.46816354,sitio do mato,BA
47630,-13.52433639,-43.60744133,serra do ramalho,BA
47640,-13.38906324,-44.2005574,santa maria da vitoria,BA
47650,-13.35061156,-44.64903452,correntina,BA
47655,-13.62314916,-44.46765344,jaborandi,BA
47665,-13.40316423,-44.19472128,sao felix do coribe,BA
47680,-14.18037378,-44.5353399,cocos,BA
47690,-13.82520433,-44.45388784,coribe,BA
47700,-12.98076895,-44.04974393,santana,BA
47730,-13.07598151,-44.20196113,canápolis,BA
47740,-12.75933607,-43.94693061,serra dourada,BA
47750,-12.4847971,-43.96117258,brejolandia,BA
47760,-12.62352378,-44.06177476,tabocas do brejo velho,BA
47800,-12.14474569,-44.99123681,barreiras,BA
47801,-12.13962826,-44.98907557,barreiras,BA
47802,-12.14769674,-44.98490116,barreiras,BA
47803,-12.14707959,-44.98689779,barreiras,BA
47804,-12.15498196,-44.99647777,barreiras,BA
47805,-12.14952151,-45.00082946,barreiras,BA
47806,-12.14924822,-44.9946356,barreiras,BA
47807,-12.15344127,-45.00226718,barreiras,BA
47808,-12.15066928,-45.00017364,barreiras,BA
47810,-12.13687808,-45.00973585,barreiras,BA
47813,-12.17792431,-44.66071052,barreiras,BA
47814,-12.94850051,-38.46063227,barreiras,BA
47820,-12.40057374,-45.01658165,sao desiderio,BA
47825,-12.42922506,-45.08604599,sítio grande,BA
47827,-26.91987291,-49.08680234,roda velha,BA
47830,-12.30573964,-44.53881241,baianopolis,BA
47845,-12.31391243,-44.8595473,catolândia,BA
47850,-12.09251298,-45.80692673,luis eduardo magalhaes,BA
47900,-11.98661953,-44.25769307,cotegipe,BA
47940,-12.12137805,-43.88953822,wanderley,BA
47950,-12.23446807,-44.41002003,cristopolis,BA
47960,-12.00638443,-44.69816263,angical,BA
47970,-11.74975918,-44.90972216,riachao das neves,BA
47990,-11.01703324,-45.25825024,formosa do rio preto,BA
48000,-12.13944142,-38.42297615,alagoinhas,BA
48005,-12.14021029,-38.4223045,alagoinhas,BA
48010,-12.13239012,-38.42147135,alagoinhas,BA
48011,-12.12350411,-38.41656701,alagoinhas,BA
48020,-12.13260582,-38.41556019,alagoinhas,BA
48030,-12.13749143,-38.40518638,alagoinhas,BA
48031,-12.14697128,-38.42109226,alagoinhas,BA
48040,-12.14532104,-38.42108609,alagoinhas,BA
48050,-12.14338756,-38.43212666,alagoinhas,BA
48051,-12.15122049,-38.42777609,alagoinhas,BA
48060,-12.14140292,-38.43824742,alagoinhas,BA
48070,-12.13418198,-38.43881903,alagoinhas,BA
48071,-12.13126063,-38.43950969,alagoinhas,BA
48080,-12.13062397,-38.4337703,alagoinhas,BA
48090,-12.12313355,-38.43024041,alagoinhas,BA
48103,-4.596244809,-42.85451674,boa uniao,BA
48108,-12.21136007,-38.20271641,aracas,BA
48110,-12.36384099,-38.38186889,catu,BA
48120,-12.42544989,-38.32736451,pojuca,BA
48130,-12.09133063,-38.50033161,aramari,BA
48140,-12.14615675,-38.64382697,pedrao,BA
48150,-12.01411829,-38.62789452,ouricangas,BA
48170,-11.8400854,-38.75729908,agua fria,BA
48180,-11.94597898,-38.08223565,entre rios,BA
48280,-12.52684414,-38.26312041,mata de sao joao,BA
48288,-12.57681,-38.00417,açu da torre,BA
48289,-12.57536932,-38.00267349,mata de sao joao,BA
48290,-12.25599748,-38.03873055,itanagra,BA
48300,-11.81552692,-37.61785465,conde,BA
48310,-11.56405313,-37.78292005,jandaira,BA
48330,-11.48645251,-37.93204311,rio real,BA
48350,-11.66517291,-38.09160426,apora,BA
48355,-13.46883554,-39.2402599,apora,BA
48360,-11.66349558,-38.02385271,acajutiba,BA
48370,-11.79706348,-37.94764669,esplanada,BA
48390,-11.95258315,-37.94737339,cardeal da silva,BA
48400,-10.85558802,-38.5364767,ribeira do pombal,BA
48405,-10.58516678,-38.6184619,banzaê,BA
48410,-10.59307209,-38.38499289,cicero dantas,BA
48413,-10.53611,-38.60667,sao joao da fortaleza,BA
48415,-10.59530959,-38.21300621,fatima,BA
48420,-10.41163787,-38.32727784,antas,BA
48430,-10.6805025,-37.86599601,paripiranga,BA
48435,-10.5366169,-38.11492053,adustina,BA
48440,-10.9980302,-38.40330051,ribeira do amparo,BA
48445,-10.67804139,-38.28277421,heliopolis,BA
48450,-11.10045361,-38.51620756,cipo,BA
48455,-10.33486785,-38.42063873,novo triunfo,BA
48460,-11.24056027,-38.48111202,nova soure,BA
48470,-11.36300217,-38.32943881,olindina,BA
48475,-11.30994838,-38.21951612,itapicuru,BA
48480,-11.51035037,-38.15147738,crisopolis,BA
48485,-11.60501461,-38.58309382,satiro dias,BA
48490,-11.78806388,-38.35536601,inhambupe,BA
48500,-10.50664778,-39.01178236,euclides da cunha,BA
48520,-9.899970941,-39.03349394,canudos,BA
48540,-9.953805522,-38.67143655,jeremoabo,BA
48565,-10.35978478,-38.17889442,sitio do quinto,BA
48570,-9.734568625,-38.12696059,santa brigida,BA
48580,-10.0223868,-37.91612213,pedro alexandre,BA
48590,-10.28624457,-37.92667804,coronel joao sa,BA
48601,-9.404393765,-38.22029679,paulo afonso,BA
48602,-9.404467767,-38.2223375,paulo afonso,BA
48603,-9.408942714,-38.22959426,paulo afonso,BA
48604,-9.392623277,-38.2389195,paulo afonso,BA
48605,-9.397535126,-38.22631693,paulo afonso,BA
48606,-9.392588799,-38.21016816,paulo afonso,BA
48607,-9.395804784,-38.21886122,paulo afonso,BA
48608,-9.402825561,-38.21361293,paulo afonso,BA
48609,-9.431109891,-38.21744325,paulo afonso,BA
48610,-9.441491993,-38.22319062,gloria,BA
48611,-9.430876486,-38.21532698,paulo afonso,BA
48620,-9.342378182,-38.25627708,gloria,BA
48630,-8.859703814,-38.76290241,rodelas,BA
48650,-9.171299477,-39.05729884,macururé,BA
48660,-8.952778234,-39.08019966,chorrocho,BA
48668,-13.00910118,-38.52597899,barra do tarrachil,BA
48680,-8.695825761,-39.15552671,abare,BA
48685,-8.632654834,-39.24438562,ibo,BA
48700,-11.66175974,-39.00523646,serrinha,BA
48705,-11.53142223,-39.07759494,barrocas,BA
48710,-11.80740586,-39.11979421,candeal,BA
48720,-11.7956499,-38.88365094,lamarao,BA
48725,-11.74786638,-39.19235648,ichu,BA
48730,-11.5702692,-39.27942745,conceição do coité,BA
48740,-13.53250729,-38.99305243,salgadalia,BA
48745,-12.24038638,-38.93229404,conceição do coité,BA
48750,-11.49352071,-39.42367402,retirolândia,BA
48760,-11.33526086,-38.96194718,araci,BA
48770,-11.48704934,-38.99528941,teofilandia,BA
48780,-11.62106737,-38.80797809,biritinga,BA
48790,-10.97043725,-38.78907162,tucano,BA
48793,-11.02778014,-38.7918949,tucano,BA
48800,-10.43890563,-39.33166016,monte santo,BA
48830,-10.75328685,-39.20884622,quijingue,BA
48832,-10.67407914,-39.05057508,algodões,BA
48840,-10.66939237,-39.49764756,cansancao,BA
48850,-10.69250591,-39.85303139,itiuba,BA
48860,-10.97752438,-39.62718302,queimadas,BA
48870,-10.82389096,-39.42890766,nordestina,BA
48880,-11.25353299,-39.37766198,santaluz,BA
48890,-11.41090788,-39.46279778,valente,BA
48895,-11.46322579,-39.52656645,sao domingos,BA
48900,-9.432354137,-40.5021639,juazeiro,BA
48901,-9.433165625,-40.51256861,juazeiro,BA
48902,-9.419951917,-40.51192294,juazeiro,BA
48903,-9.412756197,-40.50144273,juazeiro,BA
48904,-9.420577952,-40.49945964,juazeiro,BA
48905,-9.424205163,-40.49406669,juazeiro,BA
48906,-9.433213446,-40.49612035,juazeiro,BA
48907,-9.431958851,-40.49817902,juazeiro,BA
48908,-9.454428553,-40.50066231,juazeiro,BA
48909,-9.440594485,-40.50485219,juazeiro,BA
48913,-9.447410094,-40.50267477,juazeiro,BA
48914,-9.450895754,-40.49429117,juazeiro,BA
48916,-9.424978594,-40.51694836,juazeiro,BA
48922,-9.589271582,-40.42544551,carnaiba do sertao,BA
48925,-9.4706995,-40.81221695,sobradinho,BA
48930,-8.973255974,-39.88514492,curaçá,BA
48950,-9.841477416,-39.47915939,uauá,BA
48960,-10.26281295,-40.19201262,jaguarari,BA
48967,-10.33361417,-40.1515249,jaguarari,BA
48970,-10.4623416,-40.18376699,senhor do bonfim,BA
48990,-10.34470216,-39.83061876,andorinha,BA
49000,-11.00910037,-37.07712376,aracaju,SE
49001,-11.0043686,-37.09165783,aracaju,SE
49004,-11.06917132,-37.12184893,aracaju,SE
49005,-11.05970385,-37.1067468,aracaju,SE
49007,-11.07561566,-37.13561609,aracaju,SE
49008,-11.09585693,-37.13955067,aracaju,SE
49009,-11.09921414,-37.13488624,aracaju,SE
49010,-10.91245069,-37.05343453,aracaju,SE
49015,-10.92240665,-37.05085281,aracaju,SE
49020,-10.93024285,-37.05169081,aracaju,SE
49025,-10.93841073,-37.05714864,aracaju,SE
49026,-10.94656975,-37.05723927,aracaju,SE
49027,-10.94162099,-37.06357672,aracaju,SE
49030,-10.97162154,-37.06734086,aracaju,SE
49031,-10.97012014,-37.06719171,aracaju,SE
49032,-10.97019292,-37.05587673,aracaju,SE
49033,-11.01054775,-37.09241139,aracaju,SE
49035,-10.97144269,-37.04572365,aracaju,SE
49036,-10.97605137,-37.04553068,aracaju,SE
49037,-10.99109303,-37.06067264,aracaju,SE
49038,-10.99529004,-37.07824371,aracaju,SE
49040,-10.95218213,-37.07189922,aracaju,SE
49041,-10.98087437,-37.08888171,aracaju,SE
49042,-10.97092897,-37.08098317,aracaju,SE
49043,-10.96578215,-37.09023307,aracaju,SE
49044,-10.98669192,-37.10040629,aracaju,SE
49045,-10.93221452,-37.06606772,aracaju,SE
49046,-10.94684176,-37.05723209,aracaju,SE
49047,-10.93955035,-37.07455228,aracaju,SE
49048,-10.94216088,-37.07095378,aracaju,SE
49050,-10.92651803,-37.06353793,aracaju,SE
49051,-10.92845445,-37.06247021,aracaju,SE
49052,-10.9190171,-37.06391362,aracaju,SE
49055,-10.91311081,-37.06174405,aracaju,SE
49060,-10.89865228,-37.06144198,aracaju,SE
49063,-10.88633592,-37.06247653,aracaju,SE
49065,-10.89738502,-37.05324307,aracaju,SE
49066,-10.89261945,-37.05301439,aracaju,SE
49067,-10.87763974,-37.05483867,aracaju,SE
49070,-10.90222576,-37.0755377,aracaju,SE
49071,-10.8849389,-37.0819984,aracaju,SE
49072,-10.90150986,-37.06910993,aracaju,SE
49075,-10.91509156,-37.07258962,aracaju,SE
49080,-10.91741859,-37.08039627,aracaju,SE
49082,-10.91132793,-37.08255018,aracaju,SE
49085,-10.90664235,-37.08134129,aracaju,SE
49087,-10.89454765,-37.08185571,aracaju,SE
49088,-10.92828416,-37.08872233,aracaju,SE
49089,-10.97420777,-37.11147272,aracaju,SE
49090,-10.89566492,-37.09558198,aracaju,SE
49091,-10.88914168,-37.0976823,aracaju,SE
49092,-10.94434661,-37.10864939,aracaju,SE
49095,-10.9403411,-37.08177405,aracaju,SE
49096,-10.9147988,-37.0848448,aracaju,SE
49097,-10.93365964,-37.07884941,aracaju,SE
49100,-10.95947857,-37.15164549,sao cristovao,SE
49120,-11.02137932,-37.3240674,itaporanga d'ajuda,SE
49130,-10.73142074,-37.18688734,riachuelo,SE
49140,-10.910546,-37.028523,barra dos coqueiros,SE
49160,-10.86458929,-37.09579239,nossa senhora do socorro,SE
49170,-10.79814018,-37.1630078,laranjeiras,SE
49180,-10.78740698,-37.0525651,santo amaro das brotas,SE
49190,-10.73891562,-36.8568246,pirambu,SE
49200,-11.25977489,-37.43571408,estancia,SE
49220,-11.26470136,-37.61917481,araua,SE
49230,-11.35333324,-37.44872624,santa luzia do itanhy,SE
49250,-11.52259645,-37.50900137,indiaroba,SE
49260,-11.38141877,-37.66097722,umbauba,SE
49270,-11.47703108,-37.75592581,cristinapolis,SE
49280,-11.37459146,-37.84024091,tomar do geru,SE
49290,-11.27480503,-37.79079538,itabaianinha,SE
49300,-11.18461101,-38.0012569,tobias barreto,SE
49320,-11.06947312,-37.72641512,riachao do dantas,SE
49350,-11.19148845,-37.67374412,pedrinhas,SE
49360,-11.14750118,-37.61894394,boquim,SE
49390,-11.03412664,-37.47550291,salgado,SE
49400,-10.9161787,-37.67161896,lagarto,SE
49480,-10.74055287,-37.80685716,simao dias,SE
49490,-10.71513369,-38.17508557,poco verde,SE
49500,-10.68603272,-37.42754802,itabaiana,SE
49501,-10.67980641,-37.41889838,itabaiana,SE
49503,-10.69348589,-37.42778672,itabaiana,SE
49504,-10.69743423,-37.42689391,itabaiana,SE
49505,-10.70891313,-37.42524404,itabaiana,SE
49506,-10.68989648,-37.43489009,itabaiana,SE
49507,-10.70989287,-37.42666985,itabaiana,SE
49509,-10.68095807,-37.43169606,itabaiana,SE
49510,-10.67660123,-37.43903525,itabaiana,SE
49514,-10.54944123,-37.54263715,frei paulo,SE
49517,-10.56830775,-37.72341709,pinhao,SE
49520,-10.75039435,-37.49323014,campo do brito,SE
49525,-10.79214865,-37.56758759,sao domingos,SE
49530,-10.53805435,-37.43596626,ribeiropolis,SE
49535,-10.38607476,-37.37878589,sao miguel do aleixo,SE
49540,-10.3973886,-37.45376908,nossa senhora aparecida,SE
49550,-10.35981811,-37.70492788,carira,SE
49560,-10.58100231,-37.34126655,moita bonita,SE
49565,-10.66521787,-37.54218725,macambira,SE
49570,-10.65857437,-37.30730703,malhador,SE
49580,-10.75691428,-37.31369101,areia branca,SE
49600,-10.46435664,-37.21080647,nossa senhora das dores,SE
49630,-10.60530799,-37.11302838,siriri,SE
49640,-10.64659834,-37.19255666,santa rosa de lima,SE
49650,-10.67898481,-37.15045402,divina pastora,SE
49660,-10.35455243,-37.18291959,cumbe,SE
49670,-10.2623118,-37.31211236,feira nova,SE
49680,-10.23193045,-37.41298593,nossa senhora da gloria,SE
49690,-10.0280897,-37.56306972,monte alegre de sergipe,SE
49700,-10.50429057,-37.05373978,capela,SE
49740,-10.64833611,-36.98763123,carmopolis,SE
49750,-10.68527142,-36.985955,general maynard,SE
49760,-10.70327821,-37.03551419,rosario do catete,SE
49770,-10.73924113,-37.0863528,maruim,SE
49780,-10.41594509,-36.9581625,muribeca,SE
49790,-10.2847656,-37.01929312,aquidabã,SE
49800,-9.916527314,-37.30891851,porto da folha,SE
49810,-9.818759671,-37.6900918,poco redondo,SE
49820,-9.673731489,-37.80021951,caninde de sao francisco,SE
49830,-9.969526041,-37.08308453,gararu,SE
49860,-10.22917262,-37.1969167,graccho cardoso,SE
49880,-10.1372585,-36.9713602,canhoba,SE
49890,-10.07808221,-37.05431618,nossa senhora de lourdes,SE
49900,-10.21447078,-36.83589781,propria,SE
49910,-10.20616155,-36.88485305,telha,SE
49920,-10.1299352,-36.92661568,amparo de sao francisco,SE
49930,-10.25140702,-36.88281044,cedro de sao joao,SE
49940,-10.35462979,-36.91898629,malhada dos bois,SE
49945,-10.34919934,-36.88566554,sao francisco,SE
49950,-10.34922895,-36.80432913,japoata,SE
49960,-10.59140102,-36.94273692,japaratuba,SE
49970,-10.45276912,-36.64510103,pacatuba,SE
49980,-10.32593084,-36.57752882,neopolis,SE
49985,-10.27089959,-36.62218726,santana do sao francisco,SE
49990,-10.43594286,-36.53704689,ilha das flores,SE
49995,-10.43007146,-36.4665609,brejo grande,SE
50010,-8.063853464,-34.87837095,recife,PE
50020,-8.068681329,-34.88056546,recife,PE
50030,-8.062913057,-34.87240572,recife,PE
50040,-8.053658441,-34.87795809,recife,PE
50050,-8.054858907,-34.88706237,recife,PE
50060,-8.06264729,-34.88709699,recife,PE
50070,-8.061003537,-34.89391668,recife,PE
50080,-8.07232172,-34.89799626,recife,PE
50090,-8.074551415,-34.89503465,recife,PE
50100,-8.048598241,-34.88656777,recife,PE
50110,-8.041972209,-34.87941404,recife,PE
50160,-8.05708163,-34.90813249,recife,PE
50610,-8.054715505,-34.90871224,recife,PE
50620,-8.045357006,-34.91454429,recife,PE
50630,-8.056559537,-34.92292414,recife,PE
50640,-8.059479415,-34.93175654,recife,PE
50650,-8.056813712,-34.93764285,recife,PE
50660,-8.062275916,-34.93917748,recife,PE
50670,-8.044706798,-34.93989378,recife,PE
50680,-8.034084042,-34.93225701,recife,PE
50690,-8.031519757,-34.93867044,recife,PE
50710,-8.045461141,-34.90838269,recife,PE
50711,-8.051154774,-34.92128641,recife,PE
50720,-8.057926762,-34.91122884,recife,PE
50721,-8.051279171,-34.93092085,recife,PE
50730,-8.05698897,-34.94292149,recife,PE
50731,-8.040985981,-34.9327955,recife,PE
50740,-8.041988382,-34.94780774,recife,PE
50741,-8.050402509,-34.9586673,recife,PE
50750,-8.068345829,-34.90716245,recife,PE
50751,-8.065025565,-34.91793559,recife,PE
50760,-8.071397491,-34.91962819,recife,PE
50761,-8.070088775,-34.92905468,recife,PE
50770,-8.081218226,-34.91030678,recife,PE
50771,-8.084161375,-34.92290515,recife,PE
50780,-8.096343126,-34.94029736,recife,PE
50781,-8.08333352,-34.9374842,recife,PE
50790,-8.080118267,-34.94983604,recife,PE
50791,-8.088316548,-34.96754747,recife,PE
50800,-8.033296335,-34.94812112,recife,PE
50810,-8.039228964,-34.95646659,recife,PE
50820,-8.076072356,-34.9175134,recife,PE
50830,-8.069605369,-34.91104437,recife,PE
50850,-8.081636393,-34.91817887,recife,PE
50860,-8.094252416,-34.92518307,recife,PE
50865,-8.082537247,-34.93181191,recife,PE
50870,-8.095698255,-34.93340658,recife,PE
50875,-8.101985542,-34.93257048,recife,PE
50900,-8.090605958,-34.94209522,recife,PE
50910,-8.081899592,-34.94106181,recife,PE
50920,-8.08828934,-34.95562113,recife,PE
50930,-8.091571543,-34.95434955,recife,PE
50940,-8.081657134,-34.9657122,recife,PE
50950,-8.07087321,-34.95750119,recife,PE
50960,-8.037192314,-34.98312635,recife,PE
50970,-8.035270647,-34.97601425,recife,PE
50980,-8.028304425,-34.95944257,recife,PE
51010,-8.085032619,-34.88111906,recife,PE
51011,-8.096453291,-34.88536771,recife,PE
51020,-8.115299609,-34.89668508,recife,PE
51021,-8.125612939,-34.9027322,recife,PE
51030,-8.136182614,-34.90643937,recife,PE
51110,-8.087203288,-34.88895785,recife,PE
51111,-8.106387898,-34.88924312,recife,PE
51130,-8.143662491,-34.90869223,recife,PE
51150,-8.106595825,-34.9145247,recife,PE
51160,-8.112515819,-34.90640109,recife,PE
51170,-8.09147598,-34.91297828,recife,PE
51180,-8.102689088,-34.91444512,recife,PE
51190,-8.115293289,-34.91960502,recife,PE
51200,-8.112800124,-34.91436063,recife,PE
51220,-8.112483974,-34.93251838,recife,PE
51230,-8.114751153,-34.93969291,recife,PE
51240,-8.12393768,-34.93689286,recife,PE
51250,-8.13589072,-34.93253582,recife,PE
51260,-8.132501302,-34.94171322,recife,PE
51270,-8.107187782,-34.94081108,recife,PE
51275,-8.107903201,-34.94798612,recife,PE
51280,-8.11778249,-34.94927691,recife,PE
51290,-8.122431709,-34.94726801,recife,PE
51300,-8.128661337,-34.94717454,recife,PE
51310,-8.135831929,-34.94969946,recife,PE
51320,-8.132273759,-34.95154633,recife,PE
51330,-8.126154514,-34.95687116,recife,PE
51335,-8.113146591,-34.96258552,recife,PE
51340,-8.118066129,-34.95614064,recife,PE
51345,-8.111473321,-34.95472052,recife,PE
51346,-8.107431297,-34.96229431,recife,PE
51350,-8.108299922,-34.92261378,recife,PE
52010,-8.058867141,-34.90021057,recife,PE
52011,-8.049884228,-34.9008343,recife,PE
52020,-8.045413125,-34.89447935,recife,PE
52021,-8.04146014,-34.89020331,recife,PE
52030,-8.037025581,-34.88576253,recife,PE
52031,-8.035147087,-34.88101594,recife,PE
52040,-8.028280103,-34.88125903,recife,PE
52041,-8.034194043,-34.89481405,recife,PE
52050,-8.038318086,-34.89974689,recife,PE
52051,-8.028744985,-34.90746649,recife,PE
52060,-8.034440315,-34.91154831,recife,PE
52061,-8.032950052,-34.92225391,recife,PE
52070,-8.028625536,-34.91822781,recife,PE
52071,-8.023081102,-34.92997598,recife,PE
52080,-8.016574068,-34.91219827,recife,PE
52081,-8.016304974,-34.92283549,recife,PE
52090,-8.014003598,-34.92925752,recife,PE
52091,-8.004622707,-34.9349605,recife,PE
52110,-8.025976979,-34.90034564,recife,PE
52111,-8.019615465,-34.89935083,recife,PE
52120,-8.022656148,-34.89018538,recife,PE
52121,-8.019106208,-34.88634823,recife,PE
52125,-8.02043142,-34.87861274,recife,PE
52130,-8.009977311,-34.89341132,recife,PE
52131,-8.008530403,-34.90397406,recife,PE
52140,-8.00390996,-34.90496426,recife,PE
52150,-8.002863459,-34.91268416,recife,PE
52160,-7.992612544,-34.91657514,recife,PE
52165,-7.984732286,-34.91963156,recife,PE
52170,-7.978286706,-34.91791341,recife,PE
52171,-8.018580226,-34.9551251,recife,PE
52190,-8.002430968,-34.92633337,recife,PE
52191,-7.999901076,-34.92439375,recife,PE
52210,-8.018042507,-34.91172982,recife,PE
52211,-8.019412351,-34.90539168,recife,PE
52221,-8.012075423,-34.88518668,recife,PE
52280,-8.017987404,-34.91615283,recife,PE
52290,-7.992403012,-34.94006456,recife,PE
52291,-7.993264843,-34.93415924,recife,PE
52390,-7.986947415,-34.93011421,recife,PE
52490,-8.012741506,-34.92925238,recife,PE
53010,-8.021520856,-34.85374002,olinda,PE
53012,-5.783670911,-35.1969468,natal,RN
53020,-8.014229483,-34.85483289,olinda,PE
53025,-8.014312359,-34.8540351,olinda,PE
53030,-7.999297483,-34.84243281,olinda,PE
53040,-7.971125601,-34.83433393,olinda,PE
53050,-7.973084967,-34.83982271,olinda,PE
53060,-7.973234388,-34.84930541,olinda,PE
53070,-7.96465555,-34.84517019,olinda,PE
53080,-7.962007385,-34.85114362,olinda,PE
53090,-7.96053555,-34.85296133,olinda,PE
53110,-8.027703477,-34.8709893,olinda,PE
53120,-8.010487492,-34.84637398,olinda,PE
53130,-7.98827517,-34.84064226,olinda,PE
53140,-7.977473124,-34.84207888,olinda,PE
53150,-7.964744261,-34.83988108,olinda,PE
53160,-7.992113153,-34.89835513,olinda,PE
53170,-7.987752492,-34.9068614,olinda,PE
53180,-7.99140301,-34.89359106,olinda,PE
53190,-7.982111937,-34.89947289,olinda,PE
53210,-7.99703669,-34.90095324,olinda,PE
53220,-8.011018017,-34.87619528,olinda,PE
53230,-8.012711648,-34.86432213,olinda,PE
53240,-8.00755428,-34.85263433,olinda,PE
53250,-7.986314729,-34.85240536,olinda,PE
53260,-8.007673288,-34.88192811,olinda,PE
53270,-8.000135492,-34.88802442,olinda,PE
53280,-7.995748528,-34.88956445,olinda,PE
53290,-8.007697077,-34.8702342,olinda,PE
53300,-8.00509408,-34.87464953,olinda,PE
53320,-8.000503404,-34.85252531,olinda,PE
53330,-8.002681529,-34.85988397,olinda,PE
53350,-7.986800631,-34.86310127,olinda,PE
53360,-7.979011309,-34.88336026,olinda,PE
53370,-7.993719539,-34.85994605,olinda,PE
53401,-7.941991376,-34.87869747,paulista,PE
53402,-7.963617864,-34.87040409,paulista,PE
53403,-7.957770245,-34.87486907,paulista,PE
53404,-7.977419123,-34.90413476,paulista,PE
53405,-7.961734269,-34.87358164,paulista,PE
53407,-7.952929015,-34.89273914,paulista,PE
53409,-7.948599819,-34.89545663,paulista,PE
53413,-7.941211191,-34.89614002,paulista,PE
53415,-7.933580268,-34.8856978,paulista,PE
53416,-7.930126061,-34.88902384,paulista,PE
53417,-7.934467596,-34.89041316,paulista,PE
53421,-7.933195274,-34.861777,paulista,PE
53422,-7.938265788,-34.86124531,paulista,PE
53423,-7.925731129,-34.85961449,paulista,PE
53425,-7.900344431,-34.83970547,paulista,PE
53427,-7.857729059,-34.83803172,paulista,PE
53429,-7.890258354,-34.833478,paulista,PE
53431,-7.903987874,-34.83586277,paulista,PE
53433,-7.910020609,-34.83775142,paulista,PE
53435,-7.919257256,-34.83286236,paulista,PE
53437,-7.931669361,-34.83187145,paulista,PE
53439,-7.94479659,-34.8344316,paulista,PE
53441,-7.948278228,-34.87024923,paulista,PE
53442,-7.952514649,-34.85466639,paulista,PE
53443,-7.95282551,-34.87353098,paulista,PE
53444,-7.949294017,-34.86833203,paulista,PE
53510,-7.906241807,-34.89904929,abreu e lima,PE
53520,-7.912541609,-34.90479612,abreu e lima,PE
53525,-7.910952123,-34.90352129,abreu e lima,PE
53530,-7.919187334,-34.92652844,abreu e lima,PE
53540,-7.924109529,-34.92019173,abreu e lima,PE
53545,-7.913519977,-34.90877688,abreu e lima,PE
53550,-7.907848483,-34.91103278,abreu e lima,PE
53560,-7.904941278,-34.906527,abreu e lima,PE
53565,-7.903252561,-34.90447166,abreu e lima,PE
53570,-7.890734477,-34.91389306,abreu e lima,PE
53580,-7.899953832,-34.89989093,abreu e lima,PE
53585,-7.897723918,-34.90469934,abreu e lima,PE
53605,-7.820761821,-34.91532113,igarassu,PE
53610,-7.830738785,-34.90745344,igarassu,PE
53615,-7.815888211,-34.90558347,igarassu,PE
53620,-7.844729859,-34.90499218,igarassu,PE
53625,-7.869868786,-34.90459867,igarassu,PE
53630,-7.853787217,-34.91210126,igarassu,PE
53635,-7.872021106,-34.90857291,igarassu,PE
53637,-7.862299386,-34.91381562,igarassu,PE
53640,-7.834114133,-34.91864213,igarassu,PE
53645,-7.870472062,-34.91190638,igarassu,PE
53650,-7.814731844,-34.92434027,igarassu,PE
53690,-7.788981425,-35.08885269,aracoiaba,PE
53700,-7.775111005,-34.89754806,itapissuma,PE
53900,-7.757660338,-34.83320763,ilha de itamaraca,PE
53990,-3.848720973,-32.41410012,fernando de noronha,PE
54070,-8.107652409,-35.02285471,jaboatao dos guararapes,PE
54080,-8.111351069,-35.0215652,jaboatao dos guararapes,PE
54090,-8.125773662,-35.01995931,jaboatao dos guararapes,PE
54100,-8.122226477,-35.01310184,jaboatao dos guararapes,PE
54110,-8.112201585,-35.01666364,jaboatao dos guararapes,PE
54120,-8.107099467,-35.00864469,jaboatao dos guararapes,PE
54140,-8.098973799,-35.01606243,jaboatao dos guararapes,PE
54150,-8.10869414,-34.99263499,jaboatao dos guararapes,PE
54160,-8.113790095,-34.99336847,jaboatao dos guararapes,PE
54170,-8.101269183,-34.98377219,jaboatao dos guararapes,PE
54210,-8.098980138,-34.96852881,jaboatão dos guararapes,PE
54220,-8.085907998,-34.99089072,jaboatao dos guararapes,PE
54230,-8.12580045,-34.96814579,jaboatao dos guararapes,PE
54240,-8.117302605,-34.98247359,jaboatão dos guararapes,PE
54245,-8.100736533,-34.99474647,jaboatao dos guararapes,PE
54250,-8.108235451,-34.96843117,jaboatao dos guararapes,PE
54260,-8.118715226,-34.96773964,jaboatao dos guararapes,PE
54270,-8.089536411,-34.98057732,jaboatao dos guararapes,PE
54275,-8.13331678,-34.97195784,jaboatao dos guararapes,PE
54280,-8.111430737,-34.96777017,jaboatão dos guararapes,PE
54290,-8.129165664,-34.96016276,jaboatao dos guararapes,PE
54300,-8.12461373,-34.9653699,jaboatao dos guararapes,PE
54310,-8.157552468,-34.92356965,jaboatao dos guararapes,PE
54315,-8.152532663,-34.92678586,jaboatao dos guararapes,PE
54320,-8.142777798,-34.93850228,jaboatao dos guararapes,PE
54325,-8.159597866,-34.9351513,jaboatao dos guararapes,PE
54330,-8.165738865,-34.93191157,jaboatao dos guararapes,PE
54335,-8.168055901,-34.93700744,jaboatao dos guararapes,PE
54340,-8.191362725,-34.95949594,jaboatão dos guararapes,PE
54345,-8.199914227,-34.9725217,jaboatao dos guararapes,PE
54350,-8.16441223,-34.94843754,jaboatao dos guararapes,PE
54352,-8.172833429,-34.95425211,jaboatao dos guararapes,PE
54353,-8.177621297,-34.93752198,jaboatão dos guararapes,PE
54360,-8.143266244,-34.96818311,jaboatao dos guararapes,PE
54365,-8.151906098,-34.97826396,jaboatao dos guararapes,PE
54368,-8.149989293,-34.95928,jaboatao dos guararapes,PE
54400,-8.157810149,-34.91516116,jaboatao dos guararapes,PE
54410,-8.175899917,-34.92175503,jaboatao dos guararapes,PE
54420,-8.185710484,-34.92425902,jaboatao dos guararapes,PE
54430,-8.193264668,-34.92911296,jaboatao dos guararapes,PE
54440,-8.202085444,-34.92245461,jaboatao dos guararapes,PE
54450,-8.19984274,-34.92236703,jaboatao dos guararapes,PE
54460,-8.183059879,-34.9263245,jaboatao dos guararapes,PE
54470,-8.206955043,-34.92880875,jaboatao dos guararapes,PE
54490,-8.182267318,-34.94912524,jaboatao dos guararapes,PE
54500,-8.32551934,-34.98395579,cabo de santo agostinho,PE
54505,-8.290665662,-35.03955891,cabo de santo agostinho,PE
54510,-8.280863233,-35.02960961,cabo de santo agostinho,PE
54515,-8.28390324,-35.02450558,cabo de santo agostinho,PE
54517,-8.277071013,-35.00626825,cabo de santo agostinho,PE
54520,-8.301868561,-35.02585172,cabo de santo agostinho,PE
54522,-8.232989597,-34.98206953,cabo de santo agostinho,PE
54525,-8.289075831,-35.03090977,cabo de santo agostinho,PE
54530,-8.297839317,-35.04086988,cabo de santo agostinho,PE
54535,-8.293806664,-35.05196686,cabo de santo agostinho,PE
54580,-8.239763894,-34.98525432,cabo de santo agostinho,PE
54589,-8.225032287,-34.96676195,cabo de santo agostinho,PE
54590,-8.302723937,-34.99899378,santo agostinho,PE
54700,-7.985571164,-35.07647803,são lourenço da mata,PE
54705,-8.005510159,-35.01797768,sao lourenco da mata,PE
54710,-8.00156206,-35.04860327,sao lourenco da mata,PE
54715,-8.008589198,-35.02606351,sao lourenco da mata,PE
54720,-8.005713175,-35.03490451,sao lourenco da mata,PE
54725,-7.992048717,-35.04547705,sao lourenco da mata,PE
54727,-7.991181088,-35.05166119,sao lourenco da mata,PE
54730,-7.996436273,-35.04609785,sao lourenco da mata,PE
54733,-8.002344702,-35.00822628,são lourenço da mata,PE
54735,-7.99229573,-35.03908416,sao lourenco da mata,PE
54737,-7.98259366,-35.06900817,sao lourenco da mata,PE
54740,-7.999093599,-35.02978029,sao lourenco da mata,PE
54749,-8.024017798,-35.05888349,sao lourenco da mata,PE
54753,-8.015102647,-34.97090707,camaragibe,PE
54756,-7.999858136,-34.9787883,camaragibe,PE
54758,-8.013534841,-34.96562903,camaragibe,PE
54759,-8.008344157,-34.9852858,camaragibe,PE
54762,-8.025704238,-34.98133592,camaragibe,PE
54765,-8.026658241,-34.99174499,camaragibe,PE
54766,-8.024696376,-34.98810707,camaragibe,PE
54767,-8.027754876,-35.00146633,camaragibe,PE
54768,-8.014777381,-34.99137187,camaragibe,PE
54771,-8.018498173,-34.99132189,camaragibe,PE
54774,-8.015512643,-34.99806953,camaragibe,PE
54777,-8.013411882,-35.00163447,camaragibe,PE
54783,-7.948808381,-35.0216303,camaragibe,PE
54786,-7.957143598,-35.00979605,camaragibe,PE
54789,-7.977534636,-35.00450164,camaragibe,PE
54792,-7.979405219,-34.979432,camaragibe,PE
54800,-8.117514385,-35.11060136,moreno,PE
55002,-8.285687286,-35.96646599,caruaru,PE
55004,-8.285133447,-35.97077217,caruaru,PE
55006,-8.288588754,-35.97783673,caruaru,PE
55008,-8.287184972,-35.98448832,caruaru,PE
55010,-8.278240768,-35.97848432,caruaru,PE
55012,-8.278465617,-35.97166866,caruaru,PE
55014,-8.269795887,-35.97535579,caruaru,PE
55016,-8.263533512,-35.96628264,caruaru,PE
55018,-8.275059881,-35.95941585,caruaru,PE
55019,-8.266626992,-35.95370911,caruaru,PE
55020,-8.279229036,-35.96012914,caruaru,PE
55021,-8.275906791,-35.94975,caruaru,PE
55022,-8.278462796,-35.93408693,caruaru,PE
55024,-8.28760678,-35.95590223,caruaru,PE
55026,-8.293888022,-35.96155161,caruaru,PE
55028,-8.295836772,-35.9659997,caruaru,PE
55030,-8.296675837,-35.97335384,caruaru,PE
55031,-8.308666219,-35.97501431,caruaru,PE
55032,-8.297477281,-35.98157464,caruaru,PE
55034,-8.287521026,-35.99232744,caruaru,PE
55036,-8.283782521,-35.99557454,caruaru,PE
55038,-8.273851478,-35.98844987,caruaru,PE
55040,-8.286712788,-36.00881584,caruaru,PE
55042,-8.275617465,-36.0042279,caruaru,PE
55044,-8.268217497,-35.98728432,caruaru,PE
55120,-8.119032746,-35.85540519,riacho das almas,PE
55125,-8.005955192,-36.05867903,toritama,PE
55130,-8.328284016,-36.13742235,sao caitano,PE
55140,-8.317126577,-36.29201348,tacaimbo,PE
55150,-8.336332159,-36.42002629,belo jardim,PE
55152,-8.339167965,-36.43514348,belo jardim,PE
55153,-8.3327248,-36.42985842,belo jardim,PE
55154,-8.332157632,-36.41726121,belo jardim,PE
55155,-8.330871191,-36.42162767,belo jardim,PE
55156,-21.49408059,-56.15458707,belo jardim,PE
55157,-8.334518291,-36.41623992,belo jardim,PE
55158,-8.34216486,-36.41239957,belo jardim,PE
55160,-16.13353085,-38.70874521,serra do vento,PE
55168,-8.014421219,-34.90060401,água fria,PE
55170,-8.119758966,-36.34744144,brejo da madre de deus,PE
55175,-8.176074681,-36.19531529,fazenda nova,PE
55178,-18.24004514,-43.04319485,sao domingos,PE
55180,-7.987393662,-36.49640237,jatauba,PE
55190,-7.94750665,-36.21016023,santa cruz do capibaribe,PE
55191,-7.933741424,-36.19829097,santa cruz do capibaribe,PE
55192,-7.953412156,-36.20383349,santa cruz do capibaribe,PE
55194,-7.951022033,-36.20884467,santa cruz do capibaribe,PE
55195,-7.949952703,-36.21487184,santa cruz do capibaribe,PE
55199,-7.960677963,-36.20464344,santa cruz do capibaribe,PE
55200,-8.36168494,-36.6985735,pesqueira,PE
55240,-8.185397109,-36.70560147,poção,PE
55250,-8.36251089,-36.56234314,sanharo,PE
55260,-8.467172121,-36.77485512,alagoinha,PE
55265,-8.538205697,-36.72504661,perpétuo socorro,PE
55270,-8.577258452,-36.87303335,venturosa,PE
55280,-8.515170308,-36.93883613,pedra,PE
55290,-8.912742075,-36.48126133,garanhuns,PE
55291,-8.90762368,-36.48062798,garanhuns,PE
55292,-8.901158029,-36.49400936,garanhuns,PE
55293,-8.893172716,-36.49425635,garanhuns,PE
55294,-8.883001667,-36.50047921,garanhuns,PE
55295,-8.884477213,-36.48701311,garanhuns,PE
55296,-8.887719516,-36.4802527,garanhuns,PE
55297,-8.876869251,-36.47103244,garanhuns,PE
55298,-8.88514414,-36.46721494,garanhuns,PE
55299,-8.881756447,-36.467126,garanhuns,PE
55302,-8.514445813,-35.12457338,sao pedro,PE
55305,-9.056296753,-36.62421513,terezinha,PE
55310,-9.003899881,-36.32576031,palmeirina,PE
55315,-9.130222957,-36.32872015,correntes,PE
55320,-9.125033718,-36.45925,lagoa do ouro,PE
55325,-9.024839005,-36.57020045,brejão,PE
55330,-9.176329292,-36.68004491,bom conselho,PE
55334,-9.275841959,-36.6133731,rainha isabel,PE
55340,-9.108812539,-37.11702027,aguas belas,PE
55345,-9.055876451,-36.85541971,iati,PE
55350,-8.975025061,-36.68822565,saloá,PE
55355,-8.918811693,-36.65872518,paranatama,PE
55360,-8.774425478,-36.62489739,caetés,PE
55365,-8.738654561,-36.62721732,capoeiras,PE
55370,-8.522807356,-36.44538809,sao bento do una,PE
55375,-8.742211822,-36.33608799,calcado,PE
55380,-8.489007493,-36.23606169,cachoeirinha,PE
55385,-8.661327866,-36.32293402,lajedo,PE
55390,-8.58039761,-36.17821986,ibirajuba,PE
55395,-8.711963127,-36.41573762,jupi,PE
55398,-8.706377278,-36.48669289,jucati,PE
55400,-8.665425347,-35.72603677,catende,PE
55402,-8.599729854,-35.76314491,laje grande,PE
55405,-8.784826706,-35.8136308,maraial,PE
55409,-8.729169391,-35.79556237,jaqueira,PE
55410,-8.80633214,-35.91166912,sao benedito do sul,PE
55415,-8.827202845,-36.01204257,quipapa,PE
55420,-8.878666516,-36.19774529,canhotinho,PE
55430,-8.889457801,-36.28477283,angelim,PE
55435,-8.875087088,-36.36734205,sao joao,PE
55440,-8.625480433,-35.83981993,belem de maria,PE
55445,-8.561677278,-35.82957709,batateira,PE
55450,-8.657245477,-35.90403908,lagoa dos gatos,PE
55460,-8.610039862,-35.95290294,cupira,PE
55470,-8.666594276,-36.02392304,panelas,PE
55473,-8.656497676,-36.10018693,panelas,PE
55480,-8.718260073,-36.13816759,jurema,PE
55485,-12.81299837,-38.73166933,santo antonio das queimadas,PE
55490,-8.488189811,-36.06023398,altinho,PE
55495,-8.455046937,-35.94651435,agrestina,PE
55500,-8.366340905,-35.24120297,escada,PE
55510,-8.345181733,-35.35387819,primavera,PE
55515,-8.376909915,-35.45189171,amaraji,PE
55520,-8.514986468,-35.37740094,ribeirão,PE
55525,-8.473513305,-35.54316885,cortes,PE
55530,-8.584196685,-35.38563892,gameleira,PE
55535,-8.624151022,-35.52608046,joaquim nabuco,PE
55540,-8.680312005,-35.5889205,palmares,PE
55550,-8.706136694,-35.51723296,água preta,PE
55555,-8.806613598,-35.62734339,xexeu,PE
55560,-8.814489428,-35.1967634,barreiros,PE
55565,-8.894515567,-35.15233685,sao jose da coroa grande,PE
55570,-8.662254208,-35.15271246,rio formoso,PE
55578,-8.753783812,-35.11175634,tamandare,PE
55580,-8.595446135,-35.11252611,sirinhaem,PE
55590,-8.441865196,-35.03133102,ipojuca,PE
55592,-8.360723239,-34.98625113,nossa senhora do ó,PE
55595,-8.513416771,-35.12499302,camela,PE
55600,-8.107024862,-35.29715374,vitoria de santo antao,PE
55602,-8.120502273,-35.29647027,vitoria de santo antao,PE
55604,-8.121635838,-35.30283049,vitoria de santo antao,PE
55605,-8.11671192,-35.29598599,vitoria de santo antao,PE
55606,-8.119848637,-35.30919337,vitória de santo antão,PE
55608,-8.112523571,-35.30089611,vitoria de santo antao,PE
55610,-8.108400373,-35.28541223,vitória de santo antão,PE
55612,-8.116243569,-35.28729336,vitoria de santo antao,PE
55614,-8.124927669,-35.28904709,vitoria de santo antao,PE
55618,-15.77808622,-41.0344736,pirituba,PE
55620,-8.000526578,-35.29501288,gloria do goita,PE
55630,-8.140531792,-35.39074667,pombos,PE
55636,-8.240181646,-35.46169237,cha grande,PE
55640,-8.205833536,-35.563581,gravata,PE
55641,-8.200748461,-35.56975323,gravata,PE
55642,-8.197693541,-35.55824465,gravata,PE
55643,-8.212107058,-35.56693453,gravata,PE
55644,-8.210337611,-35.57998328,gravata,PE
55645,-8.195438882,-35.57416261,gravatá,PE
55650,-7.980680807,-35.58197698,passira,PE
55655,-8.010752115,-35.69851651,cumaru,PE
55660,-8.236645736,-35.75482087,bezerros,PE
55665,-8.359955752,-35.76212882,camocim de sao felix,PE
55670,-8.434448652,-35.81065877,são joaquim do monte,PE
55675,-7.940611209,-35.63549046,salgadinho,PE
55680,-8.471907917,-35.73274107,bonito,PE
55690,-8.420432403,-35.66162087,barra de guabiraba,PE
55695,-8.324542919,-35.70823378,sairé,PE
55700,-7.877711226,-35.44809501,limoeiro,PE
55715,-7.949392726,-35.38525575,feira nova,PE
55720,-7.858126435,-35.59236197,joao alfredo,PE
55730,-7.796220609,-35.5893067,bom jardim,PE
55735,-5.011990908,-42.03111682,bizarra,PE
55740,-7.686357234,-35.5152677,machados,PE
55745,-7.749149101,-35.60411556,orobo,PE
55750,-7.841478546,-35.75945004,surubim,PE
55755,-7.754587487,-35.71899093,casinhas,PE
55760,-7.784436,-35.8328825,vertente do lerio,PE
55765,-7.828457573,-35.88185635,santa maria do cambuca,PE
55770,-7.906377654,-35.98913305,vertentes,PE
55780,-7.944719223,-35.91419287,frei miguelinho,PE
55790,-7.910858713,-36.0716188,taquaritinga do norte,PE
55800,-7.743509777,-35.22705301,nazare da mata,PE
55805,-7.802056206,-35.23636556,tracunhaem,PE
55811,-7.844272765,-35.24648589,carpina,PE
55813,-7.849688283,-35.25896798,carpina,PE
55814,-7.84587297,-35.26392871,carpina,PE
55815,-7.841772948,-35.2549697,carpina,PE
55816,-7.843310919,-35.26329963,carpina,PE
55817,-7.837823829,-35.24830859,carpina,PE
55818,-7.849404047,-35.25218618,carpina,PE
55819,-7.843488148,-35.23456051,carpina,PE
55820,-7.842740142,-35.31142138,lagoa do carro,PE
55825,-7.894342062,-35.17864171,paudalho,PE
55835,-7.997070278,-35.21069704,cha de alegria,PE
55840,-7.929896586,-35.29352277,lagoa do itaenga,PE
55845,-7.724441375,-35.32730107,buenos aires,PE
55850,-7.65749567,-35.3213061,vicencia,PE
55860,-7.594753578,-35.48780796,sao vicente ferrer,PE
55865,-7.553526582,-35.45050467,macaparana,PE
55870,-7.511929938,-35.31684951,timbauba,PE
55880,-7.44887173,-35.24281433,ferreiros,PE
55890,-7.59513524,-35.22282841,alianca,PE
55900,-7.562444862,-34.99937529,goiana,PE
55920,-7.409554108,-35.11481294,itambe,PE
55930,-7.408333949,-35.27303671,camutanga,PE
55940,-7.587710043,-35.10230029,condado,PE
55950,-7.66674054,-35.10280339,itaquitinga,PE
56000,-8.070960882,-39.1234773,salgueiro,PE
56120,-7.933783222,-38.9706019,verdejante,PE
56130,-7.71930958,-39.2374146,cedro,PE
56140,-7.94567692,-39.29645576,serrita,PE
56150,-7.618039546,-39.54302195,moreilandia,PE
56160,-7.712360003,-39.62467256,granito,PE
56163,-8.091550632,-39.58027764,parnamirim,PE
56170,-8.617094295,-39.60183696,oroco,PE
56180,-8.506721377,-39.30909443,cabrobo,PE
56190,-8.228592955,-39.37675172,terra nova,PE
56200,-7.887590133,-40.08427106,ouricuri,PE
56210,-8.188723793,-40.66000828,santa filomena,PE
56215,-8.239781006,-40.33257082,santa cruz,PE
56220,-7.778681519,-39.93695012,bodocó,PE
56230,-7.525154097,-39.72836108,exu,PE
56250,-7.760725408,-40.26833732,trindade,PE
56260,-7.647448804,-40.15244315,ipubi,PE
56280,-7.577678686,-40.50136207,araripina,PE
56302,-9.398533594,-40.49488188,petrolina,PE
56304,-9.393612108,-40.50075029,petrolina,PE
56306,-9.387946395,-40.51177921,petrolina,PE
56308,-9.394953003,-40.51367508,petrolina,PE
56309,-9.374186543,-40.53687803,petrolina,PE
56310,-9.381290778,-40.53232436,petrolina,PE
56312,-9.387741325,-40.54439368,petrolina,PE
56313,-9.368870706,-40.53800841,petrolina,PE
56314,-9.369440534,-40.53616224,petrolina,PE
56316,-9.358477697,-40.5363482,petrolina,PE
56317,-9.362301362,-40.54883039,petrolina,PE
56318,-9.378901688,-40.51856461,petrolina,PE
56319,-9.378393347,-40.51163795,petrolina,PE
56320,-9.368950235,-40.49100224,petrolina,PE
56321,-9.36942018,-40.50782534,petrolina,PE
56322,-9.359560608,-40.49922324,petrolina,PE
56323,-9.359119548,-40.49792801,petrolina,PE
56326,-9.359067365,-40.48617233,petrolina,PE
56328,-9.388984662,-40.48899851,petrolina,PE
56330,-9.383555605,-40.49564363,petrolina,PE
56331,-9.37438182,-40.51506484,petrolina,PE
56332,-9.387578875,-40.46695944,petrolina,PE
56345,-9.379866148,-40.53875173,rajada,PE
56355,-8.446178191,-40.76792402,dormentes,PE
56360,-8.527649408,-41.0206011,afrânio,PE
56380,-8.792604801,-39.82670283,santa maria da boa vista,PE
56395,-9.000529078,-40.26335981,lagoa grande,PE
56400,-8.597804297,-38.56979971,floresta,PE
56420,-8.320907185,-38.74323981,carnaubeira da penha,PE
56430,-8.727429499,-38.68793984,itacuruba,PE
56440,-8.734363101,-38.96076192,belém do são francisco,PE
56460,-8.977994568,-38.22122765,petrolandia,PE
56470,-9.179905004,-38.25536722,jatoba,PE
56480,-9.104113253,-38.12868039,tacaratu,PE
56502,-8.408637603,-37.0801902,arcoverde,PE
56503,-8.412623656,-37.06309942,arcoverde,PE
56504,-8.416009761,-37.0544594,arcoverde,PE
56505,-8.417741356,-37.05082872,arcoverde,PE
56506,-8.419893014,-37.05670085,arcoverde,PE
56509,-8.423591693,-37.05980894,arcoverde,PE
56510,-8.424489046,-37.05831483,arcoverde,PE
56511,-8.428807591,-37.05962772,arcoverde,PE
56512,-8.414747299,-37.06880643,arcoverde,PE
56515,-8.417541194,-37.04859295,arcoverde,PE
56516,-8.433317128,-37.06905221,arcoverde,PE
56517,-8.416261297,-37.04481951,arcoverde,PE
56519,-8.417316766,-37.0409,arcoverde,PE
56520,-8.620609787,-37.14944719,buique,PE
56540,-8.751434755,-37.34071605,tupanatinga,PE
56550,-8.945809359,-37.41983967,itaíba,PE
56560,-8.902054498,-37.82535105,inajá,PE
56565,-8.962860755,-37.62602456,manari,PE
56580,-8.541240665,-37.69097342,ibimirim,PE
56600,-8.076095735,-37.27177645,sertania,PE
56640,-8.089040072,-37.64423185,custodia,PE
56670,-8.249212622,-38.02403544,betânia,PE
56700,-7.586606397,-37.46428192,sao jose do egito,PE
56720,-7.378575294,-37.19177087,itapetim,PE
56740,-7.349397091,-37.28588974,brejinho,PE
56750,-7.376063883,-37.4790845,santa terezinha,PE
56760,-7.605668099,-37.31458241,tuparetama,PE
56780,-7.590727896,-37.53988022,tabira,PE
56795,-7.600485182,-37.65125339,solidao,PE
56800,-7.759829834,-37.56020507,afogados da ingazeira,PE
56820,-7.805111757,-37.79353934,caraiba,PE
56825,-7.66736927,-37.68926113,ibitiranga,PE
56828,-7.718336396,-37.85002849,quixada,PE
56830,-7.677575154,-37.45957398,ingazeira,PE
56840,-7.835449149,-37.49101978,iguaraci,PE
56848,-8.115034341,-36.21673712,jabitaca,PE
56850,-7.891366669,-37.93022418,flores,PE
56870,-7.836609085,-38.10231711,triunfo,PE
56895,-7.820389925,-38.15338351,santa cruz da baixa verde,PE
56903,-7.987960049,-38.29501967,serra talhada,PE
56906,-7.984714089,-38.30471278,serra talhada,PE
56909,-7.98166831,-38.28481382,serra talhada,PE
56912,-7.990403053,-38.28930685,serra talhada,PE
56915,-7.998162353,-38.30390693,serra talhada,PE
56930,-7.939345239,-38.15328763,calumbi,PE
56950,-7.865781662,-38.75903891,sao jose do belmonte,PE
56980,-8.125635963,-38.72925916,mirandiba,PE
57000,-9.638605854,-35.71022155,maceió,AL
57010,-9.668679847,-35.75574305,maceió,AL
57014,-9.658378161,-35.75674875,maceió,AL
57015,-9.653907503,-35.75767544,maceio,AL
57017,-9.637041923,-35.74740106,maceio,AL
57018,-9.617412206,-35.7538911,maceio,AL
57020,-9.637838806,-35.74091881,maceio,AL
57022,-9.658785272,-35.72740448,maceio,AL
57025,-9.660176,-35.72199571,maceio,AL
57030,-9.665432209,-35.71468616,maceio,AL
57031,-9.648508565,-35.71627155,maceio,AL
57035,-9.656989321,-35.70666801,maceio,AL
57036,-9.647710959,-35.70620432,maceio,AL
57037,-9.644585386,-35.70986424,maceio,AL
57038,-9.626772284,-35.69902725,maceio,AL
57039,-9.578299107,-35.66043233,maceio,AL
57040,-9.64092598,-35.72414749,maceio,AL
57041,-9.625896891,-35.71859501,maceio,AL
57042,-9.618112802,-35.72922891,maceio,AL
57043,-9.634564224,-35.7263481,maceio,AL
57044,-9.618346072,-35.70598989,maceio,AL
57045,-9.612838564,-35.7242147,maceio,AL
57046,-9.606480228,-35.72290203,maceio,AL
57048,-9.590747706,-35.741075,maceio,AL
57050,-9.642821078,-35.73317627,maceió,AL
57051,-9.655002377,-35.73440143,maceio,AL
57052,-9.624370714,-35.73376402,maceio,AL
57055,-9.635531947,-35.7397505,maceio,AL
57057,-9.627749378,-35.74128308,maceio,AL
57060,-9.586745672,-35.77057867,maceio,AL
57061,-9.592062745,-35.76320801,maceio,AL
57062,-9.60577892,-35.75799167,maceio,AL
57063,-9.602354471,-35.76957868,maceio,AL
57070,-9.59474436,-35.78294733,maceió,AL
57071,-9.58714334,-35.77316975,maceio,AL
57072,-9.558252797,-35.77158851,maceio,AL
57073,-9.558742709,-35.76072381,maceio,AL
57074,-9.552955263,-35.74681944,maceio,AL
57075,-9.557203301,-35.78335594,maceio,AL
57080,-9.595761134,-35.74882664,maceio,AL
57081,-9.575134598,-35.75675722,maceio,AL
57082,-9.581009993,-35.75773253,maceio,AL
57083,-9.56152015,-35.7462635,maceio,AL
57084,-9.557463278,-35.72953913,maceio,AL
57085,-9.558634084,-35.73914118,maceió,AL
57086,-9.631615648,-35.73311866,maceio,AL
57100,-9.497191293,-35.83329663,rio largo,AL
57120,-9.569708629,-35.82583626,satuba,AL
57130,-9.601084296,-35.82385711,santa luzia do norte,AL
57140,-9.637658609,-35.79101525,coqueiro seco,AL
57150,-9.599890845,-35.9567477,pilar,AL
57160,-9.731920433,-35.85914026,marechal deodoro,AL
57180,-9.83863907,-35.89620515,barra de sao miguel,AL
57200,-10.28641322,-36.56825681,penedo,AL
57210,-10.40198438,-36.41996617,piacabucu,AL
57220,-10.29419526,-36.30855175,feliz deserto,AL
57230,-10.12551531,-36.1749137,coruripe,AL
57235,-10.05558047,-36.05262131,poxim,AL
57240,-9.781606899,-36.09846911,sao miguel dos campos,AL
57241,-9.783099416,-36.10188392,sao miguel dos campos,AL
57242,-9.783250256,-36.09150715,sao miguel dos campos,AL
57244,-10.01141578,-36.02319565,jequia da praia,AL
57245,-9.800590979,-36.10789903,sao miguel dos campos,AL
57246,-9.862665196,-35.97286089,roteiro,AL
57250,-9.784323077,-36.34994069,campo alegre,AL
57255,-19.90536973,-43.94830638,jequia da praia,AL
57257,-9.833468286,-35.97768357,roteiro,AL
57258,-9.756281099,-36.23494211,luziapolis,AL
57260,-9.625269657,-36.02242531,limoeiro de anadia,AL
57265,-9.911323554,-36.35627071,teotonio vilela,AL
57270,-9.888675029,-36.46836013,junqueiro,AL
57275,-9.938980157,-36.55104363,sao sebastiao,AL
57280,-10.12780636,-36.65614281,igreja nova,AL
57290,-10.14937079,-36.78455846,porto real do colegio,AL
57300,-9.752028855,-36.66119721,arapiraca,AL
57301,-9.766333151,-36.64836895,arapiraca,AL
57302,-9.761803841,-36.63721537,arapiraca,AL
57303,-9.780292536,-36.6381071,arapiraca,AL
57304,-9.76230867,-36.66186146,arapiraca,AL
57305,-9.750486268,-36.67025544,arapiraca,AL
57306,-9.742353267,-36.66885471,arapiraca,AL
57307,-9.732249599,-36.67364368,arapiraca,AL
57308,-9.72673252,-36.66726793,arapiraca,AL
57309,-9.721549631,-36.67993654,arapiraca,AL
57310,-9.736775347,-36.66277672,arapiraca,AL
57311,-9.742123377,-36.6564042,arapiraca,AL
57312,-9.744918482,-36.65228572,arapiraca,AL
57313,-9.754148588,-36.65058034,arapiraca,AL
57314,-9.748612992,-36.64327252,arapiraca,AL
57315,-9.734249616,-36.64368621,arapiraca,AL
57316,-9.759784196,-36.646726,arapiraca,AL
57317,-9.7974495,-36.625158,arapiraca,AL
57319,-0.483504696,-28.42444412,vila sao francisco,AL
57320,-9.617563139,-36.76759234,craibas,AL
57325,-9.636905726,-36.57964853,coite do noia,AL
57330,-9.827487318,-36.74179186,lagoa da canoa,AL
57340,-9.900532933,-36.67569826,feira grande,AL
57350,-9.959598568,-36.79002181,campo grande,AL
57360,-9.884218076,-36.82478093,girau do ponciano,AL
57370,-9.967932445,-37.0028741,traipu,AL
57380,-10.12644034,-36.8988395,sao bras,AL
57390,-10.05737692,-36.81265754,olho dágua grande,AL
57400,-9.747540884,-37.4360539,pão de açúcar,AL
57410,-9.672143904,-37.33000004,palestina,AL
57420,-9.674351095,-37.12751526,batalha,AL
57425,-9.659669658,-37.0015683,jaramataia,AL
57430,-9.634283271,-37.20614778,jacare dos homens,AL
57440,-9.603077766,-37.24771684,monteiropolis,AL
57442,-9.533953253,-37.29475051,olho d'agua das flores,AL
57445,-9.559173827,-37.38200157,sao jose da tapera,AL
57460,-9.61138061,-37.75910004,piranhas,AL
57470,-9.501612044,-37.832093,olho d'água do casado,AL
57475,-9.259261226,-38.00595801,pariconha,AL
57480,-9.382493141,-38.01055015,delmiro gouveia,AL
57490,-9.262055423,-37.93512658,agua branca,AL
57500,-9.373149147,-37.24630827,santana do ipanema,AL
57510,-9.303422443,-37.30062946,poco das trincheiras,AL
57515,-9.467764343,-37.45630561,senador rui palmeira,AL
57520,-9.233525307,-37.35892521,maravilha,AL
57525,-9.162032471,-37.35768501,ouro branco,AL
57530,-9.115906532,-37.60678417,canapi,AL
57535,-9.484300483,-37.3745159,carneiros,AL
57540,-9.117820476,-37.7422449,mata grande,AL
57545,-9.222300971,-37.74833004,inhapi,AL
57550,-9.514614693,-37.1893846,olivenca,AL
57560,-9.387081057,-37.08918598,dois riachos,AL
57570,-9.401185056,-36.98270904,cacimbinhas,AL
57580,-9.539841721,-37.01495525,major isidoro,AL
57600,-9.405615368,-36.62951749,palmeira dos indios,AL
57601,-9.413511741,-36.63639384,palmeira dos indios,AL
57602,-9.411547825,-36.62319104,palmeira dos indios,AL
57603,-9.417662772,-36.62939841,palmeira dos indios,AL
57604,-9.428342933,-36.62835256,palmeira dos indios,AL
57605,-9.415886156,-36.62221434,palmeira dos indios,AL
57606,-9.411108279,-36.65186753,palmeira dos índios,AL
57607,-9.417336431,-36.64386473,palmeira dos indios,AL
57608,-9.410005917,-36.64741005,palmeira dos índios,AL
57620,-9.538272597,-36.63124088,igaci,AL
57625,-9.388802041,-36.76056802,estrela de alagoas,AL
57630,-9.58337464,-36.47019909,belem,AL
57635,-9.534569469,-36.43385304,tanque d'arca,AL
57640,-9.647419962,-36.49400161,taquarana,AL
57660,-9.684047221,-36.30329345,anadia,AL
57670,-9.575858849,-36.30347185,maribondo,AL
57680,-9.644246829,-36.21371253,boca da mata,AL
57690,-9.506693572,-36.0148813,atalaia,AL
57700,-9.373296142,-36.24547978,vicosa,AL
57720,-9.475011166,-36.28899322,pindoba,AL
57730,-9.451208582,-36.38771183,mar vermelho,AL
57740,-9.368571802,-36.37146069,paulo jacinto,AL
57750,-9.316654311,-36.46675349,quebrangulo,AL
57760,-9.256854897,-36.29755922,cha preta,AL
57770,-9.398762701,-36.14695695,cajueiro,AL
57780,-9.412088128,-36.08165328,capela,AL
57800,-9.157218564,-36.02697872,uniao dos palmares,AL
57820,-9.310496215,-35.94520588,murici,AL
57830,-9.246908507,-36.01437848,branquinha,AL
57840,-9.166493174,-36.2185022,santana do mundau,AL
57860,-9.007625824,-36.05768482,sao jose da laje,AL
57890,-8.968582604,-35.92588222,ibateguara,AL
57900,-9.053688837,-35.39820164,porto calvo,AL
57910,-9.156550877,-35.53292852,matriz de camaragibe,AL
57920,-9.313365469,-35.56758966,sao luis do quitunde,AL
57925,-9.408516706,-35.50889634,barra de santo antonio,AL
57930,-9.250591921,-35.48615737,passo de camaragibe,AL
57935,-9.462653803,-35.54698141,paripueira,AL
57940,-9.260974726,-35.38016526,sao miguel dos milagres,AL
57945,-9.156245682,-35.30990792,porto de pedras,AL
57950,-9.098483573,-35.26618172,japaratinga,AL
57955,-9.007675987,-35.22004824,maragogi,AL
57960,-8.842251908,-35.45725397,jacuípe,AL
57965,-8.940751921,-35.55446484,jundia,AL
57968,-8.851263654,-35.56730445,campestre,AL
57970,-8.94192021,-35.66359194,novo lino,AL
57975,-8.918939545,-35.72990569,colonia leopoldina,AL
57980,-9.138199154,-35.75610728,joaquim gomes,AL
57990,-9.389472781,-35.83969072,messias,AL
57995,-9.275903813,-35.72658448,flexeiras,AL
58010,-7.120402559,-34.88496427,joão pessoa,PB
58011,-7.1280636,-34.89191527,joão pessoa,PB
58013,-7.122251945,-34.87730442,joao pessoa,PB
58015,-7.133875851,-34.87731843,joao pessoa,PB
58020,-7.113471167,-34.87652142,joao pessoa,PB
58025,-7.1117789,-34.86535123,joao pessoa,PB
58026,-7.106932602,-34.86849725,joao pessoa,PB
58027,-7.100774107,-34.86456324,joao pessoa,PB
58028,-7.102544249,-34.85373841,joao pessoa,PB
58030,-7.114710809,-34.85561616,joao pessoa,PB
58031,-7.113985553,-34.84760827,joao pessoa,PB
58032,-7.1177044,-34.83585311,joao pessoa,PB
58033,-7.114798665,-34.83975465,joao pessoa,PB
58034,-7.107641629,-34.84217115,joão pessoa,PB
58035,-7.068379564,-34.84241561,joao pessoa,PB
58036,-7.095003522,-34.84325584,joao pessoa,PB
58037,-7.085468147,-34.836183,joao pessoa,PB
58038,-7.105146304,-34.83445236,joão pessoa,PB
58039,-7.11564665,-34.82739106,joao pessoa,PB
58040,-7.126030806,-34.86318753,joao pessoa,PB
58041,-7.123023805,-34.85344889,joao pessoa,PB
58042,-7.1215725,-34.8463912,joao pessoa,PB
58043,-7.122515955,-34.83506948,joao pessoa,PB
58045,-7.128563538,-34.82306329,joão pessoa,PB
58046,-7.145019005,-34.82435747,joao pessoa,PB
58047,-7.162589032,-34.79934671,joao pessoa,PB
58050,-7.131917511,-34.84673622,joao pessoa,PB
58051,-7.147294056,-34.83961089,joao pessoa,PB
58052,-7.155813301,-34.83678434,joao pessoa,PB
58053,-7.152907201,-34.85094054,joao pessoa,PB
58055,-7.168371195,-34.8417477,joao pessoa,PB
58056,-7.175164297,-34.84116149,joao pessoa,PB
58057,-7.183449605,-34.84126793,joao pessoa,PB
58058,-7.167163645,-34.83025744,joao pessoa,PB
58059,-7.17871597,-34.82740271,joao pessoa,PB
58062,-7.205045864,-34.83758853,joao pessoa,PB
58063,-7.200400044,-34.85159237,joao pessoa,PB
58064,-7.194591657,-34.84485323,joao pessoa,PB
58065,-7.200244921,-34.85740301,joao pessoa,PB
58066,-7.214857302,-34.83633306,joão pessoa,PB
58067,-7.211811592,-34.85040001,joao pessoa,PB
58068,-7.198639773,-34.86584065,joao pessoa,PB
58069,-7.170199148,-34.87702716,joão pessoa,PB
58070,-7.152431783,-34.8774585,joão pessoa,PB
58071,-7.16265632,-34.87027192,joão pessoa,PB
58073,-7.167711137,-34.85586576,joao pessoa,PB
58074,-7.17472354,-34.8571425,joao pessoa,PB
58075,-7.179254904,-34.86962641,joao pessoa,PB
58076,-7.175548325,-34.8802255,joao pessoa,PB
58077,-7.182680706,-34.86234972,joao pessoa,PB
58078,-7.180295985,-34.88245029,joao pessoa,PB
58079,-7.184698985,-34.88416384,joao pessoa,PB
58080,-7.173031545,-34.89059514,joao pessoa,PB
58081,-7.17738439,-34.89100024,joao pessoa,PB
58082,-7.17237514,-34.89992098,joao pessoa,PB
58083,-7.177879926,-34.92533679,joao pessoa,PB
58084,-7.167114264,-34.91000586,joao pessoa,PB
58085,-7.144269582,-34.88807376,joao pessoa,PB
58086,-7.15260213,-34.89100219,joao pessoa,PB
58087,-7.160908341,-34.89054501,joao pessoa,PB
58088,-7.15557025,-34.90131246,joao pessoa,PB
58090,-7.137366753,-34.90992072,joao pessoa,PB
58100,-6.972896748,-34.83420894,cabedelo,PB
58101,-7.017655189,-34.8322915,cabedelo,PB
58102,-7.04536123,-34.8420982,cabedelo,PB
58103,-7.007676131,-34.91892876,cabedelo,PB
58105,-7.020278389,-34.84060234,cabedelo,PB
58106,-7.236668939,-35.89346028,campina grande,PB
58107,-7.240182559,-35.92355247,campina grande,PB
58108,-7.089956463,-35.10756286,cabedelo,PB
58109,-7.226365512,-35.92605872,campina grande,PB
58115,-7.147147255,-35.96136762,puxinana,PB
58117,-7.159336992,-35.85623112,lagoa seca,PB
58119,-7.103223344,-35.86753533,sao sebastiao de lagoa de roca,PB
58120,-7.179094566,-35.73343874,massaranduba,PB
58123,-7.26435876,-36.2415411,boa vista,PB
58125,-7.061969027,-35.76440866,alagoa nova,PB
58128,-7.12252389,-35.77066667,matinhas,PB
58135,-7.018672399,-35.8593039,esperanca,PB
58140,-7.048617956,-35.92421174,areial,PB
58145,-7.086892528,-35.95922466,montadas,PB
58150,-7.078711044,-36.05967093,pocinhos,PB
58155,-7.058849598,-36.36348349,soledade,PB
58167,-6.863480405,-36.35493009,cubati,PB
58170,-6.722975853,-36.05636685,barra de santa rosa,PB
58173,-6.631677215,-35.90761923,damiao,PB
58175,-6.484892407,-36.15177293,cuite,PB
58177,-6.764674391,-36.24693607,sossego,PB
58178,-6.455501842,-36.20590797,nova floresta,PB
58180,-6.757648681,-36.46760149,pedra lavrada,PB
58184,-6.679054234,-36.41984928,nova palmeira,PB
58187,-6.506546017,-36.34468988,picuí,PB
58188,-6.644907071,-36.24817306,barauna,PB
58195,-6.402787306,-36.45164107,frei martinho,PB
58200,-6.852092561,-35.49092151,guarabira,PB
58208,-6.89631516,-35.52457486,cuitegi,PB
58210,-6.843274433,-35.52899873,piloezinhos,PB
58213,-6.7798305,-35.49712702,pirpirituba,PB
58220,-6.748088778,-35.63143102,bananeiras,PB
58225,-6.759474884,-35.65754162,solânea,PB
58228,-6.604248377,-35.62757214,dona inês,PB
58230,-6.641588616,-35.79174834,cacimba de dentro,PB
58233,-6.534118134,-35.7432839,araruna,PB
58238,-6.780540393,-35.81915018,casserengue,PB
58250,-6.673452346,-35.37509664,lagoa de dentro,PB
58253,-6.617638777,-35.46900561,caicara,PB
58254,-6.573571692,-35.43769849,logradouro,PB
58255,-6.698070711,-35.53696266,belém,PB
58260,-6.688574251,-35.43328944,serra da raiz,PB
58265,-6.688502968,-35.41885839,duas estradas,PB
58268,-6.752233657,-35.43976127,sertaozinho,PB
58270,-6.851202726,-35.38080183,aracagi,PB
58273,-6.644478045,-35.29162658,pedro regis,PB
58275,-6.8295356,-35.24675386,itapororoca,PB
58278,-6.613273683,-35.29173111,jacarau,PB
58280,-6.837168595,-35.12688719,mamanguape,PB
58287,-6.898694295,-35.19935979,capim,PB
58289,-6.913615302,-35.24424992,cuite de mamanguape,PB
58291,-6.718979213,-35.26602567,curral de cima,PB
58292,-6.595774802,-35.05599699,mataraca,PB
58297,-6.803382095,-35.07673804,rio tinto,PB
58300,-7.123777115,-34.9788177,santa rita,PB
58301,-7.132037542,-34.98123045,santa rita,PB
58302,-7.151874469,-34.96633132,santa rita,PB
58303,-7.151794218,-34.97178789,santa rita,PB
58304,-7.125716472,-34.95193645,santa rita,PB
58305,-7.128321583,-34.91319055,bayeux,PB
58306,-7.125235405,-34.92120676,bayeux,PB
58307,-7.128209513,-34.93410255,bayeux,PB
58308,-7.133805316,-34.93453802,bayeux,PB
58309,-7.136645784,-34.92364097,bayeux,PB
58310,-7.015720451,-34.83910149,cabedelo,PB
58315,-6.93274371,-34.86493363,lucena,PB
58320,-7.43396878,-34.9104477,alhandra,PB
58322,-7.281531938,-34.83245503,conde,PB
58324,-7.490764882,-34.81292072,pitimbu,PB
58326,-7.517500791,-34.91525331,caapora,PB
58328,-7.401989294,-35.11521554,pedras de fogo,PB
58330,-7.373340133,-35.2385321,juripiranga,PB
58334,-7.249643062,-35.2106223,sao miguel de taipu,PB
58337,-7.140305987,-35.0899962,cruz do espirito santo,PB
58338,-7.262389717,-35.26037387,pilar,PB
58339,-7.247067229,-35.38054366,são josé dos ramos,PB
58340,-7.092610294,-35.23149849,sape,PB
58342,-7.14746945,-35.23749154,sobrado,PB
58345,-7.058829894,-35.31672312,mari,PB
58350,-7.161965454,-35.34996168,caldas brandao,PB
58354,-7.031229602,-35.46519078,mulungu,PB
58356,-7.125012779,-35.42417873,gurinhem,PB
58360,-7.331548867,-35.33614084,itabaiana,PB
58370,-7.380759305,-35.4500696,salgado de sao felix,PB
58375,-7.304785227,-35.47764474,mogeiro,PB
58378,-7.377777214,-35.62894968,itatuba,PB
58380,-7.290068211,-35.60606785,ingá,PB
58382,-7.247635559,-35.66622596,riachão do bacamarte,PB
58385,-7.185330489,-35.68043589,serra redonda,PB
58387,-7.175803573,-35.58927191,juarez tavora,PB
58388,-7.041755697,-35.63219332,alagoa grande,PB
58390,-6.94927512,-35.54543764,alagoinha,PB
58393,-6.866817579,-35.61130771,pilões,PB
58395,-6.819015679,-35.64201386,serraria,PB
58396,-6.827717636,-35.76039335,arara,PB
58397,-6.966729047,-35.70250563,areia,PB
58398,-6.965112884,-35.79513567,remígio,PB
58399,-6.904074428,-36.01124479,algodão de jandaíra,PB
58400,-7.219468653,-35.89009882,campina grande,PB
58401,-7.209296482,-35.88307818,campina grande,PB
58402,-7.208491849,-35.87446841,campina grande,PB
58403,-7.207506513,-35.88881115,campina grande,PB
58404,-7.200371718,-35.89946781,campina grande,PB
58406,-7.216352228,-35.86955186,campina grande,PB
58407,-7.227950443,-35.86967213,campina grande,PB
58408,-7.243565775,-35.86617771,campina grande,PB
58410,-7.239732578,-35.87894075,campina grande,PB
58411,-7.254647553,-35.88086509,campina grande,PB
58414,-7.239387292,-35.89435059,campina grande,PB
58415,-7.249322877,-35.89949596,campina grande,PB
58416,-7.234276884,-35.90222547,campina grande,PB
58417,-7.248690227,-35.91161979,campina grande,PB
58418,-7.2598285,-35.9079535,campina grande,PB
58420,-7.27202583,-35.91461175,campina grande,PB
58421,-7.269665549,-35.92247454,campina grande,PB
58423,-7.250838955,-35.92196027,campina grande,PB
58424,-7.270863313,-35.93640868,campina grande,PB
58428,-7.223322011,-35.90369568,campina grande,PB
58429,-7.217805719,-35.90964298,santa cecilia de umbuzeiro,PB
58430,-7.223875428,-35.91494335,campina grande,PB
58431,-7.208664516,-35.92392156,campina grande,PB
58432,-7.242654004,-35.9213862,santa cecilia de umbuzeiro,PB
58433,-7.23007872,-35.92526144,campina grande,PB
58434,-7.241654306,-35.92787825,campina grande,PB
58436,-7.207082425,-35.94293679,campina grande,PB
58437,-7.210490557,-35.92973013,campina grande,PB
58441,5.013519481,-29.38484559,sao jose da mata,PB
58450,-7.4819807,-36.1321279,boqueirao,PB
58458,-7.523320024,-35.99891768,barra de santana,PB
58460,-7.743232162,-36.06298763,alcantil,PB
58463,-7.74414646,-35.88340145,santa cecilia,PB
58465,-7.69659829,-36.14724947,riacho de santo antonio,PB
58475,-7.36194597,-35.89916124,queimadas,PB
58480,-7.489735282,-36.28813533,cabaceiras,PB
58483,-7.752159182,-36.31843892,barra de sao miguel,PB
58485,-7.633933993,-36.43475454,sao domingos do cariri,PB
58487,-7.358715893,-35.78539734,fagundes,PB
58489,-7.546247808,-35.70730669,aroeiras,PB
58494,-7.642035086,-35.55131212,natuba,PB
58497,-7.695612972,-35.66521288,umbuzeiro,PB
58500,-7.892896565,-37.12235103,monteiro,PB
58515,-8.076670725,-37.09729059,zabele,PB
58520,-8.082587166,-36.85144034,sao joao do tigre,PB
58530,-7.890657731,-36.82492337,camalau,PB
58533,-6.982217132,-34.83016206,pindurão,PB
58535,-7.795972403,-36.66106238,congo,PB
58540,-7.670534219,-36.88087386,sume,PB
58548,-7.567200621,-37.0609239,amparo,PB
58550,-7.69525799,-37.08341262,prata,PB
58560,-7.622383493,-37.15033493,ouro velho,PB
58570,-7.401669309,-36.81697585,sao jose dos cordeiros,PB
58575,-7.317522363,-36.65464974,parari,PB
58580,-7.494554491,-36.67626659,serra branca,PB
58582,-7.606377141,-36.81613928,santa luzia do cariri,PB
58588,-7.629677234,-36.60436899,coxixola,PB
58590,-7.390319253,-36.53183616,são joão do cariri,PB
58600,-6.872211983,-36.9174562,santa luzia,PB
58610,-6.775092239,-36.79887858,sao jose do sabugi,PB
58620,-6.770782618,-36.99130513,varzea,PB
58625,-6.927411062,-37.09677782,são mamede,PB
58640,-6.994437728,-36.71347393,junco do seridó,PB
58660,-7.069986159,-36.57859197,juazeirinho,PB
58665,-6.941104962,-36.6279026,tenorio,PB
58670,-7.246422263,-36.48743571,gurjao,PB
58675,-7.22118386,-36.63355991,santo andre,PB
58680,-7.208839016,-36.82349869,taperoa,PB
58685,-7.077091335,-36.7322487,assuncao,PB
58690,-7.378040274,-36.94445226,livramento,PB
58695,-7.289328572,-37.08906657,desterro,PB
58698,-7.211424306,-37.05905567,cacimbas,PB
58700,-7.026354825,-37.27599845,patos,PB
58701,-7.034988385,-37.28415466,patos,PB
58703,-7.02724563,-37.28781399,patos,PB
58704,-7.017301363,-37.28441465,patos,PB
58705,-7.008093118,-37.28845916,patos,PB
58706,-7.017105777,-37.27514818,patos,PB
58707,-7.048126922,-37.27400786,patos,PB
58708,-7.076204748,-37.28688374,patos,PB
58710,-6.740552934,-37.56897781,vista serrana,PB
58713,-6.907009312,-37.52112819,malta,PB
58714,-6.907953404,-37.60305038,condado,PB
58715,-7.124193,-37.60752375,catingueira,PB
58720,-7.084733977,-37.44489868,santa teresinha,PB
58723,-6.845313517,-37.32534553,sao jose de espinharas,PB
58725,-7.160454079,-37.30722309,sao jose do bonfim,PB
58732,-7.123977769,-36.94639316,areia de baraunas,PB
58735,-7.22348225,-37.25336131,teixeira,PB
58737,-7.265769518,-37.34147009,matureia,PB
58740,-7.24485765,-37.41807067,mae d'agua,PB
58745,-7.387134649,-37.50844354,imaculada,PB
58748,-7.515394977,-37.63984938,água branca,PB
58750,-7.537000195,-37.81849148,juru,PB
58753,-7.635307796,-37.87790699,tavares,PB
58755,-7.736299776,-37.9899912,princesa isabel,PB
58758,-7.7404635,-38.0981835,sao jose de princesa,PB
58760,-7.229061313,-37.74931626,olho d'água,PB
58765,-7.198683516,-37.9249483,pianco,PB
58770,-7.01825757,-37.9442555,coremas,PB
58775,-7.179133405,-38.14942372,igaracy,PB
58778,-7.093012855,-38.17180592,aguiar,PB
58780,-7.305695023,-38.15173654,itaporanga,PB
58784,-7.251600911,-38.29885178,sao jose de caiana,PB
58790,-7.428534985,-38.0705086,pedra branca,PB
58795,-7.387353359,-37.98936952,santana dos garrotes,PB
58798,-7.478530147,-38.04051687,nova olinda,PB
58800,-6.761172485,-38.22958635,sousa,PB
58801,-6.755183826,-38.22402382,sousa,PB
58802,-6.760553705,-38.22600557,sousa,PB
58804,-6.770668421,-38.22699621,sousa,PB
58805,-6.774351257,-38.23496752,sousa,PB
58806,-6.75086821,-38.23899771,sousa,PB
58807,-6.765999109,-38.23358692,sousa,PB
58808,-6.772864129,-38.23839978,sousa,PB
58815,-6.932297894,-37.97978018,sao jose da lagoa tapada,PB
58817,-6.915005995,-38.32503219,nazarezinho,PB
58818,-6.618167311,-38.09634113,sao francisco,PB
58819,-6.843531396,-38.34731937,marizopolis,PB
58820,-6.520365,-38.17927929,lastro,PB
58823,-6.785818145,-38.08345851,aparecida,PB
58824,-6.55196225,-38.07699887,santa cruz,PB
58830,-6.553129279,-37.80572022,jerico,PB
58832,-6.54083063,-37.71173132,mato grosso,PB
58835,-6.59049304,-37.91558189,lagoa,PB
58840,-6.767546915,-37.79582971,pombal,PB
58857,-6.891252232,-37.72535299,são bentinho,PB
58860,-6.598378754,-37.62309129,paulista,PB
58865,-6.491794555,-37.45186211,sao bento,PB
58870,-6.438629892,-37.65166326,riacho dos cavalos,PB
58880,-6.376879978,-37.82544345,brejo dos santos,PB
58884,-6.35480315,-37.72157249,catole do rocha,PB
58887,-6.44610969,-37.92778253,bom sucesso,PB
58890,-6.347542647,-37.49999827,brejo do cruz,PB
58893,-6.212159819,-37.35523889,sao jose do brejo do cruz,PB
58895,-6.188313308,-37.53571943,belem do brejo do cruz,PB
58900,-6.887745156,-38.55894251,cajazeiras,PB
58908,-6.575128812,-38.51205633,poco de jose de moura,PB
58910,-6.748791742,-38.44136057,são joão do rio do peixe,PB
58915,-6.518964636,-38.41206511,uirauna,PB
58920,-6.57959677,-38.5973452,triunfo,PB
58922,-6.452490183,-38.55190223,bernardino batista,PB
58925,-6.720639878,-38.63984548,santa helena,PB
58928,-6.482814165,-38.47966669,joca claudino,PB
58930,-6.8714535,-38.647769,bom jesus,PB
58933,-6.403671412,-38.49845283,poco dantas,PB
58935,-6.926439212,-38.67969574,cachoeira dos indios,PB
58940,-7.154131816,-38.47680598,sao jose de piranhas,PB
58945,-7.037671455,-38.34470064,carrapateira,PB
58950,-7.212606884,-38.58577366,monte horebe,PB
58955,-7.215061743,-38.36921083,serra grande,PB
58960,-7.313342947,-38.51421804,bonito de santa fe,PB
58970,-7.557047449,-38.50657896,conceição,PB
58978,-7.626533917,-38.55918012,santa ines,PB
58980,-7.503534732,-38.40753534,ibiara,PB
58985,-7.553345694,-38.332765,santana de mangueira,PB
58993,-7.421351004,-38.21811489,boa ventura,PB
58994,-7.426339408,-38.26255966,diamante,PB
58995,-7.724392467,-38.18546714,manaíra,PB
59010,-5.770951495,-35.19955227,natal,RN
59012,-5.779975676,-35.20015899,natal,RN
59014,-5.789817889,-35.19241841,natal,RN
59015,-5.805757517,-35.19973384,natal,RN
59020,-5.792244363,-35.20151979,natal,RN
59022,-5.802034788,-35.20669213,natal,RN
59025,-5.787061775,-35.20673155,natal,RN
59030,-5.797782626,-35.2120392,natal,RN
59031,-5.798513778,-35.21620071,natal,RN
59032,-5.805682326,-35.2167448,natal,RN
59035,-5.800909686,-35.22957673,natal,RN
59037,-5.801473641,-35.2236017,natal,RN
59040,-5.786214572,-35.22561749,natal,RN
59042,-5.794336561,-35.23589301,natal,RN
59050,-5.804191284,-35.23259989,natal,RN
59052,-5.807745202,-35.22988163,natal,RN
59054,-5.811200387,-35.22011227,natal,RN
59056,-5.817618554,-35.20508927,natal,RN
59060,-5.8161631,-35.23783931,natal,RN
59062,-5.815988595,-35.22696997,natal,RN
59063,-5.822190536,-35.22120712,natal,RN
59064,-5.834605203,-35.21889025,natal,RN
59065,-5.837772582,-35.21901833,natal,RN
59066,-5.851687998,-35.2175657,natal,RN
59067,-5.870991776,-35.22867422,natal,RN
59068,-5.85807323,-35.23933298,natal,RN
59069,-5.847561202,-35.24208155,natal,RN
59070,-5.823073861,-35.23567921,natal,RN
59071,-5.822761521,-35.23916706,natal,RN
59072,-5.829458134,-35.24589084,natal,RN
59073,-5.849251628,-35.25313114,natal,RN
59074,-5.828558062,-35.2612134,natal,RN
59075,-5.823597115,-35.20843158,natal,RN
59076,-5.829790514,-35.21448217,natal,RN
59077,-5.840248065,-35.20793075,natal,RN
59078,-5.846927746,-35.20377477,natal,RN
59080,-5.855344039,-35.20822844,natal,RN
59082,-5.862579407,-35.19603097,natal,RN
59084,-5.869612638,-35.20098682,natal,RN
59086,-5.866604369,-35.21027288,natal,RN
59088,-5.875625074,-35.20414083,natal,RN
59090,-5.879928759,-35.17693591,natal,RN
59091,-5.87939332,-35.19819461,natal,RN
59092,-5.880048766,-35.18057365,natal,RN
59094,-5.871514279,-35.18385752,natal,RN
59104,-5.770407248,-35.25943921,natal,RN
59106,-5.770353827,-35.26974462,natal,RN
59108,-5.762972982,-35.2585456,natal,RN
59110,-5.755930608,-35.25412781,natal,RN
59112,-5.755568286,-35.2589332,natal,RN
59114,-5.752577821,-35.27238651,natal,RN
59115,-5.751689645,-35.27694204,natal,RN
59120,-5.756299798,-35.24513005,natal,RN
59122,-5.749755906,-35.22386647,natal,RN
59123,-5.739410602,-35.24575072,natal,RN
59124,-5.746629791,-35.24746629,natal,RN
59125,-5.746578225,-35.24333964,natal,RN
59127,-5.7504738,-35.25079972,natal,RN
59129,-5.743497762,-35.25913733,natal,RN
59131,-5.729075844,-35.2465479,natal,RN
59132,-5.731108311,-35.2385341,natal,RN
59133,-5.737931184,-35.23659272,natal,RN
59135,-5.7299945,-35.25221707,natal,RN
59136,-5.723094549,-35.24936555,natal,RN
59138,-5.734382268,-35.26346865,natal,RN
59139,-5.72945283,-35.26613618,natal,RN
59140,-5.924296491,-35.26394723,parnamirim,RN
59141,-5.921088469,-35.27548993,parnamirim,RN
59142,-5.922244006,-35.28636636,parnamirim,RN
59143,-5.929252342,-35.27004209,parnamirim,RN
59144,-5.944257525,-35.2854161,parnamirim,RN
59145,-5.91267885,-35.28013425,parnamirim,RN
59146,-5.9071057,-35.26162983,parnamirim,RN
59147,-5.898642924,-35.27020183,parnamirim,RN
59148,-5.885426615,-35.23276211,parnamirim,RN
59149,-5.881642802,-35.24918826,parnamirim,RN
59150,-5.878333977,-35.21376996,parnamirim,RN
59151,-5.883632921,-35.20384949,parnamirim,RN
59152,-5.886563453,-35.20824132,parnamirim,RN
59153,-5.886715374,-35.19984602,parnamirim,RN
59154,-5.906082006,-35.20406694,parnamirim,RN
59155,-5.928235413,-35.25024113,parnamirim,RN
59156,-5.940902053,-35.25186042,parnamirim,RN
59157,-5.943260254,-35.25519112,parnamirim,RN
59158,-5.92344605,-35.21936173,parnamirim,RN
59160,-5.945562417,-35.16746131,parnamirim,RN
59161,-5.95914293,-35.14565212,parnamirim,RN
59162,-6.06928288,-35.2463967,sao jose de mipibu,RN
59164,-6.05928606,-35.15812586,nísia floresta,RN
59170,-6.198808041,-35.16435581,arez,RN
59173,-6.268847247,-35.20896179,goianinha,RN
59178,-6.229605315,-35.05831772,tibau do sul,RN
59179,-6.026309489,-35.15096227,pipa,RN
59180,-6.320050105,-35.30620112,espirito santo,RN
59182,-6.070730666,-35.33557117,monte alegre,RN
59184,-6.049652332,-35.4323754,vera cruz,RN
59185,-6.344406209,-35.37236503,varzea,RN
59188,-6.266126022,-35.32729563,jundiá,RN
59190,-6.386413628,-35.1333442,canguaretama,RN
59192,-6.316724968,-35.07722442,vila flor,RN
59194,-6.369992249,-35.00606229,baía formosa,RN
59196,-6.435729675,-35.21941218,pedro velho,RN
59198,-6.488501094,-35.28736471,montanhas,RN
59200,-6.227792245,-36.02104583,santa cruz,RN
59210,-6.341541223,-36.08510067,sao bento do trairi,RN
59213,-6.466574062,-35.94618002,japi,RN
59214,-6.417963759,-35.7085853,serra de sao bento,RN
59215,-6.480149721,-35.4327993,nova cruz,RN
59217,-6.440139081,-35.78435412,monte das gameleiras,RN
59218,-6.434781573,-35.64148942,passa e fica,RN
59219,-6.188445197,-35.35649997,brejinho,RN
59220,-6.37285425,-36.1873705,coronel ezequiel,RN
59225,-6.430057701,-36.20321051,jacana,RN
59227,-6.390625126,-35.59786899,lagoa d'anta,RN
59230,-6.240326172,-36.1840108,campo redondo,RN
59235,-6.14810422,-36.11703435,lajes pintadas,RN
59240,-6.201320032,-35.80466397,tangara,RN
59245,-6.106298649,-35.71102924,serra caiada,RN
59247,-6.122106,-35.47527893,lagoa salgada,RN
59250,-6.036853713,-35.69256911,senador eloi de souza,RN
59255,-6.312023779,-35.48054643,santo antonio,RN
59258,-6.278933066,-35.49567518,serrinha,RN
59260,-6.154928705,-35.6057843,boa saude,RN
59270,-5.988699082,-35.58207602,bom jesus,RN
59275,-6.31945082,-35.71115049,sao jose do campestre,RN
59280,-5.85676496,-35.35102433,macaiba,RN
59290,-5.776720357,-35.30055977,sao goncalo do amarante,RN
59291,-5.791701235,-35.33345481,sao goncalo do amarante,RN
59293,-5.750633422,-35.29546815,são gonçalo do amarante,RN
59295,-5.77183631,-35.28010726,sao goncalo do amarante,RN
59296,-5.774190271,-35.27114328,sao goncalo do amarante,RN
59297,-5.789209994,-35.30778234,sao goncalo do amarante,RN
59298,-5.78624518,-35.29600028,sao goncalo do amarante,RN
59300,-6.464149784,-37.09359389,caico,RN
59310,-6.716532482,-37.2019435,sao joao do sabugi,RN
59315,-6.815904086,-37.19881332,ipueira,RN
59318,-6.665116234,-37.39759181,serra negra do norte,RN
59320,-6.464164295,-37.27195426,timbauba dos batistas,RN
59324,-6.379302648,-37.34972885,jardim de piranhas,RN
59327,-6.377383777,-37.18624897,sao fernando,RN
59330,-6.038655949,-37.02191739,jucurutu,RN
59335,-6.124831774,-36.81401045,florania,RN
59338,-6.147540501,-36.71732569,tenente laurentino cruz,RN
59340,-6.218327645,-36.68257322,sao vicente,RN
59343,-6.587777587,-36.7741765,jardim do serido,RN
59347,-6.703844964,-36.94537042,ouro branco,RN
59350,-6.772283081,-36.73588506,santana do serido,RN
59355,-6.944925845,-36.7163731,equador,RN
59360,-6.689736438,-36.66057083,parelhas,RN
59370,-6.436124916,-36.64033553,acari,RN
59374,-6.556878226,-36.59251248,carnauba dos dantas,RN
59375,-6.412630249,-36.78775629,cruzeta,RN
59378,-6.448902792,-36.87879881,sao jose do serido,RN
59380,-6.259324714,-36.51875263,currais novos,RN
59390,-6.095123665,-36.46851727,lagoa nova,RN
59395,-6.045616697,-36.34928618,cerro cora,RN
59400,-5.974232459,-36.07515888,sao tome,RN
59410,-5.94914257,-35.92695403,barcelona,RN
59420,-5.878543233,-35.93521954,ruy barbosa,RN
59430,-6.000320082,-35.86954005,lagoa de velhos,RN
59440,-6.107529075,-35.91378341,sitio novo,RN
59445,-6.09028,-35.94444,serra da tapuia,RN
59460,-5.896610227,-35.76288064,são paulo do potengi,RN
59464,-5.840761516,-35.69296348,santa maria,RN
59470,-5.810415376,-35.82315063,riachuelo,RN
59480,-5.895215517,-35.63965586,são pedro,RN
59490,-5.82380615,-35.55283097,ielmo marinho,RN
59500,-5.114363937,-36.63185605,macau,RN
59504,-5.259305875,-36.71854072,pendencias,RN
59507,-5.294882467,-36.75812277,alto do rodrigues,RN
59508,-5.515142307,-36.86314183,ipanguacu,RN
59510,-5.495639318,-36.53499953,afonso bezerra,RN
59513,-5.641887591,-36.87014937,itaja,RN
59515,-5.666031716,-36.60327364,angicos,RN
59517,-5.697076132,-36.52966473,fernando pedroza,RN
59518,-5.803201127,-36.88623733,sao rafael,RN
59520,-5.94255013,-36.63973545,santana do matos,RN
59528,-5.988987926,-36.41243182,bodo,RN
59530,-5.5212826,-36.38155414,pedro avelino,RN
59535,-5.698334061,-36.24544442,lajes,RN
59540,-5.75869239,-36.00162453,caicara do rio do vento,RN
59550,-5.539423578,-35.81768496,joão câmara,RN
59555,-5.690316421,-35.82009286,bento fernandes,RN
59560,-5.619123181,-35.65583076,poco branco,RN
59565,-5.622510463,-35.59801565,taipu,RN
59570,-5.637682235,-35.42298981,ceará-mirim,RN
59575,-5.696259029,-35.28177933,extremoz,RN
59578,-5.317979108,-35.39649904,rio do fogo,RN
59582,-5.455005354,-35.55401775,pureza,RN
59584,-5.209741767,-35.47011436,touros,RN
59585,-5.13310423,-35.6616785,são miguel do gostoso,RN
59586,-5.224181366,-35.8376015,parazinho,RN
59588,-5.148605997,-35.87726993,pedra grande,RN
59590,-5.098929559,-36.00621812,sao bento do norte,RN
59592,-5.063372966,-36.0511283,caiçara do norte,RN
59594,-5.35660897,-36.12544395,jandaira,RN
59596,-5.098020279,-36.24182107,galinhos,RN
59598,-5.114496527,-36.3230271,guamaré,RN
59600,-5.200508203,-37.35011528,mossoro,RN
59603,-5.189964713,-37.35074674,mossoro,RN
59604,-5.208503681,-37.3624419,mossoro,RN
59605,-5.193437223,-37.3551767,mossoro,RN
59607,-5.185115024,-37.36342775,mossoro,RN
59609,-5.193328371,-37.38204954,mossoro,RN
59610,-5.190287925,-37.33984428,mossoró,RN
59611,-5.181754798,-37.34716053,mossoro,RN
59612,-5.17501156,-37.35897959,mossoró,RN
59613,-5.155605,-37.35197775,mossoró,RN
59614,-5.154073841,-37.36227133,mossoro,RN
59615,-5.152744612,-37.35494664,mossoro,RN
59616,-5.140274832,-37.35557764,mossoró,RN
59617,-5.159954105,-37.36473054,mossoro,RN
59618,-5.182374231,-37.33704248,mossoro,RN
59619,-5.175838495,-37.34617049,mossoro,RN
59621,-5.170476132,-37.33502301,mossoro,RN
59625,-5.204509065,-37.32602554,mossoró,RN
59626,-5.203345255,-37.30160844,mossoró,RN
59628,-5.220427753,-37.32440367,mossoró,RN
59630,-5.187300135,-37.31129131,mossoro,RN
59631,-5.213570954,-37.33623578,mossoro,RN
59633,-5.225670456,-37.32826722,mossoró,RN
59634,-5.238587488,-37.32665904,mossoro,RN
59635,-5.22859579,-37.34922033,mossoro,RN
59650,-5.578677546,-36.91480507,acu,RN
59655,-4.956031993,-37.12783949,areia branca,RN
59660,-5.777210196,-37.10164882,parau,RN
59663,-5.173426423,-37.03662826,serra do mel,RN
59665,-5.337733879,-36.8363069,carnaubais,RN
59668,-5.06713923,-36.79315853,porto do mangue,RN
59670,-5.642927647,-37.25999196,upanema,RN
59675,-4.983447997,-37.15487294,grossos,RN
59678,-4.838443948,-37.25381518,tibau,RN
59680,-5.862747521,-37.31109128,campo grande,RN
59685,-5.864300355,-37.18792639,triunfo potiguar,RN
59690,-6.017811523,-37.40712414,janduis,RN
59695,-5.080090581,-37.6164614,barauna,RN
59700,-5.660856971,-37.79745261,apodi,RN
59730,-5.956055069,-37.70607645,olho-d'água do borges,RN
59740,-6.077987585,-37.71835388,rafael godeiro,RN
59760,-6.155247531,-37.768183,almino afonso,RN
59770,-6.103729275,-37.63941589,patu,RN
59775,-6.079137346,-37.51443646,messias targino,RN
59780,-5.789537104,-37.55856883,caraúbas,RN
59790,-5.450871035,-37.52449935,governador dix-sept rosado,RN
59795,-5.582167743,-37.70055965,felipe guerra,RN
59800,-6.089642365,-37.91213085,martins,RN
59805,-6.116354241,-37.81360583,lucrecia,RN
59808,-6.112676315,-37.95684062,serrinha dos pintos,RN
59810,-6.02521718,-37.98828382,portalegre,RN
59815,-5.992472687,-37.94409032,vicosa,RN
59820,-5.936300491,-37.94872633,riacho da cruz,RN
59830,-5.78915341,-38.06065263,rodolfo fernandes,RN
59840,-5.929135092,-38.04529413,taboleiro grande,RN
59855,-5.840833708,-37.99304778,itaú,RN
59856,-5.787331663,-37.96391464,severiano melo,RN
59865,-5.988403706,-37.81562844,umarizal,RN
59870,-6.214266058,-37.89671712,antonio martins,RN
59880,-6.27792127,-37.79686464,joão dias,RN
59890,-6.160260776,-37.84142955,frutuoso gomes,RN
59900,-6.113061895,-38.20667005,pau dos ferros,RN
59902,-6.088209888,-38.12419123,francisco dantas,RN
59905,-6.112262033,-38.31131941,encanto,RN
59908,-5.999439601,-38.16974903,sao francisco do oeste,RN
59910,-6.0971178,-38.38034224,doutor severiano,RN
59920,-6.211259206,-38.49626229,sao miguel,RN
59925,-6.32003625,-38.49039787,venha-ver,RN
59930,-6.265689093,-38.44126594,coronel joao pessoa,RN
59940,-6.414764659,-38.38676422,luis gomes,RN
59945,-6.404363488,-38.32107376,major sales,RN
59950,-6.485253907,-38.31191619,parana,RN
59955,-6.464288728,-38.18007765,tenente ananias,RN
59960,-6.267197238,-38.04220225,piloes,RN
59965,-6.413355657,-38.01396726,alexandria,RN
59970,-6.290720653,-38.16257764,marcelino vieira,RN
59980,-6.318504058,-38.28506235,josé da penha,RN
59987,-6.264069546,-38.30723661,riacho de santana,RN
59990,-6.193393286,-38.22399047,rafael fernandes,RN
59995,-6.205206244,-38.29146051,agua nova,RN
60010,-3.723141806,-38.54331266,fortaleza,CE
60011,-3.736420555,-38.54215427,fortaleza,CE
60015,-3.730862319,-38.53658823,fortaleza,CE
60020,-3.738070858,-38.53569562,fortaleza,CE
60025,-3.735941632,-38.53121162,fortaleza,CE
60030,-3.7233749,-38.53557054,fortaleza,CE
60035,-3.729965504,-38.53598477,fortaleza,CE
60040,-3.743848563,-38.5290763,fortaleza,CE
60050,-3.743934948,-38.52761766,fortaleza,CE
60055,-3.742130649,-38.52390517,fortaleza,CE
60060,-3.7234696,-38.51591994,fortaleza,CE
60110,-3.735054467,-38.51671625,fortaleza,CE
60115,-3.734568788,-38.51053387,fortaleza,CE
60120,-3.748384587,-38.51008819,fortaleza,CE
60125,-3.73788169,-38.50270088,fortaleza,CE
60130,-3.753637021,-38.51260154,fortaleza,CE
60131,-3.76166348,-38.51323566,fortaleza,CE
60135,-3.745146238,-38.50404106,fortaleza,CE
60140,-3.738772752,-38.50425667,fortaleza,CE
60150,-3.735471103,-38.50102268,fortaleza,CE
60155,-3.726191735,-38.50741827,fortaleza,CE
60160,-3.730052841,-38.49983399,fortaleza,CE
60165,-3.725588915,-38.49344825,fortaleza,CE
60170,-3.738381117,-38.49601933,fortaleza,CE
60175,-3.735627602,-38.48260092,fortaleza,CE
60176,-3.737552187,-38.47698288,fortaleza,CE
60177,-3.740571811,-38.46312042,fortaleza,CE
60180,-3.714826333,-38.47048474,fortaleza,CE
60181,-3.72927722,-38.47271327,fortaleza,CE
60182,-3.73629563,-38.45945401,fortaleza,CE
60183,-3.756047484,-38.44595495,fortaleza,CE
60184,-3.7268955,-38.468889,fortaleza,CE
60190,-3.751374534,-38.47240235,fortaleza,CE
60191,-3.747161736,-38.47011035,fortaleza,CE
60192,-3.744184713,-38.48418839,fortaleza,CE
60310,-3.714444479,-38.5523356,fortaleza,CE
60311,-3.712371223,-38.5569992,fortaleza,CE
60312,-3.709142444,-38.57046446,fortaleza,CE
60320,-3.728092025,-38.55705475,fortaleza,CE
60321,-3.726328279,-38.55781991,fortaleza,CE
60325,-3.730199853,-38.55340216,fortaleza,CE
60326,-3.723844198,-38.55253849,fortaleza,CE
60330,-3.714582559,-38.58420439,fortaleza,CE
60331,-3.709717066,-38.57881695,fortaleza,CE
60332,-3.702427644,-38.57944918,fortaleza,CE
60333,-3.70317243,-38.57757533,fortaleza,CE
60334,-3.730379213,-38.57221523,fortaleza,CE
60335,-3.715417588,-38.56474718,fortaleza,CE
60336,-3.717084839,-38.57258069,fortaleza,CE
60337,-3.708384702,-38.56741383,fortaleza,CE
60340,-3.724699054,-38.58004325,fortaleza,CE
60341,-3.736140129,-38.57822981,fortaleza,CE
60345,-3.721154341,-38.60070289,fortaleza,CE
60346,-3.72380574,-38.59027002,fortaleza,CE
60347,-3.716409165,-38.5898106,fortaleza,CE
60348,-3.717490463,-38.59928476,fortaleza,CE
60349,-3.712655101,-38.60325783,fortaleza,CE
60350,-3.731948916,-38.58352247,fortaleza,CE
60351,-3.729779498,-38.59444876,fortaleza,CE
60352,-3.73484102,-38.59848132,fortaleza,CE
60353,-3.723632955,-38.60436073,fortaleza,CE
60355,-3.731708866,-38.5696316,fortaleza,CE
60356,-3.736079759,-38.57869555,fortaleza,CE
60357,-3.757906572,-38.58209416,fortaleza,CE
60360,-3.744018772,-38.5884956,fortaleza,CE
60361,-3.744057894,-38.59373445,fortaleza,CE
60410,-3.763645861,-38.53983925,fortaleza,CE
60411,-3.756161261,-38.53113202,fortaleza,CE
60415,-3.75516411,-38.52840268,fortaleza,CE
60416,-3.755409013,-38.54512902,fortaleza,CE
60420,-3.766617872,-38.54172725,fortaleza,CE
60421,-3.771124201,-38.5567395,fortaleza,CE
60422,-3.73497728,-38.55135491,fortaleza,CE
60425,-3.756245652,-38.55001447,fortaleza,CE
60426,-3.755033339,-38.55274496,fortaleza,CE
60430,-3.745988215,-38.55147348,fortaleza,CE
60431,-3.740117267,-38.5492692,fortaleza,CE
60440,-3.758396169,-38.56817645,fortaleza,CE
60441,-3.760798235,-38.57535409,fortaleza,CE
60442,-3.755033357,-38.56274555,fortaleza,CE
60450,-3.73795199,-38.55651371,fortaleza,CE
60455,-3.741775508,-38.56014613,fortaleza,CE
60510,-3.762982984,-38.58118403,fortaleza,CE
60511,-3.751452686,-38.5808321,fortaleza,CE
60512,-3.751991692,-38.57928913,fortaleza,CE
60520,-3.774041508,-38.57945767,fortaleza,CE
60521,-3.761208383,-38.58312218,fortaleza,CE
60525,-3.768000657,-38.58527827,fortaleza,CE
60526,-3.756305112,-38.59354843,fortaleza,CE
60527,-3.756365244,-38.59504658,fortaleza,CE
60530,-3.77040975,-38.609516,fortaleza,CE
60531,-3.766091143,-38.60771129,fortaleza,CE
60532,-3.772966,-38.61660414,fortaleza,CE
60533,-3.765756787,-38.61046888,fortaleza,CE
60534,-3.758284025,-38.59746012,fortaleza,CE
60540,-3.785585915,-38.61377778,fortaleza,CE
60541,-3.7805761,-38.5944869,fortaleza,CE
60542,-3.780440743,-38.58341922,fortaleza,CE
60543,-3.792494452,-38.60116972,fortaleza,CE
60544,-3.771097338,-38.57107323,fortaleza,CE
60545,-3.784292155,-38.59948886,fortaleza,CE
60546,-3.794815519,-38.61858715,fortaleza,CE
60710,-3.786626668,-38.56794548,fortaleza,CE
60711,-3.801372116,-38.5643483,fortaleza,CE
60712,-3.800697344,-38.56633432,fortaleza,CE
60713,-3.797965386,-38.58118014,fortaleza,CE
60714,-3.78613174,-38.5532507,fortaleza,CE
60720,-3.776195143,-38.57090453,fortaleza,CE
60721,-3.778838654,-38.5711134,fortaleza,CE
60730,-3.791074202,-38.58317428,fortaleza,CE
60731,-3.804464319,-38.60037696,fortaleza,CE
60732,-3.809208962,-38.61893222,fortaleza,CE
60733,-3.793001,-38.5777328,fortaleza,CE
60734,-3.82344189,-38.58578732,fortaleza,CE
60736,-3.806652056,-38.60802613,fortaleza,CE
60740,-3.771124513,-38.55608742,fortaleza,CE
60741,-3.789943662,-38.55058854,fortaleza,CE
60742,-3.78843514,-38.54158629,fortaleza,CE
60743,-3.800948966,-38.53712135,fortaleza,CE
60744,-3.804133214,-38.54395427,fortaleza,CE
60750,-3.83119347,-38.55584055,fortaleza,CE
60751,-3.83460164,-38.55788352,fortaleza,CE
60752,-3.818993597,-38.57019222,fortaleza,CE
60760,-3.833732543,-38.56771766,fortaleza,CE
60761,-3.817742459,-38.56203422,fortaleza,CE
60762,-3.815513705,-38.57712077,fortaleza,CE
60763,-3.814548452,-38.58547446,fortaleza,CE
60764,-3.810737735,-38.58326576,fortaleza,CE
60765,-3.825210206,-38.59078309,fortaleza,CE
60766,-3.830776084,-38.57258803,fortaleza,CE
60767,-3.817507496,-38.58076489,fortaleza,CE
60768,-3.820612059,-38.569402,fortaleza,CE
60810,-3.763846679,-38.49010352,fortaleza,CE
60811,-3.771710235,-38.48878791,fortaleza,CE
60812,-3.767973028,-38.47636243,fortaleza,CE
60813,-3.781373736,-38.48632154,fortaleza,CE
60820,-3.785124471,-38.50879907,fortaleza,CE
60821,-3.787173944,-38.49286751,fortaleza,CE
60822,-3.798682744,-38.49320832,fortaleza,CE
60823,-3.791242693,-38.51010474,fortaleza,CE
60824,-3.803021864,-38.4902549,fortaleza,CE
60830,-3.808681622,-38.47553746,fortaleza,CE
60831,-3.823325335,-38.46612916,fortaleza,CE
60832,-3.795357443,-38.47111044,fortaleza,CE
60833,-3.795723612,-38.4703731,fortaleza,CE
60834,-3.786181471,-38.46629845,fortaleza,CE
60835,-3.79802384,-38.43273459,fortaleza,CE
60836,-3.803085403,-38.4515775,fortaleza,CE
60840,-3.829936776,-38.49375748,fortaleza,CE
60841,-3.819532454,-38.49170822,fortaleza,CE
60842,-3.824514937,-38.50077874,fortaleza,CE
60843,-3.831270082,-38.47764945,fortaleza,CE
60844,-3.823870221,-38.47843508,fortaleza,CE
60850,-3.773246515,-38.51393389,fortaleza,CE
60851,-3.766373874,-38.51333606,fortaleza,CE
60860,-3.786937774,-38.52417763,fortaleza,CE
60861,-3.805346864,-38.52400134,fortaleza,CE
60862,-3.816121606,-38.5176434,fortaleza,CE
60863,-3.82462516,-38.51479918,fortaleza,CE
60864,-3.800525426,-38.50744108,fortaleza,CE
60865,-3.838402414,-38.51612072,fortaleza,CE
60866,-3.834777063,-38.52150199,fortaleza,CE
60867,-3.802072325,-38.52104424,fortaleza,CE
60868,-3.808834023,-38.54214396,fortaleza,CE
60870,-3.845866781,-38.51997907,fortaleza,CE
60871,-3.836790176,-38.49168653,fortaleza,CE
60872,-3.844585897,-38.48368843,fortaleza,CE
60873,-3.855464884,-38.4986571,fortaleza,CE
60874,-3.839106143,-38.51490231,fortaleza,CE
60875,-3.840413377,-38.48805812,fortaleza,CE
60876,-3.842679674,-38.52731262,fortaleza,CE
60878,-3.85709,-38.49008575,fortaleza,CE
61600,-3.727441894,-38.66270705,caucaia,CE
61601,-3.714472755,-38.64655928,caucaia,CE
61602,-3.728787112,-38.64882334,caucaia,CE
61603,-3.740879412,-38.65141884,caucaia,CE
61604,-3.757107735,-38.65734729,caucaia,CE
61605,-3.748966103,-38.68453353,caucaia,CE
61608,-3.741563422,-38.64286836,caucaia,CE
61610,-3.728488244,-38.65922549,caucaia,CE
61615,-3.730674994,-38.69890703,caucaia,CE
61616,-3.72127479,-38.7917746,caucaia,CE
61619,-3.633269386,-38.71898354,caucaia,CE
61620,-3.657418898,-38.69540473,caucaia,CE
61621,-3.691969926,-38.64800575,caucaia,CE
61624,-3.663526199,-38.6837554,caucaia,CE
61625,-3.700795109,-38.66338722,caucaia,CE
61626,-3.689355107,-38.63622651,caucaia,CE
61627,-3.693562477,-38.62543082,caucaia,CE
61629,-3.666952745,-38.70758504,caucaia,CE
61631,-3.69691666,-38.59609622,caucaia,CE
61634,-3.741876994,-38.62097827,caucaia,CE
61635,-3.738620435,-38.60979229,caucaia,CE
61636,-3.702078594,-38.69619122,caucaia,CE
61637,-3.662562379,-38.79813222,caucaia,CE
61642,-3.746178941,-38.60744727,caucaia,CE
61645,-3.75569304,-38.61396135,caucaia,CE
61648,-3.756639802,-38.61845112,caucaia,CE
61650,-3.76093346,-38.62342943,caucaia,CE
61652,-3.773459042,-38.6265653,caucaia,CE
61654,-3.740051343,-38.64465838,caucaia,CE
61655,-3.767266881,-38.63674255,caucaia,CE
61656,-3.766377204,-38.64864315,caucaia,CE
61658,-3.766765996,-38.65536409,caucaia,CE
61659,-3.770951201,-38.64524013,caucaia,CE
61661,-3.781017574,-38.630875,caucaia,CE
61663,-3.780884307,-38.65808525,caucaia,CE
61700,-3.912322652,-38.37643499,aquiraz,CE
61760,-3.878084613,-38.45865712,eusebio,CE
61800,-3.953841226,-38.61516764,pacatuba,CE
61801,-3.982713438,-38.61406393,pacatuba,CE
61802,-3.96205819,-38.61282527,pacatuba,CE
61803,-3.978914367,-38.59756936,pacatuba,CE
61805,-3.937524351,-38.60995825,pacatuba,CE
61809,-3.907262551,-38.59959005,pacatuba,CE
61810,-3.889722892,-38.59792196,pacatuba,CE
61814,-3.892540243,-38.6054242,pacatuba,CE
61880,-3.952021988,-38.5231484,itaitinga,CE
61890,-4.044251951,-38.6428552,guaiuba,CE
61900,-3.87887417,-38.61874598,maracanau,CE
61901,-3.882391865,-38.6191753,maracanau,CE
61902,-3.869752928,-38.6250115,maracanaú,CE
61903,-3.881840994,-38.6329311,maracanau,CE
61905,-3.870113257,-38.62664978,maracanau,CE
61908,-3.918426019,-38.62200826,maracanau,CE
61909,-3.903379458,-38.62263975,maracanau,CE
61910,-3.859578178,-38.6457088,maracanau,CE
61913,-3.85318162,-38.63733778,maracanau,CE
61914,-3.848017714,-38.64599727,maracanau,CE
61919,-3.846078312,-38.61214355,maracanau,CE
61920,-3.850145586,-38.6125699,maracanau,CE
61921,-3.842756377,-38.61310414,maracanaú,CE
61925,-3.857980235,-38.59800404,maracanau,CE
61930,-3.837805986,-38.58118142,maracanaú,CE
61932,-3.858717379,-38.58438426,maracanau,CE
61933,-3.868920872,-38.60140637,maracanaú,CE
61934,-3.875152479,-38.59362068,maracanau,CE
61935,-3.849717015,-38.58081239,maracanau,CE
61936,-3.876612,-38.60676973,maracanau,CE
61939,-3.873148106,-38.60015676,maracanau,CE
61940,-3.895248583,-38.68444093,maranguape,CE
61941,-3.88649824,-38.68495016,maranguape,CE
61942,-3.884821177,-38.678291,maranguape,CE
61943,-3.8734528,-38.6723644,maranguape,CE
61944,-3.877358285,-38.66878332,maranguape,CE
61946,-3.903776827,-38.67712278,maranguape,CE
61948,-3.906340391,-38.6823828,maranguape,CE
61949,-3.915803569,-38.69094578,maranguape,CE
61962,-3.953242229,-38.69394848,maranguape,CE
61979,-3.504514941,-39.57289794,amanari,CE
62000,-3.69001565,-40.35139748,sobral,CE
62010,-3.687731669,-40.35138697,sobral,CE
62011,-3.685715878,-40.352211,sobral,CE
62014,-3.699250354,-40.362883,sobral,CE
62015,-3.69294499,-40.36319089,sobral,CE
62016,-3.6974345,-40.3679876,sobral,CE
62020,-3.691554889,-40.36857463,sobral,CE
62021,-3.691118245,-40.38603777,sobral,CE
62022,-3.685113781,-40.36402966,sobral,CE
62023,-3.689612313,-40.36729561,sobral,CE
62030,-3.676361656,-40.36271854,sobral,CE
62031,-3.676325393,-40.37315408,sobral,CE
62032,-3.6762,-40.33832,sobral,CE
62033,-3.663636357,-40.37380538,sobral,CE
62034,-3.674196168,-40.35135185,sobral,CE
62039,-3.670522655,-40.35017315,sobral,CE
62040,-3.684354038,-40.33462633,sobral,CE
62041,-3.677682345,-40.3480995,sobral,CE
62042,-3.68617875,-40.34102137,sobral,CE
62043,-3.68091053,-40.34799095,sobral,CE
62044,-3.674199737,-40.33641988,sobral,CE
62045,-3.707470171,-40.33957038,sobral,CE
62050,-3.701344939,-40.33639357,sobral,CE
62051,-3.697676476,-40.34057121,sobral,CE
62053,-3.701164348,-40.31440843,sobral,CE
62104,-3.695333592,-40.36080616,sobral,CE
62105,-6.081973684,-39.76710002,são josé do torto,CE
62106,-4.080853106,-39.94746354,taperuaba,CE
62107,-3.7752823,-40.49886194,jaibaras,CE
62108,-15.62361765,-56.05347726,jordao,CE
62113,-4.337067186,-38.86945131,rafael arruda,CE
62115,-3.801551254,-40.26303085,forquilha,CE
62120,-3.58581231,-40.54372263,alcântaras,CE
62130,-3.544255119,-40.46178685,meruoca,CE
62140,-3.522590761,-40.34841901,massape,CE
62150,-3.461160162,-40.2042307,santana do acarau,CE
62160,-3.565085492,-40.66259664,coreau,CE
62170,-3.905726996,-40.74612756,mucambo,CE
62180,-3.979862753,-40.69600432,pacuja,CE
62184,-3.948952181,-40.47534957,carire,CE
62190,-3.916800671,-40.38577721,groairas,CE
62200,-4.708525999,-40.55730269,nova russas,CE
62210,-4.755083321,-40.81839386,ararenda,CE
62215,-4.908117299,-40.76252127,ipaporanga,CE
62220,-4.743740892,-40.92599392,poranga,CE
62230,-4.543939654,-40.71363227,ipueiras,CE
62250,-4.327048758,-40.71134544,ipu,CE
62255,-4.251751676,-40.62503551,pires ferreira,CE
62260,-4.142405505,-40.58204226,reriutaba,CE
62265,-4.180568412,-40.42480973,varjota,CE
62270,-4.408787013,-40.4035977,hidrolândia,CE
62280,-4.334329809,-40.15409036,santa quiteria,CE
62297,-4.649576257,-40.1998903,catunda,CE
62300,-3.562276589,-41.09700655,vicosa do ceara,CE
62320,-3.725711352,-40.99160875,tiangua,CE
62340,-3.758990599,-40.81615164,frecheirinha,CE
62350,-3.849478646,-40.91784489,ubajara,CE
62360,-3.92474917,-40.89326194,ibiapina,CE
62365,-4.044992797,-40.75217465,graca,CE
62370,-4.045776495,-40.86525395,sao benedito,CE
62375,-4.164764019,-40.93872336,carnaubal,CE
62380,-4.168617503,-40.76775145,guaraciaba do norte,CE
62390,-4.406674141,-40.90113463,croata,CE
62400,-2.90424958,-40.8463253,camocim,CE
62410,-2.908957408,-41.23662683,barroquinha,CE
62414,-2.892767701,-41.27222374,bitupita,CE
62420,-3.036271797,-41.24250017,chaval,CE
62430,-3.130638932,-40.84321614,granja,CE
62450,-3.214939955,-40.68808315,martinopole,CE
62460,-3.320703895,-40.58027404,uruoca,CE
62470,-3.357236796,-40.46879358,senador sa,CE
62480,-3.466312657,-40.68119451,moraujo,CE
62500,-3.49619784,-39.58093372,itapipoca,CE
62502,-3.503821537,-39.54302919,deserto,CE
62505,-3.490257518,-39.56743954,itapipoca,CE
62508,-3.503229218,-39.58083535,itapipoca,CE
62530,-3.566914818,-39.93850253,miraima,CE
62540,-3.365468177,-39.83000035,amontada,CE
62550,-3.241045739,-40.10720662,morrinhos,CE
62560,-3.123797441,-40.15414599,marco,CE
62570,-3.056024276,-40.17141804,bela cruz,CE
62580,-2.890238144,-40.11078207,acarau,CE
62590,-2.931749418,-39.90751859,itarema,CE
62595,-2.91076803,-40.19592024,cruz,CE
62597,-2.891233461,-40.29234761,cruz,CE
62598,-2.862999777,-40.47832448,jijoca de jericoacoara,CE
62600,-3.687332542,-39.58357918,itapage,CE
62610,-3.989525594,-39.57781141,tejuçuoca,CE
62620,-3.73617971,-39.78688654,irauçuba,CE
62630,-3.946918061,-39.43145217,apuiares,CE
62640,-3.795742583,-39.27256515,pentecoste,CE
62642,-3.858105889,-39.33704832,sebastiao de abreu,CE
62650,-3.622250893,-39.50804078,uruburetama,CE
62655,-3.598104898,-39.43614669,tururu,CE
62660,-3.6759334,-39.34045636,umirim,CE
62665,-3.670938816,-39.24010231,sao luis do curu,CE
62670,-3.603407789,-38.97122147,sao goncalo do amarante,CE
62674,-3.553618308,-38.83044464,pecem,CE
62677,-3.503039662,-38.9204162,sao goncalo do amarante,CE
62680,-3.420717631,-39.03536934,paracuru,CE
62685,-3.4368323,-39.14963243,paraipaba,CE
62690,-3.263092321,-39.26798568,trairi,CE
62700,-4.35592879,-39.31437621,caninde,CE
62725,-4.238600723,-39.0665209,lagoa do mato,CE
62730,-4.233374064,-39.20035054,caridade,CE
62734,-4.232947648,-39.19329836,caridade,CE
62736,-4.097035219,-39.23883707,paramoti,CE
62738,-4.050357373,-39.448793,general sampaio,CE
62740,-4.561920902,-38.92085091,itapiuna,CE
62748,-4.467730529,-38.90132461,capistrano,CE
62750,-4.398558702,-38.76904696,aracoiaba,CE
62755,-4.487947696,-38.59237494,ocara,CE
62760,-4.333220344,-38.87856899,baturite,CE
62762,-4.419358212,-39.04633612,aratuba,CE
62764,-4.308264496,-38.99568528,mulungu,CE
62766,-4.252804241,-38.93576689,guaramiranga,CE
62770,-4.225633004,-38.91830465,pacoti,CE
62780,-4.147429244,-38.84792534,palmacia,CE
62785,-4.224106438,-38.70598563,acarape,CE
62790,-4.230045614,-38.7291819,redencao,CE
62795,-4.291176026,-38.64171653,barreira,CE
62800,-4.566714238,-37.76420388,aracati,CE
62810,-4.702908442,-37.37412081,icapui,CE
62815,-4.454570033,-37.80570653,fortim,CE
62820,-4.686481432,-37.83091908,itaicaba,CE
62823,-4.840907945,-37.78121419,jaguaruana,CE
62840,-4.184031673,-38.12315905,beberibe,CE
62842,-4.260906953,-38.05240989,sucatinga,CE
62850,-4.132849103,-38.24159314,cascavel,CE
62852,-4.044836406,-38.19245092,caponga,CE
62860,-4.032750768,-38.30522161,pindoretama,CE
62870,-4.175669334,-38.46376762,pacajus,CE
62875,-4.309795849,-38.49286517,chorozinho,CE
62880,-4.099228483,-38.49423861,horizonte,CE
62881,-4.075140262,-38.49929067,horizonte,CE
62882,-4.100241734,-38.48588407,horizonte,CE
62884,-4.110238596,-38.48422485,horizonte,CE
62885,-4.131017079,-38.48845525,horizonte,CE
62886,-4.096054014,-38.49949742,horizonte,CE
62899,-4.129987744,-38.49803688,queimados,CE
62900,-4.938637831,-37.97382629,russas,CE
62903,-5.990887409,-38.35939366,flores,CE
62908,-4.995,-38.00333,sao joao de deus,CE
62910,-4.745662087,-37.9617614,palhano,CE
62920,-5.071963779,-37.98542916,quixere,CE
62922,-5.083044796,-37.91118134,lagoinha,CE
62930,-5.163483202,-38.10503994,limoeiro do norte,CE
62940,-5.093598887,-38.37505895,morada nova,CE
62948,-5.24333,-38.48056,morada nova,CE
62955,-4.968975917,-38.63460467,ibicuitinga,CE
62960,-5.249525499,-38.12931202,tabuleiro do norte,CE
62965,-5.275099833,-38.27266801,sao joao do jaguaribe,CE
62970,-5.519712483,-38.26737386,alto santo,CE
62980,-5.812281338,-38.31250475,iracema,CE
62990,-5.72270033,-38.15414565,potiretama,CE
63010,-7.205203751,-39.31553684,juazeiro do norte,CE
63011,-7.198652319,-39.31943287,juazeiro do norte,CE
63012,-7.179059273,-39.32728218,juazeiro do norte,CE
63013,-7.206395393,-39.30161281,juazeiro do norte,CE
63016,-7.20322722,-39.30530465,juazeiro do norte,CE
63018,-7.209892321,-39.27108753,juazeiro do norte,CE
63020,-7.214522842,-39.30961255,juazeiro do norte,CE
63021,-7.208409817,-39.28239696,juazeiro do norte,CE
63022,-7.221987448,-39.33050404,juazeiro do norte,CE
63024,-7.228250587,-39.34579489,juazeiro do norte,CE
63028,-7.215955018,-39.29957344,juazeiro do norte,CE
63030,-7.225404814,-39.30084736,juazeiro do norte,CE
63031,-7.233828315,-39.29489864,juazeiro do norte,CE
63033,-7.232885133,-39.30690745,juazeiro do norte,CE
63034,-7.227478873,-39.31421355,juazeiro do norte,CE
63035,-7.217809018,-39.29520365,juazeiro do norte,CE
63036,-7.233549728,-39.27658854,juazeiro do norte,CE
63038,-7.230855931,-39.26783477,juazeiro do norte,CE
63040,-7.243470819,-39.32111684,juazeiro do norte,CE
63041,-7.227068978,-39.33035161,juazeiro do norte,CE
63042,-7.234737905,-39.3295197,juazeiro do norte,CE
63043,-7.244501167,-39.33721675,juazeiro do norte,CE
63044,-7.240563399,-39.34673816,juazeiro do norte,CE
63046,-7.245892485,-39.32764546,juazeiro do norte,CE
63047,-7.247597611,-39.31031367,juazeiro do norte,CE
63048,-7.251681036,-39.30709581,juazeiro do norte,CE
63050,-7.215729817,-39.32078834,juazeiro do norte,CE
63051,-7.233556554,-39.31612182,juazeiro do norte,CE
63100,-7.23235939,-39.41011282,crato,CE
63101,-7.234057912,-39.4051366,crato,CE
63103,-7.2436562,-39.41743307,crato,CE
63104,-7.239391563,-39.40792215,crato,CE
63105,-7.23946918,-39.41819604,crato,CE
63106,-7.254818987,-39.42351739,crato,CE
63107,-7.243537632,-39.42404896,crato,CE
63108,-7.256919103,-39.42987153,crato,CE
63109,-7.272139401,-39.43664086,crato,CE
63110,-7.244444931,-39.42987529,crato,CE
63111,-7.243964868,-39.42587026,crato,CE
63112,-7.244204223,-39.43156601,crato,CE
63113,-7.231233459,-39.41929141,crato,CE
63115,-7.225078451,-39.42195515,crato,CE
63116,-7.228156012,-39.42124693,crato,CE
63118,-7.222773667,-39.41177398,crato,CE
63119,-7.226719158,-39.4089722,crato,CE
63122,-7.228197848,-39.39807408,crato,CE
63123,-7.211906789,-39.39043296,crato,CE
63125,-7.237091764,-39.39557542,crato,CE
63132,-7.225617863,-39.37620035,crato,CE
63133,-7.233613928,-39.36530863,crato,CE
63140,-6.874763274,-39.87139728,assaré,CE
63145,-6.684456634,-39.75605209,tarrafas,CE
63150,-7.075086079,-40.37356962,campos sales,CE
63155,-7.282452424,-40.45518678,salitre,CE
63160,-7.079038398,-40.05641516,potengi,CE
63165,-7.097252822,-39.6753719,nova olinda,CE
63170,-7.198190231,-40.14111802,araripe,CE
63180,-7.310555661,-39.30173021,barbalha,CE
63185,-6.925764332,-39.57075829,farias brito,CE
63190,-7.186810955,-39.73609068,santana do cariri,CE
63195,-6.999919635,-39.73929945,altaneira,CE
63200,-7.248568634,-39.14556286,missao velha,CE
63210,-7.387735752,-38.77213919,mauriti,CE
63215,-7.380811533,-38.77444414,mauriti,CE
63220,-7.040575407,-39.28804883,caririacu,CE
63230,-6.889939678,-39.21704718,granjeiro,CE
63240,-7.358247021,-39.04581684,abaiara,CE
63250,-7.312291268,-38.94493412,milagres,CE
63260,-7.489403188,-38.98429195,brejo santo,CE
63270,-7.533616259,-39.11451825,porteiras,CE
63275,-7.688473839,-39.00567722,jati,CE
63280,-7.829525017,-39.07549949,penaforte,CE
63290,-7.586145934,-39.27296868,jardim,CE
63300,-6.753572603,-38.99100742,lavras da mangabeira,CE
63307,-6.966104945,-36.97883206,mangabeira,CE
63310,-6.643561706,-38.71508502,umari,CE
63320,-6.729919288,-38.71594845,baixio,CE
63340,-6.790161424,-38.71890821,ipaumirim,CE
63360,-6.94424562,-38.96589416,aurora,CE
63380,-7.173946793,-38.7784931,barro,CE
63400,-6.604665692,-39.06183259,cedro,CE
63430,-6.400125365,-38.86025559,ico,CE
63460,-6.046478049,-38.46068961,pereiro,CE
63470,-6.03173549,-38.34898111,erere,CE
63475,-5.900561085,-38.637366,jaguaribe,CE
63477,-4.962473356,-39.01251517,feiticeiro,CE
63478,-5.948293215,-38.90256217,nova floresta,CE
63480,-5.610360588,-38.76424185,jaguaretama,CE
63490,-5.455589583,-38.46247636,jaguaribara,CE
63500,-6.359437671,-39.29189215,iguatu,CE
63501,-6.352959981,-39.28758703,iguatu,CE
63502,-6.375823318,-39.29935853,iguatu,CE
63503,-6.370269706,-39.28864104,iguatu,CE
63504,-6.366839526,-39.30504781,iguatu,CE
63505,-6.378329263,-39.32810615,iguatu,CE
63507,-6.358402138,-39.30789111,iguatu,CE
63508,-6.351706569,-39.30660161,iguatu,CE
63515,-6.241155539,-39.19200029,quixelô,CE
63520,-6.244549791,-38.91497113,oros,CE
63527,-6.245078288,-38.91514533,guassussê,CE
63530,-6.536160492,-39.49627406,carius,CE
63540,-6.792557339,-39.2985964,varzea alegre,CE
63560,-6.094117746,-39.44897849,acopiara,CE
63570,-6.775232323,-39.98814021,antonina do norte,CE
63575,-6.583338622,-40.13887447,aiuaba,CE
63580,-6.522041472,-39.52434466,jucas,CE
63585,-22.55125481,-47.89882956,sao pedro,CE
63590,-6.534401614,-39.87353306,saboeiro,CE
63595,-6.133214034,-39.87786568,catarina,CE
63600,-5.587877189,-39.37474088,senador pompeu,CE
63605,-5.82111006,-39.41919105,piquet carneiro,CE
63608,-5.928246736,-39.42712071,ibicua,CE
63610,-5.745164122,-39.62878554,mombaça,CE
63620,-5.736313444,-39.01774921,solonopole,CE
63630,-5.456974912,-39.71449673,pedra branca,CE
63632,-5.527701494,-39.5977276,mineirolândia,CE
63635,-5.676691723,-39.194515,milha,CE
63640,-5.395710522,-40.30955065,independencia,CE
63645,-5.879736632,-39.25783254,deputado irapuan pinheiro,CE
63650,-5.844915549,-40.70709486,quiterianopolis,CE
63660,-6.001905413,-40.29321157,taua,CE
63670,-6.325943691,-40.15613984,arneiroz,CE
63680,-6.210287847,-40.69680934,parambu,CE
63700,-5.178977554,-40.6676722,crateus,CE
63740,-5.536525053,-40.77414916,novo oriente,CE
63750,-4.820770958,-40.32995464,tamboril,CE
63765,-4.94238093,-40.53798305,sucesso,CE
63780,-4.811069198,-40.06645684,monsenhor tabosa,CE
63800,-5.198700105,-39.29377386,quixeramobim,CE
63825,-7.206461524,-39.30997945,sao miguel,CE
63860,-4.842097371,-39.56462338,madalena,CE
63870,-5.124593099,-39.73129665,boa viagem,CE
63900,-4.968532078,-39.01849585,quixada,CE
63901,-4.958991594,-39.03185027,quixada,CE
63902,-4.966851634,-39.02666647,quixada,CE
63903,-4.973001429,-39.02293431,quixada,CE
63905,-4.982964229,-39.01768159,quixada,CE
63906,-4.995082443,-39.01231891,quixada,CE
63907,-4.963401361,-39.00771819,quixada,CE
63908,-4.965886762,-39.0086163,quixada,CE
63910,-5.083127033,-39.04096206,juatama,CE
63960,-5.305421493,-38.91961635,banabuiu,CE
63970,-4.778590025,-38.78070229,ibaretama,CE
64000,-5.084945725,-42.81075169,teresina,PI
64001,-5.090843537,-42.80492193,teresina,PI
64002,-5.074337902,-42.81328546,teresina,PI
64003,-5.074471844,-42.8181136,teresina,PI
64004,-5.048638335,-42.82998397,teresina,PI
64005,-5.061447883,-42.82717994,teresina,PI
64006,-5.053011828,-42.81479235,teresina,PI
64007,-5.052115947,-42.81184514,teresina,PI
64008,-5.039611106,-42.81886435,teresina,PI
64009,-5.039124751,-42.8131066,teresina,PI
64010,-5.067119053,-42.79241767,teresina,PI
64011,-5.123939685,-42.7567361,teresina,PI
64012,-4.989095534,-42.80462767,teresina,PI
64013,-4.990111113,-42.83546958,teresina,PI
64014,-5.091914022,-42.79390071,teresina,PI
64015,-5.098085831,-42.79142067,teresina,PI
64016,-5.103058258,-42.79601009,teresina,PI
64017,-5.108520196,-42.79309254,teresina,PI
64018,-5.109131545,-42.80683261,teresina,PI
64019,-5.112437551,-42.80757475,teresina,PI
64020,-5.124535918,-42.79242705,teresina,PI
64022,-5.135137394,-42.78842201,teresina,PI
64023,-5.131798544,-42.78618804,teresina,PI
64025,-5.142200995,-42.78599603,teresina,PI
64027,-5.118702834,-42.79007175,teresina,PI
64028,-5.15675289,-42.7834808,teresina,PI
64030,-5.138120256,-42.77478252,teresina,PI
64031,-5.133161768,-42.77497754,teresina,PI
64032,-5.147235467,-42.77416398,teresina,PI
64033,-5.123609454,-42.76834387,teresina,PI
64034,-5.176091757,-42.78503323,teresina,PI
64035,-5.183020373,-42.75864667,teresina,PI
64037,-5.189482734,-42.73949852,teresina,PI
64038,-5.2003305,-42.755481,teresina,PI
64039,-5.188491345,-42.76101871,teresina,PI
64040,-5.133301572,-42.78859517,teresina,PI
64041,-5.11575425,-42.73911823,teresina,PI
64045,-5.08506529,-42.77169357,teresina,PI
64046,-5.084063385,-42.78072769,teresina,PI
64048,-5.07048088,-42.7895897,teresina,PI
64049,-5.068139263,-42.78868775,teresina,PI
64050,-5.059261137,-42.77528556,teresina,PI
64051,-5.075749912,-42.77378145,teresina,PI
64052,-5.068566656,-42.77736642,teresina,PI
64053,-5.072748709,-42.75571879,teresina,PI
64055,-5.067748225,-42.76512915,teresina,PI
64056,-5.069187074,-42.76626752,teresina,PI
64057,-5.056730249,-42.7464327,teresina,PI
64058,-5.061429634,-42.75587241,teresina,PI
64059,-5.049375867,-42.75524685,teresina,PI
64060,-5.05521407,-42.78024959,teresina,PI
64062,-5.04403501,-42.7658829,teresina,PI
64063,-5.041076803,-42.77021253,teresina,PI
64064,-5.041869955,-42.77045594,teresina,PI
64066,-5.009291947,-42.78159844,teresina,PI
64067,-5.00733218,-42.78044856,teresina,PI
64069,-5.02594,-42.7425,teresina,PI
64071,-5.03714779,-42.7347055,teresina,PI
64073,-5.076502877,-42.77628487,teresina,PI
64074,-5.063603676,-42.72151483,teresina,PI
64075,-5.108914448,-42.77248166,teresina,PI
64076,-5.116408971,-42.76188842,teresina,PI
64077,-5.102080125,-42.75820984,teresina,PI
64078,-5.103348716,-42.75279329,teresina,PI
64079,-5.113239831,-42.75174539,teresina,PI
64080,-5.108313199,-42.74568866,teresina,PI
64081,-5.110224648,-42.73994515,teresina,PI
64082,-5.112565119,-42.75251526,teresina,PI
64083,-5.108910067,-42.73770012,teresina,PI
64084,-5.085652589,-42.73464592,teresina,PI
64085,-5.10108,-42.72972486,teresina,PI
64086,-5.115634193,-42.71972351,teresina,PI
64090,-5.085149834,-42.75220307,teresina,PI
64091,-5.149632304,-42.75521718,teresina,PI
64100,-4.243269941,-42.29404263,barras,PI
64105,-4.476650188,-42.30833008,cabeceiras do piaui,PI
64108,-4.395196895,-42.1147624,boa hora,PI
64110,-4.755900813,-42.57621165,jose de freitas,PI
64120,-4.586113179,-42.86238156,uniao,PI
64130,-4.168805667,-42.89416692,miguel alves,PI
64138,-4.512376519,-42.62358087,lagoa alegre,PI
64140,-3.982393965,-42.62200979,nossa senhora dos remedios,PI
64145,-3.89364174,-42.71397456,porto,PI
64150,-3.716076725,-42.55389066,matias olimpio,PI
64160,-3.461297919,-42.369978,luzilandia,PI
64165,-3.496954703,-42.43523142,joca marques,PI
64168,-3.484519918,-42.50447017,madeiro,PI
64170,-3.505859167,-42.17803106,joaquim pires,PI
64175,-3.322166061,-42.09034576,murici dos portelas,PI
64178,-3.742338879,-42.31015213,morro do chapeu do piaui,PI
64180,-3.892214362,-42.23397064,esperantina,PI
64190,-4.023888255,-42.07562786,batalha,PI
64200,-2.903243738,-41.77704114,parnaiba,PI
64201,-2.895436786,-41.78727123,parnaiba,PI
64202,-2.907089215,-41.76026168,parnaiba,PI
64204,-2.906969705,-41.74897544,parnaiba,PI
64205,-2.92511977,-41.74282801,parnaíba,PI
64206,-2.9007837,-41.75608822,parnaiba,PI
64207,-2.916009903,-41.74474308,parnaíba,PI
64208,-2.919994512,-41.74549532,parnaiba,PI
64209,-2.921121367,-41.73626788,parnaíba,PI
64210,-2.919926569,-41.74086252,parnaíba,PI
64211,-2.924804463,-41.74410526,parnaíba,PI
64212,-2.929213696,-41.7557853,parnaíba,PI
64213,-2.931025428,-41.75995557,parnaiba,PI
64215,-2.916441885,-41.76097019,parnaiba,PI
64216,-2.930004478,-41.76203929,parnaiba,PI
64217,-2.937571138,-41.76768128,parnaiba,PI
64218,-2.912935824,-41.77880307,parnaiba,PI
64220,-2.885592124,-41.65264223,luis correia,PI
64222,-2.926654869,-41.3475617,cajueiro da praia,PI
64224,-2.85217453,-41.81217651,ilha grande,PI
64225,-3.189094549,-41.64084688,bom principio do piaui,PI
64228,-3.420260039,-41.89405657,caxingo,PI
64230,-3.177492926,-41.86941497,buriti dos lopes,PI
64233,-3.476601907,-41.84226912,caraubas do piaui,PI
64235,-3.470379266,-41.55482823,cocal,PI
64238,-3.604634983,-41.45246369,cocal dos alves,PI
64240,-3.928960226,-41.70968744,piracuruca,PI
64243,-3.946711711,-41.27207519,sao joao da fronteira,PI
64245,-3.811342009,-41.83172657,são josé do divino,PI
64250,-4.254567558,-41.27247207,domingos mourao,PI
64253,-4.703057185,-41.44855449,milton brandao,PI
64255,-4.429295477,-41.4539213,pedro ii,PI
64258,-4.392026961,-41.59335865,lagoa de sao francisco,PI
64260,-4.276353324,-41.77808585,piripiri,PI
64265,-4.130638189,-41.77850512,brasileira,PI
64270,-4.458360441,-41.94126757,capitao de campos,PI
64278,-4.555008734,-41.96958843,cocal de telha,PI
64280,-4.830288661,-42.16987423,campo maior,PI
64283,-4.485332359,-42.11271222,boqueirao do piaui,PI
64285,-4.9249004,-41.74037851,sigefredo pacheco,PI
64288,-4.630764481,-42.17959866,nossa senhora de nazare,PI
64290,-5.037933605,-42.45957465,altos,PI
64300,-6.40309591,-41.73849735,valenca do piaui,PI
64308,-6.515221614,-41.57051396,lagoa do sitio,PI
64310,-6.105346329,-41.78832315,aroazes,PI
64315,-5.803742686,-41.95533756,santa cruz dos milagres,PI
64320,-6.235368578,-41.42054931,pimenteiras,PI
64325,-6.202640406,-42.13933936,elesbao veloso,PI
64330,-5.503124692,-41.3230282,sao miguel do tapuio,PI
64333,-5.864192361,-41.06069466,assuncao do piaui,PI
64335,-5.090599188,-42.20321238,coivaras,PI
64340,-5.319299884,-41.55096391,castelo do piaui,PI
64343,-5.166512901,-41.70705026,juazeiro do piaui,PI
64345,-5.314095894,-41.09558786,buriti dos montes,PI
64350,-5.513234911,-41.89601042,sao joao da serra,PI
64360,-5.252364654,-42.20801055,alto longa,PI
64365,-5.286123807,-41.93206878,novo santo antonio,PI
64370,-5.665901933,-42.20555112,prata do piaui,PI
64375,-5.933515261,-42.11132112,são félix do piauí,PI
64378,-5.853765516,-42.21071928,são miguel da baixa grande,PI
64380,-5.454322625,-42.36121058,beneditinos,PI
64388,-5.409658556,-42.64681246,lagoa do piaui,PI
64390,-5.358004776,-42.67665842,demerval lobao,PI
64395,-5.855600222,-42.43949155,passagem franca do piaui,PI
64400,-6.242804734,-42.85353104,amarante,PI
64410,-6.07902382,-42.73612429,angical do piaui,PI
64420,-5.973202928,-43.05806664,palmeirais,PI
64430,-5.92052855,-42.72001879,sao pedro do piaui,PI
64435,-5.996954635,-42.70287036,sao goncalo do piaui,PI
64440,-5.797049936,-42.66469929,agricolândia,PI
64445,-5.681218315,-42.73817443,miguel leao,PI
64450,-5.55841842,-42.61231693,monsenhor gil,PI
64453,-5.620004256,-42.83116334,curralinhos,PI
64455,-5.820000723,-42.51128535,barro duro,PI
64460,-5.892094582,-42.63402817,agua branca,PI
64465,-5.837361524,-42.62802743,lagoinha do piauí,PI
64468,-5.84624689,-42.58037075,olho d'água do piauí,PI
64470,-5.988829177,-42.55934324,hugo napoleão,PI
64475,-6.622841494,-42.69506745,francisco ayres,PI
64480,-6.652049127,-42.532281,arraial,PI
64490,-6.228167487,-42.68949824,regeneração,PI
64495,-6.09565,-42.63645,jardim do mulato,PI
64500,-7.015859273,-42.12652551,oeiras,PI
64510,-6.913474301,-41.86388676,sao joao da varjota,PI
64512,-6.598848296,-42.28222636,tanque do piaui,PI
64514,-6.794131282,-42.3934858,cajazeiras do piauí,PI
64516,-7.226170977,-42.17884397,colonia do piaui,PI
64518,-6.798864702,-42.27322584,santa rosa do piaui,PI
64520,-6.396020452,-42.26037469,francinopolis,PI
64525,-6.547697539,-42.25046262,varzea grande,PI
64528,-6.521074562,-42.10555188,barra d'alcântara,PI
64530,-6.456342911,-41.93335362,novo oriente do piaui,PI
64535,-6.666772166,-41.70839353,inhuma,PI
64540,-6.822856431,-41.74361691,ipiranga do piaui,PI
64545,-7.181333839,-41.76537461,santa cruz do piaui,PI
64548,-7.238078216,-41.89567914,wall ferraz,PI
64550,-7.222791747,-42.52636368,sao francisco do piaui,PI
64555,-7.494790971,-42.56571529,são josé do peixe,PI
64558,-7.583347068,-42.37091828,sao miguel do fidalgo,PI
64560,-7.426450639,-41.91136743,santo inacio do piaui,PI
64563,-7.467074384,-41.80032994,floresta do piaui,PI
64565,-7.447785974,-41.48148807,itainopolis,PI
64568,-7.60477359,-41.48049692,vera mendes,PI
64570,-7.738536138,-41.6786904,isaías coelho,PI
64573,-7.465534531,-41.12131766,massape do piaui,PI
64575,-7.356675586,-41.14037435,jaicos,PI
64578,-7.147809346,-41.04434499,campo grande do piaui,PI
64585,-7.596939366,-40.81804219,simoes,PI
64590,-7.732447789,-40.98863868,caridade do piaui,PI
64595,-7.831499423,-40.90158383,curral novo do piaui,PI
64600,-7.085030293,-41.46986634,picos,PI
64601,-7.077676109,-41.47201097,picos,PI
64604,-7.070937041,-41.45044448,picos,PI
64606,-7.08463114,-41.40974279,picos,PI
64607,-7.082007019,-41.44580574,picos,PI
64608,-7.08730086,-41.4344535,picos,PI
64615,-6.945684246,-41.51067136,santana do piaui,PI
64618,-7.103122179,-41.70312718,paqueta,PI
64620,-6.961682315,-41.67507886,dom expedito lopes,PI
64625,-6.863954787,-41.47791546,sao jose do piaui,PI
64630,-6.945764748,-41.32224741,bocaina,PI
64635,-6.818036094,-41.34643747,sao joao da canabrava,PI
64640,-6.982887347,-41.22895435,santo antonio de lisboa,PI
64645,-6.994788807,-41.1348528,francisco santos,PI
64650,-6.996861868,-41.02818916,monsenhor hipolito,PI
64655,-7.008904372,-40.93738355,alagoinha do piaui,PI
64660,-6.834909907,-40.6134885,pio ix,PI
64670,-7.093240321,-40.83221185,são julião,PI
64675,-7.241636248,-40.84802329,alegrete do piauí,PI
64678,-7.375124494,-40.96758775,belem do piaui,PI
64680,-7.353025294,-40.90831026,padre marcos,PI
64685,-7.444320912,-40.66247171,marcolandia,PI
64688,-7.142492845,-40.94060141,vila nova do piaui,PI
64690,-7.086001622,-40.61536458,fronteiras,PI
64695,-7.3322292,-40.63667016,caldeirao grande do piaui,PI
64700,-7.859921093,-41.91030958,simplício mendes,PI
64705,-7.971260169,-41.87120358,bela vista do piaui,PI
64710,-7.777868147,-42.25471207,paes landim,PI
64720,-7.864519882,-42.50340915,socorro do piaui,PI
64725,-7.753795104,-42.67845204,ribeira do piaui,PI
64728,-8.070696667,-42.29584952,pedro laurentino,PI
64730,-7.659327056,-41.88140204,campinas do piaui,PI
64740,-7.903116545,-41.56501653,conceicao do caninde,PI
64745,-8.224575373,-41.67761264,sao francisco de assis do piaui,PI
64748,-8.218507258,-41.08113348,acauã,PI
64750,-8.135320341,-41.1440728,paulistana,PI
64753,-8.145496895,-40.7958125,betania do piaui,PI
64755,-7.937482638,-41.21025104,jacobina do piaui,PI
64758,-8.58095724,-41.41884598,queimada nova,PI
64760,-8.2302896,-42.25228929,sao joao do piaui,PI
64763,-8.495785127,-41.83412738,capitao gervasio oliveira,PI
64764,-8.074450129,-42.04957578,nova santa rita,PI
64767,-8.377891551,-41.83568633,campo alegre do fidalgo,PI
64768,-8.48363401,-41.54883483,lagoa do barro do piaui,PI
64770,-9.014476908,-42.69139824,sao raimundo nonato,PI
64773,-9.236208707,-42.96239685,várzea branca,PI
64778,-9.169084034,-42.54438985,sao lourenco do piaui,PI
64780,-9.186196772,-43.04891895,anisio de abreu,PI
64782,-9.220464494,-43.12912827,jurema,PI
64783,-9.065175082,-42.99256484,sao braz do piaui,PI
64785,-9.341008979,-42.43672274,dirceu arcoverde,PI
64788,-9.481628695,-42.78964755,fartura do piauí,PI
64790,-8.988216898,-41.95778336,dom inocencio,PI
64793,-8.826232629,-42.47976066,coronel jose dias,PI
64795,-9.282450115,-43.32812467,caracol,PI
64798,-9.395735346,-43.68961386,guaribas,PI
64800,-6.771735084,-43.02309334,floriano,PI
64801,-6.773386848,-43.03468984,floriano,PI
64803,-6.764045936,-43.0107293,floriano,PI
64804,-6.772814166,-43.00993782,floriano,PI
64806,-6.776733151,-43.01649873,floriano,PI
64807,-6.787772639,-43.01133383,floriano,PI
64808,-6.782539305,-43.03311803,floriano,PI
64809,-6.772629981,-43.04354968,floriano,PI
64815,-7.793561089,-42.92356241,flores do piaui,PI
64820,-7.600380664,-43.02652263,itaueira,PI
64825,-6.968437219,-42.67370907,nazare do piaui,PI
64835,-7.77579113,-43.13724312,rio grande do piaui,PI
64838,-7.965022391,-43.22521928,pavussu,PI
64840,-6.795479564,-43.58669259,guadalupe,PI
64845,-7.120923087,-43.88973828,marcos parente,PI
64850,-7.26420268,-43.9292315,landri sales,PI
64855,-7.220780571,-44.19477689,antonio almeida,PI
64858,-6.970124735,-44.19968021,porto alegre do piaui,PI
64860,-7.237545621,-44.55511246,urucui,PI
64865,-7.559793439,-45.24379869,ribeiro goncalves,PI
64868,-7.908424365,-45.21088309,baixa grande do ribeiro,PI
64870,-7.639713116,-43.95252059,bertolinia,PI
64873,-7.570047213,-44.06322711,sebastiao leal,PI
64875,-8.008656408,-43.87226981,manoel emídio,PI
64880,-8.098802868,-43.66046842,eliseu martins,PI
64885,-8.171285055,-43.77796497,colonia do gurgueia,PI
64890,-8.110065701,-42.94675725,canto do buriti,PI
64893,-8.401252761,-42.91263794,tamboril do piaui,PI
64895,-8.206383047,-42.834627,brejo do piaui,PI
64898,-7.856561137,-42.82181022,pajeu do piaui,PI
64900,-9.074950129,-44.36431356,bom jesus,PI
64910,-8.952500054,-44.13011944,santa luz,PI
64915,-9.486574648,-44.58514043,redencao do gurgueia,PI
64920,-8.815881484,-44.2207884,cristino castro,PI
64923,-8.452598,-43.94154833,alvorada do gurguéia,PI
64925,-8.727068832,-44.2372556,palmeira do piauí,PI
64930,-9.831010545,-45.33914441,gilbues,PI
64940,-9.750822592,-45.30443354,monte alegre do piaui,PI
64945,-9.114374507,-45.92155657,santa filomena,PI
64960,-10.03554094,-44.30525196,curimatá,PI
64963,-10.3274024,-44.23654363,julio borges,PI
64965,-10.14165747,-43.94873133,avelino lopes,PI
64968,-9.722471557,-43.89995932,morro cabeça no tempo,PI
64970,-10.21575009,-44.61464449,parnagua,PI
64975,-10.12828134,-44.95238097,riacho frio,PI
64980,-10.42399273,-45.16533524,corrente,PI
64990,-9.923566647,-45.47631041,barreiras do piaui,PI
64993,-10.0300074,-45.30435389,sao goncalo do gurgueia,PI
64995,-10.66779071,-45.17631304,cristalandia do piaui,PI
65000,-2.572348433,-44.20476621,sao luis,MA
65010,-2.535103217,-44.29212674,sao luis,MA
65015,-2.534954938,-44.29853155,sao luis,MA
65020,-2.527439887,-44.29195362,sao luis,MA
65021,-2.53078604,-44.29155108,sao luis,MA
65025,-2.538110033,-44.28934964,sao luis,MA
65026,-2.542300376,-44.27454314,sao luis,MA
65030,-2.544401642,-44.2810405,sao luis,MA
65031,-2.543969649,-44.28354731,sao luis,MA
65032,-2.565736964,-44.25704728,são luís,MA
65033,-2.540111488,-44.22518422,sao luis,MA
65035,-2.532678663,-44.27916756,sao luis,MA
65036,-2.542178225,-44.26533492,sao luis,MA
65037,-2.54029038,-44.2671862,sao luis,MA
65040,-2.550595115,-44.26464444,sao luis,MA
65041,-2.550961608,-44.26507243,sao luis,MA
65042,-2.558117798,-44.26265956,sao luis,MA
65043,-2.557557173,-44.24989707,sao luis,MA
65044,-2.557500027,-44.26337138,sao luis,MA
65045,-2.549306732,-44.24980847,sao luis,MA
65046,-2.548378543,-44.25038383,sao luis,MA
65047,-2.548253829,-44.23602053,sao luis,MA
65048,-2.554535239,-44.24444512,sao luis,MA
65049,-2.552760744,-44.25387095,sao luis,MA
65050,-2.547504621,-44.22412465,sao luis,MA
65051,-2.538428998,-44.21567643,sao luis,MA
65052,-2.543521809,-44.22287013,sao luis,MA
65053,-2.546518445,-44.21380457,sao luis,MA
65054,-2.544515203,-44.2118918,sao luis,MA
65055,-2.561914345,-44.23262619,sao luis,MA
65056,-2.560933304,-44.2356539,sao luis,MA
65057,-2.565463427,-44.23062623,sao luis,MA
65058,-2.570936,-44.20646757,sao luis,MA
65059,-2.552271427,-44.23157538,sao luis,MA
65060,-2.545260737,-44.23499277,sao luis,MA
65061,-2.533657809,-44.25081031,sao luis,MA
65062,-2.536046078,-44.23733929,sao luis,MA
65063,-2.531124674,-44.23562193,sao luis,MA
65064,-2.533518298,-44.238775,sao luis,MA
65065,-2.500952454,-44.22708376,sao luis,MA
65066,-2.516303412,-44.22818772,sao luis,MA
65067,-2.512999542,-44.23434295,sao luis,MA
65068,-2.509168335,-44.23168397,sao luis,MA
65070,-2.522526391,-44.25927262,sao luis,MA
65071,-2.499790812,-44.26102005,sao luis,MA
65072,-2.501242201,-44.24816337,são luís,MA
65073,-2.517652162,-44.24148937,são luís,MA
65074,-2.516715224,-44.25641785,sao luis,MA
65075,-2.502220359,-44.29231417,sao luis,MA
65076,-2.514354535,-44.29813469,são luís,MA
65077,-2.497993108,-44.29776053,sao luis,MA
65078,-2.51300925,-44.26430791,sao luis,MA
65080,-2.556459621,-44.31040033,são luís,MA
65081,-2.545530806,-44.26272239,sao luis,MA
65082,-2.548197862,-44.29813626,sao luis,MA
65083,-2.551103986,-44.21513808,são luís,MA
65085,-2.552757119,-44.31757643,sao luis,MA
65086,-2.5596667,-44.33482825,são luís,MA
65090,-2.562650447,-44.25023698,são luís,MA
65091,-2.545955894,-44.26389155,sao luis,MA
65092,-2.574635329,-44.23037723,sao luis,MA
65093,-2.563363426,-44.24612365,sao luis,MA
65094,-2.50569123,-44.31027914,sao luis,MA
65095,-2.542308086,-44.27827694,sao luis,MA
65110,-2.551847789,-44.13900201,sao jose de ribamar,MA
65130,-2.532493843,-44.16157841,paco do lumiar,MA
65138,-2.446419828,-44.12537579,raposa,MA
65140,-2.923192487,-44.06273522,presidente juscelino,MA
65143,-2.949605954,-44.32932452,bacabeira,MA
65145,-3.135404275,-44.32087849,santa rita,MA
65148,-2.837246158,-44.05561491,axixa,MA
65150,-2.940233036,-44.24954417,rosario,MA
65160,-2.866134984,-44.04096258,morros,MA
65170,-2.775034274,-44.0594869,icatu,MA
65180,-2.62622568,-43.48355588,humberto de campos,MA
65190,-2.511296242,-43.44091392,primeira cruz,MA
65195,-2.500432886,-43.25375006,santo amaro,MA
65200,-2.523977179,-45.08620291,pinheiro,MA
65204,-2.594734256,-45.3953544,presidente sarney,MA
65206,-2.968129658,-45.34851174,pedro do rosário,MA
65208,-2.243948133,-45.29676049,santa helena,MA
65210,-3.321816932,-45.01488893,cajari,MA
65213,-3.285248633,-45.17792314,penalva,MA
65215,-3.21162821,-45.00172534,viana,MA
65218,-3.10041115,-45.0324004,matinha,MA
65220,-2.896293219,-44.88256673,sao vicente ferrer,MA
65223,-2.99423206,-44.99889924,olinda nova do maranhao,MA
65225,-2.965918254,-44.81225037,sao joao batista,MA
65230,-2.876265776,-44.67293408,cajapio,MA
65233,-2.707780707,-44.74003884,bacurituba,MA
65235,-2.701048478,-44.8335501,são bento,MA
65238,-2.647577554,-44.89562147,palmeirandia,MA
65245,-2.577802673,-44.85721804,peri mirim,MA
65248,-2.451071758,-44.78726255,bequimao,MA
65250,-2.392514846,-44.4539415,alcantara,MA
65255,-2.131285031,-44.61132294,guimaraes,MA
65260,-1.999265836,-44.53586993,cedral,MA
65263,-1.879811838,-44.60000595,porto rico do maranhao,MA
65265,-2.066873809,-44.78517995,mirinzal,MA
65267,-2.194815007,-44.82799174,central do maranhao,MA
65268,-1.827493581,-44.87030036,cururupu,MA
65269,-1.854240497,-45.11308306,serrano do maranhao,MA
65270,-1.728056913,-45.14182898,bacuri,MA
65272,-2.545479009,-45.77524383,santa luzia do parua,MA
65274,-2.806361804,-45.70419741,nova olinda do maranhao,MA
65275,-1.532198989,-45.07954688,apicum-acu,MA
65276,-2.225803553,-45.30678119,turilandia,MA
65278,-1.666688223,-45.370789,turiacu,MA
65279,-2.380196856,-45.82428534,presidente medici,MA
65280,-1.488876071,-45.73064414,cândido mendes,MA
65283,-2.244436817,-45.85855365,maranhaozinho,MA
65284,-2.094320868,-45.87933772,governador nunes freire,MA
65285,-1.402130385,-45.776071,godofredo viana,MA
65288,-2.467556205,-45.87342285,centro do guilherme,MA
65289,-2.047597524,-45.95767853,maracacume,MA
65290,-1.330312663,-45.89904354,luis domingues,MA
65292,-1.795312615,-46.29198664,boa vista do gurupi,MA
65293,-1.674015253,-46.01075157,amapá do maranhão,MA
65294,-1.878767905,-46.07250358,junco do maranhão,MA
65295,-1.204072657,-46.02104435,carutapera,MA
65299,-2.1758484,-46.16778168,centro novo do maranhao,MA
65300,-3.661624155,-45.37997306,santa inês,MA
65301,-3.652815546,-45.38803819,santa ines,MA
65302,-3.656914466,-45.37064073,santa ines,MA
65304,-3.665728364,-45.36816454,santa ines,MA
65306,-3.66870636,-45.38371993,santa inês,MA
65310,-4.169239642,-45.48681351,altamira do maranhao,MA
65315,-4.330462369,-45.58715126,brejo de areia,MA
65320,-4.286865849,-45.24741911,vitorino freire,MA
65335,-3.74496218,-45.260182,bela vista do maranhao,MA
65340,-3.838490551,-44.88581435,conceicao do lago-acu,MA
65345,-3.630164491,-45.16698591,igarape do meio,MA
65350,-3.484247763,-44.88048988,vitoria do mearim,MA
65360,-3.495278166,-45.24770532,moncao,MA
65363,-3.413098634,-45.69787357,governador newton bello,MA
65365,-3.276284814,-45.65490543,ze doca,MA
65368,-2.950509667,-45.66542619,araguana,MA
65370,-3.61969742,-45.3493657,pindare mirim,MA
65378,-3.7026225,-45.50968125,tufilândia,MA
65380,-3.543689544,-45.60876343,bom jardim,MA
65385,-3.530680146,-46.27506005,sao joao do caru,MA
65390,-3.989193442,-45.67119,santa luzia,MA
65393,-4.316757277,-46.45803914,buriticupu,MA
65395,-4.502895844,-46.85549096,bom jesus das selvas,MA
65398,-3.724104407,-45.86399742,alto alegre do pindare,MA
65400,-4.461757207,-43.89159961,codo,MA
65413,-4.214134912,-44.44951278,alto alegre do maranhao,MA
65415,-4.129401649,-44.12654959,coroata,MA
65418,-4.374288439,-44.34112032,peritoro,MA
65420,-4.256869551,-43.94007499,timbiras,MA
65430,-3.544078339,-43.9182614,vargem grande,MA
65440,-3.33128505,-43.52926992,são benedito do rio preto,MA
65450,-3.463557674,-43.90817283,nina rodrigues,MA
65455,-3.391338451,-43.9920397,presidente vargas,MA
65460,-3.727273874,-44.22742133,pirapemas,MA
65465,-3.635163253,-44.37799276,cantanhede,MA
65468,-3.628301194,-44.55683603,matoes do norte,MA
65470,-4.03241926,-44.46584505,sao mateus do maranhao,MA
65480,-3.450955217,-44.77844192,arari,MA
65485,-3.39032969,-44.36667195,itapecuru mirim,MA
65490,-3.265782475,-44.61562673,anajatuba,MA
65495,-3.563524484,-44.58210331,miranda do norte,MA
65500,-3.740761967,-43.36051089,chapadinha,MA
65505,-4.131088397,-43.32399746,afonso cunha,MA
65510,-3.624041087,-43.11499263,mata roma,MA
65515,-3.944243935,-42.9144299,buriti,MA
65520,-3.679675005,-42.7532299,brejo,MA
65525,-3.674193551,-43.11039673,anapurus,MA
65530,-3.208318711,-43.4030965,urbano santos,MA
65535,-3.160118257,-43.50478238,belagua,MA
65540,-3.485751674,-42.58617862,santa quiteria do maranhao,MA
65545,-3.580944471,-42.6118661,milagres do maranhão,MA
65550,-3.350791524,-42.42234201,sao bernardo,MA
65555,-3.11695643,-42.41404989,santana do maranhao,MA
65560,-3.394952877,-42.20532222,magalhaes de almeida,MA
65570,-2.885632363,-41.9043043,araioses,MA
65578,-2.869204969,-42.13001118,agua doce do maranhao,MA
65580,-2.770938915,-42.27715031,tutoia,MA
65582,-2.890615119,-42.31000435,barro duro,MA
65585,-2.746931235,-42.54776783,paulino neves,MA
65590,-2.757229669,-42.83179516,barreirinhas,MA
65600,-4.859830718,-43.35321322,caxias,MA
65602,-4.853858466,-43.35704046,caxias,MA
65603,-4.837761985,-43.35598293,caxias,MA
65604,-4.866526844,-43.34752639,caxias,MA
65605,-4.87140902,-43.3450348,caxias,MA
65606,-4.880359629,-43.35336582,caxias,MA
65607,-4.869046373,-43.36707768,caxias,MA
65608,-4.860336141,-43.37109741,caxias,MA
65609,-4.87205842,-43.35529173,caxias,MA
65610,-4.625967641,-43.4673055,aldeias altas,MA
65615,-5.112262536,-43.80768761,sao joao do soter,MA
65620,-4.25460968,-43.01504613,coelho neto,MA
65625,-4.152453704,-42.94617199,duque bacelar,MA
65630,-5.102923191,-42.82426513,timon,MA
65631,-5.090515399,-42.83593499,timon,MA
65632,-5.109211348,-42.83227364,timon,MA
65633,-5.122385026,-42.83551625,timon,MA
65634,-5.113068394,-42.83225049,timon,MA
65635,-5.116536689,-42.83672924,timon,MA
65636,-5.101432897,-42.83765899,timon,MA
65637,-5.116198153,-42.83718546,timon,MA
65640,-5.681526563,-43.09391387,parnarama,MA
65645,-5.521318854,-43.20350956,matões,MA
65650,-6.22729062,-42.99118254,sao francisco do maranhao,MA
65660,-6.75045324,-43.04152041,barao de grajau,MA
65665,-6.49745509,-43.70151251,sao joao dos patos,MA
65668,-6.413688668,-43.54526104,sucupira do riachao,MA
65670,-6.431676478,-43.98796802,paraibano,MA
65680,-6.179896885,-43.77918231,passagem franca,MA
65683,-6.049634731,-43.52724201,lagoa do mato,MA
65685,-5.839493017,-43.83427108,buriti bravo,MA
65690,-6.030384555,-44.24723557,colinas,MA
65693,-5.818083373,-44.22521266,jatobá,MA
65695,-5.732709457,-44.15547422,fortuna,MA
65700,-4.226384666,-44.78906394,bacabal,MA
65704,-4.372368564,-45.03164291,bom lugar,MA
65705,-4.041771813,-44.93624757,lago verde,MA
65706,-4.141830302,-45.11597018,olho d'água das cunhãs,MA
65707,-3.889422492,-45.17044472,pio xii,MA
65708,-4.377545449,-44.67192367,são luís gonzaga do maranhão,MA
65709,-4.038562292,-45.23737623,satubinha,MA
65710,-4.605897428,-45.05145722,lago do junco,MA
65712,-4.612501315,-44.97919046,lago dos rodrigues,MA
65714,-4.620044054,-45.45997923,maraja do sena,MA
65715,-4.565356629,-45.12939734,lago da pedra,MA
65716,-4.447533997,-45.23928534,paulo ramos,MA
65718,-4.993194171,-45.38823873,lagoa grande do maranhao,MA
65720,-4.661491511,-44.85552025,igarapé grande,MA
65723,-4.63066585,-44.76159738,bernardo do mearim,MA
65725,-4.572865409,-44.59883126,pedreiras,MA
65727,-4.566750844,-44.61727105,trizidela do vale,MA
65728,-4.52349664,-44.46383926,lima campos,MA
65730,-4.861041881,-44.37544387,santo antonio dos lopes,MA
65735,-4.717117344,-44.32668696,capinzal do norte,MA
65740,-4.753592281,-44.94242989,pocao de pedras,MA
65750,-4.878589207,-44.88337793,esperantinopolis,MA
65753,-5.104809143,-45.08146542,sao raimundo do doca bezerra,MA
65755,-4.981589067,-44.6994778,joselandia,MA
65758,-5.021523413,-44.99496683,sao roberto,MA
65760,-5.293304861,-44.49150526,presidente dutra,MA
65762,-5.043545609,-44.57261622,sao jose dos basilios,MA
65763,-5.260865121,-44.64417497,tuntum,MA
65765,-5.0368829,-44.43795302,dom pedro,MA
65768,-5.49967624,-44.56097148,santa filomena do maranhao,MA
65770,-5.024766855,-44.26999736,governador archer,MA
65775,-5.155080976,-44.29988066,goncalves dias,MA
65780,-5.325737636,-44.23392915,governador eugenio barros,MA
65783,-5.25892085,-44.05600876,senador alexandre costa,MA
65785,-5.408619018,-44.33238311,graca aranha,MA
65790,-5.582265121,-44.38091614,sao domingos do maranhao,MA
65795,-5.485450353,-44.08426015,governador luiz rocha,MA
65800,-7.531474935,-46.04310515,balsas,MA
65805,-6.964210607,-46.17695283,fortaleza dos nogueiras,MA
65808,-7.118897893,-46.25993417,nova colinas,MA
65810,-9.12347048,-45.94508689,alto parnaiba,MA
65820,-8.476693281,-45.74696137,tasso fragoso,MA
65840,-7.020645396,-45.50273563,sao raimundo das mangabeiras,MA
65850,-6.342931438,-44.43274739,mirador,MA
65860,-6.477823216,-44.19121652,sucupira do norte,MA
65870,-6.599689696,-44.08440457,pastos bons,MA
65880,-6.738953376,-44.04398579,nova iorque,MA
65885,-7.218531517,-44.55507182,benedito leite,MA
65888,-6.814147859,-44.62864125,sao domingos do azeitao,MA
65890,-7.083945133,-44.8130795,são félix de balsas,MA
65895,-7.087963525,-45.13612711,loreto,MA
65900,-5.520295275,-47.48297046,imperatriz,MA
65901,-5.526800125,-47.4829799,imperatriz,MA
65903,-5.519587721,-47.47512556,imperatriz,MA
65904,-5.483314786,-47.49228101,imperatriz,MA
65905,-5.497264976,-47.48791516,imperatriz,MA
65906,-5.484749046,-47.48823895,imperatriz,MA
65907,-5.516082473,-47.48207354,imperatriz,MA
65908,-5.489582164,-47.47038065,imperatriz,MA
65910,-5.516372073,-47.47687214,imperatriz,MA
65911,-5.506636294,-47.47666734,imperatriz,MA
65912,-5.519211469,-47.46142832,imperatriz,MA
65913,-5.52362599,-47.46844876,imperatriz,MA
65914,-5.510017554,-47.4569994,imperatriz,MA
65915,-5.530296141,-47.45593795,imperatriz,MA
65916,-5.531371381,-47.47591736,imperatriz,MA
65917,-5.495657674,-47.48216876,imperatriz,MA
65918,-5.539361744,-47.45481032,imperatriz,MA
65919,-5.511722806,-47.47664374,imperatriz,MA
65920,-5.076683891,-48.41881402,sao pedro da agua branca,MA
65921,-5.173429221,-47.78618988,cidelandia,MA
65922,-5.446864871,-47.40518892,joao lisboa,MA
65923,-5.550368893,-46.71919418,amarante do maranhao,MA
65924,-5.165139095,-48.12715887,vila nova dos martirios,MA
65925,-5.877514397,-46.70246441,sitio novo,MA
65927,-5.527044822,-47.39456222,davinopolis,MA
65928,-5.750425108,-47.36149578,governador edison lobao,MA
65929,-5.12562503,-47.38551291,sao francisco do brejao,MA
65930,-4.945933764,-47.48449633,acailandia,MA
65935,-5.482464653,-47.22083131,buritirana,MA
65936,-5.832444087,-47.06672223,montes altos,MA
65937,-6.190851975,-47.03682827,lajeado novo,MA
65938,-5.928939461,-47.3840752,ribamar fiquene,MA
65939,-4.445839344,-47.51870789,itinga do maranhao,MA
65940,-5.817305107,-46.14561949,grajau,MA
65943,-6.440041399,-46.18858063,formosa da serra negra,MA
65945,-4.889731449,-46.00677977,arame,MA
65948,-5.275051665,-45.85550532,itaipava do grajau,MA
65950,-5.504495038,-45.24672366,barra do corda,MA
65962,-5.366789144,-45.62121966,jenipapo dos vieiras,MA
65968,-6.207448029,-47.30453124,campestre do maranhão,MA
65970,-6.34407933,-47.39386539,porto franco,MA
65973,-6.465308613,-47.05431225,sao joao do paraiso,MA
65975,-6.559559478,-47.44423873,estreito,MA
65978,-6.820902369,-46.53505641,sao pedro dos crentes,MA
65980,-7.331741136,-47.46865088,carolina,MA
65990,-7.364369786,-46.62723131,riachao,MA
65995,-6.962299782,-46.68457137,feira nova do maranhao,MA
66010,-1.450654921,-48.49759,belem,PA
66013,-1.337293373,-48.48242363,belem,PA
66015,-1.444944081,-48.49566131,belem,PA
66017,-1.447458949,-48.48261939,belem,PA
66019,-1.451963529,-48.49931465,belem,PA
66020,-1.460770137,-48.50096498,belem,PA
66023,-1.461373633,-48.49752981,belem,PA
66025,-1.464343814,-48.49281849,belém,PA
66030,-1.469043339,-48.4890624,belém,PA
66033,-1.461060507,-48.48391855,belem,PA
66035,-1.45439864,-48.48775806,belem,PA
66040,-1.455600001,-48.47938145,belem,PA
66045,-1.46150548,-48.47898059,belem,PA
66050,-1.437018085,-48.48705731,belem,PA
66053,-1.448011681,-48.49023012,belem,PA
66055,-1.444504174,-48.4844699,belem,PA
66060,-1.448499759,-48.47542035,belem,PA
66063,-1.456308014,-48.4721321,belem,PA
66065,-1.464561033,-48.47439348,belem,PA
66070,-1.450167254,-48.45933986,belem,PA
66073,-1.457372951,-48.46376682,belem,PA
66075,-1.459311498,-48.46334038,belem,PA
66077,-1.403777681,-48.45754702,belem,PA
66079,-1.464197321,-48.4520378,belem,PA
66080,-1.42655557,-48.46566331,belem,PA
66083,-1.427352354,-48.47287417,belem,PA
66085,-1.433680666,-48.46977259,belem,PA
66087,-1.426635111,-48.46411643,belem,PA
66090,-1.434449863,-48.46638645,belem,PA
66093,-1.438141807,-48.46247941,belem,PA
66095,-1.436809214,-48.45544745,belem,PA
66110,-1.397145081,-48.47693928,belem,PA
66113,-1.430878263,-48.48400823,belem,PA
66115,-1.398353633,-48.48585458,belem,PA
66117,-1.414478732,-48.48044409,belem,PA
66120,-1.41611925,-48.47527555,belém,PA
66123,-1.412798948,-48.47078707,belem,PA
66610,-1.428619245,-48.44937625,belem,PA
66613,-1.416163288,-48.4487295,belem,PA
66615,-1.400407295,-48.45178393,belem,PA
66617,-1.394247093,-48.46784294,belem,PA
66620,-1.402245766,-48.45669852,belem,PA
66623,-1.401286432,-48.4446567,belem,PA
66625,-1.369652924,-48.44261508,belem,PA
66630,-1.379196365,-48.46563687,belem,PA
66633,-1.394563774,-48.45457762,belem,PA
66635,-1.327974212,-48.45553891,belem,PA
66640,-1.36350176,-48.44930824,belem,PA
66645,-1.383347301,-48.43178666,belem,PA
66650,-1.357606494,-48.43855018,belem,PA
66652,-1.36830646,-48.42407226,belem,PA
66670,-1.331882026,-48.4423078,belem,PA
66690,-1.400551327,-48.40039398,belem,PA
66695,-1.390903804,-48.4732193,belem,PA
66810,-1.288205002,-48.47619588,belem,PA
66811,-1.301054576,-48.47023116,belem,PA
66812,-1.312214053,-48.48315851,belem,PA
66813,-1.321536305,-48.47228603,belem,PA
66814,-1.317816893,-48.47114618,belem,PA
66815,-1.323951967,-48.45536113,belem,PA
66816,-1.376518836,-48.47160329,belem,PA
66820,-1.348565642,-48.44587646,belem,PA
66821,-1.339607209,-48.45887633,belem,PA
66822,-1.336232418,-48.4594299,belem,PA
66823,-1.318817622,-48.4392976,belem,PA
66825,-1.355195473,-48.47834508,belém,PA
66830,-1.354897523,-48.45614318,belem,PA
66831,-1.355806875,-48.46602788,belem,PA
66833,-1.327162601,-48.45363792,belem,PA
66840,-1.293031737,-48.45858963,belem,PA
66843,-1.24974964,-48.45619947,belem,PA
66845,-1.278198813,-48.47480766,belem,PA
66910,-1.163001081,-48.47096643,belem,PA
66911,-1.167731177,-48.45983965,belém,PA
66912,-1.147700892,-48.46249944,belem,PA
66913,-1.268773459,-48.4724364,belem,PA
66914,-1.230954812,-48.4501319,belem,PA
66916,-1.457859321,-48.49193008,belém,PA
66918,-1.123038547,-48.43779483,belem,PA
66920,-1.263224524,-48.47027967,belém,PA
66923,-1.097028066,-48.41007202,belem,PA
67010,-1.388107625,-48.40910367,ananindeua,PA
67013,-1.380069343,-48.41556851,ananindeua,PA
67015,-1.364773502,-48.39522558,ananindeua,PA
67020,-1.37932269,-48.38695563,ananindeua,PA
67030,-1.365624885,-48.38423467,ananindeua,PA
67033,-1.372986683,-48.37342724,ananindeua,PA
67035,-1.340880572,-48.37448401,ananindeua,PA
67040,-1.358955582,-48.38310196,ananindeua,PA
67100,-1.381547724,-48.42430054,ananindeua,PA
67103,-1.350901554,-48.39273384,ananindeua,PA
67110,-1.389970448,-48.41140384,ananindeua,PA
67113,-1.37282542,-48.41894877,ananindeua,PA
67115,-1.364000311,-48.41415064,ananindeua,PA
67118,-1.383956246,-48.40085962,ananindeua,PA
67120,-1.351690688,-48.41861087,ananindeua,PA
67125,-1.339016325,-48.40574144,ananindeua,PA
67130,-1.365623483,-48.4046618,ananindeua,PA
67133,-1.359190157,-48.40232828,ananindeua,PA
67140,-1.348259243,-48.40148711,ananindeua,PA
67143,-1.353798777,-48.39245052,ananindeua,PA
67145,-1.351061857,-48.38459212,ananindeua,PA
67146,-1.360727283,-48.39092889,ananindeua,PA
67200,-1.366981864,-48.3376371,marituba,PA
68005,-2.424863101,-54.7122865,santarem,PA
68010,-2.433685307,-54.70527721,santarem,PA
68015,-2.442104623,-54.69896257,santarém,PA
68020,-2.446873441,-54.70748339,santarem,PA
68022,-2.463735725,-54.70810424,santarem,PA
68025,-2.464393576,-54.71443026,santarém,PA
68030,-2.442208454,-54.72344253,santarém,PA
68035,-2.445978153,-54.73797149,santarem,PA
68038,-2.444336374,-54.74673059,santarem,PA
68040,-2.427790186,-54.72992362,santarem,PA
68041,-2.423954005,-54.73285325,santarem,PA
68045,-2.454240146,-54.70060814,santarem,PA
68047,-2.457483525,-54.74858225,santarem,PA
68050,-2.465655503,-54.71721,santarem,PA
68129,-2.683238104,-54.63846808,mojui dos campos,PA
68130,-1.935071917,-53.60253642,prainha,PA
68138,-3.866943074,-54.21756313,placas,PA
68140,-3.720277834,-53.73974164,uruara,PA
68143,-2.69903757,-54.92182695,belterra,PA
68145,-3.450932338,-52.89069879,medicilandia,PA
68148,-3.302928895,-52.53943256,brasil novo,PA
68165,-4.104068789,-54.92300592,ruropolis,PA
68170,-2.159039052,-56.08520031,juruti,PA
68180,-4.26441362,-55.98634593,itaituba,PA
68181,-4.267715933,-55.98983584,itaituba,PA
68182,-4.261502824,-55.99423826,itaituba,PA
68184,-4.269944453,-55.98330176,itaituba,PA
68193,-7.093480793,-55.40306117,novo progresso,PA
68195,-6.22231187,-57.75944388,jacareacanga,PA
68198,-4.715587856,-56.00287741,trairao,PA
68200,-1.946095178,-54.7382245,alenquer,PA
68210,-1.890064491,-55.11700563,curua,PA
68220,-1.996995384,-54.07097385,monte alegre,PA
68230,-1.527503527,-52.57714995,almeirim,PA
68250,-1.904410017,-55.51506721,óbidos,PA
68270,-1.763713926,-55.86339173,oriximina,PA
68275,22.56795175,-27.69808677,porto trombetas,PA
68280,-2.173454987,-56.74442713,faro,PA
68285,-2.104774041,-56.49039754,terra santa,PA
68300,-1.408107238,-51.64618842,gurupa,PA
68330,-1.753783051,-52.23642472,porto de moz,PA
68360,-2.615753502,-51.93613825,senador jose porfirio,PA
68365,-3.463680923,-51.20704964,anapu,PA
68371,-3.208188663,-52.21394603,altamira,PA
68372,-3.216921087,-52.22192154,altamira,PA
68373,-3.213759042,-52.22673606,altamira,PA
68374,-3.205890755,-52.22393915,altamira,PA
68375,-3.195677217,-52.21765296,altamira,PA
68376,-3.201371029,-52.19492733,altamira,PA
68377,-3.194258395,-52.20684791,altamira,PA
68379,9.049062718,-25.17090346,castelo dos sonhos,PA
68380,-6.693010896,-51.98099745,sao felix do xingu,PA
68383,-2.941669141,-52.01369646,vitoria do xingu,PA
68385,-6.753170427,-51.15678992,tucuma,PA
68388,-7.644858345,-50.35747312,bannach,PA
68390,-6.78332934,-51.08162715,ourilandia do norte,PA
68398,-7.811283912,-50.76920635,cumaru do norte,PA
68400,-2.250634549,-49.49773502,cameta,PA
68415,-1.896339575,-49.38243497,limoeiro do ajuru,PA
68420,-2.581604842,-49.50640762,mocajuba,PA
68430,-1.979898837,-48.95971097,igarape-miri,PA
68435,-1.967668664,-48.95440342,maiauata,PA
68440,-1.723024182,-48.88106537,abaetetuba,PA
68445,-1.510227977,-48.62740619,barcarena,PA
68447,7.271649375,-40.31588402,barcarena,PA
68448,-1.565006733,-48.76153758,murucupi,PA
68450,-1.889785572,-48.76695378,moju,PA
68455,-3.820301106,-49.67806307,tucurui,PA
68456,-3.766032605,-49.67434879,tucurui,PA
68457,-3.758794468,-49.6745529,tucuruí,PA
68458,-3.764022926,-49.66832812,tucurui,PA
68459,-3.779341421,-49.67260419,tucurui,PA
68460,-3.756015022,-49.66735831,tucurui,PA
68464,-3.765915836,-49.6758769,hidreletrica tucurui,PA
68465,-2.792828578,-49.66937675,baiao,PA
68470,-2.005084087,-49.85879972,oeiras do para,PA
68473,-4.258293108,-49.97543464,novo repartimento,PA
68475,-1.900003,-50.20968791,bagre,PA
68480,-1.936390167,-50.81903504,portel,PA
68485,-3.815264667,-50.61876737,pacaja,PA
68488,-3.774969016,-49.56417145,breu branco,PA
68490,-1.805806746,-50.71517495,melgaco,PA
68500,-5.349464386,-49.13426495,maraba,PA
68501,-5.379029059,-49.13068889,marabá,PA
68502,-5.368475165,-49.12842052,marabá,PA
68503,-5.369681393,-49.11748102,maraba,PA
68504,-5.345906623,-49.08063279,maraba,PA
68505,-5.343238064,-49.09882683,maraba,PA
68506,-5.346572074,-49.07278705,maraba,PA
68507,-5.355711975,-49.09177629,maraba,PA
68508,-5.345139923,-49.11520312,maraba,PA
68509,-5.355627461,-49.10450303,maraba,PA
68510,-5.363847405,-49.10195956,maraba,PA
68512,-5.34839519,-49.09942318,maraba,PA
68513,-5.312032982,-49.07419472,maraba,PA
68514,-5.36705533,-49.12499134,maraba,PA
68515,-6.074386551,-49.90637045,parauapebas,PA
68516,-12.52126389,-48.4034936,parauapebas,PA
68520,-5.545977539,-48.72407732,sao domingos do araguaia,PA
68521,-5.71725445,-48.4154218,brejo grande do araguaia,PA
68523,-6.110952338,-49.60658045,curionópolis,PA
68524,-6.107891256,-49.36099784,eldorado dos carajas,PA
68525,-5.046901966,-48.59968051,bom jesus do tocantins,PA
68527,-4.953901331,-48.39812266,abel figueiredo,PA
68530,-7.313044233,-50.04723593,rio maria,PA
68533,-6.804580607,-50.48391969,agua azul do norte,PA
68535,-5.796204667,-48.3279408,palestina do para,PA
68537,-6.525210475,-49.87279459,canaa dos carajas,PA
68540,-8.258828968,-49.29806443,conceicao do araguaia,PA
68543,-7.559540144,-49.69768235,floresta do araguaia,PA
68545,-7.833845096,-50.04147561,pau d'arco,PA
68548,-6.944048678,-49.69930709,sapucaia,PA
68550,-8.040803167,-50.0266417,redencao,PA
68551,-8.041280987,-50.0356432,redencao,PA
68552,-8.035249342,-50.03958082,redencao,PA
68553,-8.027278456,-50.02729559,redencao,PA
68554,-8.042244895,-50.0414847,redencao,PA
68555,-7.084785801,-49.92163594,xinguara,PA
68556,-7.094311868,-49.9428864,xinguara,PA
68557,-7.099042749,-49.93739451,xinguara,PA
68560,-9.335262817,-50.34945753,santana do araguaia,PA
68565,-8.868052787,-49.71631624,santa maria das barreiras,PA
68570,-6.388938038,-48.58180269,são geraldo do araguaia,PA
68575,-6.449661631,-48.8679878,picarra,PA
68580,-5.135283146,-49.35635317,itupiranga,PA
68585,-4.921471431,-49.07880708,nova ipixuna,PA
68590,-4.450475687,-49.11559573,jacunda,PA
68600,-1.059169016,-46.76845893,braganca,PA
68610,-1.029011416,-46.63185977,augusto correa,PA
68617,-1.800455887,-46.51975906,cachoeira do piriá,PA
68618,-2.257225754,-46.95885789,nova esperanca do piria,PA
68620,-1.202183632,-46.13899905,viseu,PA
68625,-2.996848828,-47.35721061,paragominas,PA
68626,-2.99758941,-47.35837754,paragominas,PA
68627,-3.004374316,-47.37187849,paragominas,PA
68628,-2.983374722,-47.34985102,paragominas,PA
68630,-2.996166539,-47.34266759,paragominas,PA
68632,-3.749900885,-47.49974578,ulianópolis,PA
68633,-4.289137525,-47.56808101,dom eliseu,PA
68635,-1.689749671,-47.76221573,sao domingos do capim,PA
68637,-2.689476445,-47.63510776,ipixuna do para,PA
68638,-4.772530698,-48.07266297,rondon do para,PA
68639,-3.858681286,-49.0767106,goianésia do pará,PA
68640,-1.548475947,-47.11441509,ourem,PA
68644,-1.551167991,-46.90824568,santa luzia do para,PA
68645,-1.363816409,-47.30778009,bonito,PA
68647,-1.077780068,-46.90300475,tracuateua,PA
68650,-1.75396644,-47.06706008,capitao poco,PA
68655,-1.773876364,-47.4421421,irituia,PA
68658,-2.135055177,-47.55795963,aurora do para,PA
68660,-1.612113444,-47.48467203,sao miguel do guama,PA
68665,-1.934379636,-47.05027201,garrafao do norte,PA
68670,-1.514823924,-48.04169021,bujaru,PA
68675,-2.046023641,-47.55615617,mae do rio,PA
68680,-2.402479052,-48.14534568,tome-acu,PA
68682,-2.584963132,-49.12518473,quatro bocas,PA
68685,-1.996005805,-47.94471702,concordia do para,PA
68690,-1.959971262,-48.19791745,acará,PA
68695,-2.940026353,-48.94519285,tailândia,PA
68700,-1.191626187,-47.17770837,capanema,PA
68701,-1.201536047,-47.17497006,capanema,PA
68702,-1.197819879,-47.18526837,capanema,PA
68703,-1.18880387,-47.18602548,capanema,PA
68707,-0.940192415,-47.11804324,primavera,PA
68709,-0.878586073,-47.0190244,quatipuru,PA
68710,-0.774007459,-47.45102961,maracana,PA
68719,-0.778925701,-47.18353446,sao joao de pirabas,PA
68720,-0.930662386,-47.39280276,santarem novo,PA
68721,-0.628022155,-47.34607442,salinópolis,PA
68722,-0.800463523,-47.60093706,magalhaes barata,PA
68725,-1.127958264,-47.61973921,igarape-acu,PA
68730,-1.182793348,-47.38893559,nova timboteua,PA
68734,-1.153121197,-47.30322415,peixe-boi,PA
68738,-1.348617476,-47.57277642,santa maria do para,PA
68740,-1.299141402,-47.93207078,castanhal,PA
68741,-1.301476883,-47.93645513,castanhal,PA
68742,-1.289451342,-47.93783992,castanhal,PA
68743,-1.284981371,-47.92708938,castanhal,PA
68744,-1.280476826,-47.91590762,castanhal,PA
68745,-1.29578765,-47.91375641,castanhal,PA
68746,-1.298660299,-47.89825257,castanhal,PA
68747,-1.295253,-47.978118,apeu,PA
68748,-1.168410867,-47.79456787,sao francisco do para,PA
68750,-0.733825186,-47.85352355,curuca,PA
68760,-0.748171325,-47.68925101,marapanim,PA
68773,-1.038966035,-47.91063258,terra alta,PA
68780,-0.86274139,-48.13587258,vigia,PA
68785,-0.930103964,-48.27792533,colares,PA
68786,-1.145150534,-48.12760886,santo antonio do taua,PA
68790,-1.301138243,-48.15659943,santa isabel do pará,PA
68792,-1.305295784,-48.04698261,americano,PA
68795,-1.350459263,-48.25553278,benevides,PA
68797,-20.90514878,-51.36969583,benfica,PA
68798,-1.231835637,-48.28934576,santa barbara do para,PA
68800,-1.682764108,-50.47971984,breves,PA
68810,-0.999352073,-49.92611006,anajás,PA
68815,-1.813813529,-49.79649725,curralinho,PA
68820,-1.681315021,-49.55046883,sao sebastiao da boa vista,PA
68825,-1.534285096,-49.22717352,muana,PA
68830,-1.395219428,-48.86824068,ponta de pedras,PA
68840,-1.013227958,-48.96197529,cachoeira do arari,PA
68850,-0.66462782,-49.17378452,santa cruz do arari,PA
68860,-0.791355185,-48.54267217,salvaterra,PA
68870,-0.728123018,-48.51495709,soure,PA
68890,-0.158053574,-50.39068279,afuá,PA
68900,0.035666467,-51.06310282,macapa,AP
68901,0.033394601,-51.06788439,macapa,AP
68902,0.017415455,-51.07016443,macapa,AP
68903,-0.000724396,-51.08418359,macapa,AP
68904,0.016428601,-51.08290727,macapa,AP
68905,0.048362276,-51.05369032,macapá,AP
68906,0.036306954,-51.0952136,macapa,AP
68907,0.07619663,-51.04707619,macapa,AP
68908,0.055708756,-51.06155039,macapa,AP
68909,0.082158588,-51.0587559,macapa,AP
68911,-0.034000762,-51.10534324,macapá,AP
68915,0.856805746,-51.17843779,ferreira gomes,AP
68920,-0.467907228,-52.61531355,laranjal do jari,AP
68924,-0.910090496,-52.42107094,vitoria do jari,AP
68925,-0.044103294,-51.17278447,santana,AP
68926,-0.05513742,-51.15910937,santana,AP
68927,-0.04459228,-51.16346319,santana,AP
68928,-0.025468877,-51.17420056,santana,AP
68940,-0.10695939,-51.28635333,mazagao,AP
68945,0.77753939,-51.95320438,pedra branca do amapari,AP
68948,0.896353402,-52.00068328,serra do navio,AP
68950,2.053790011,-50.79215205,amapa,AP
68960,2.496281545,-50.95212411,calcoene,AP
68980,3.842508276,-51.83395842,oiapoque,AP
68985,-16.3311437,-52.18976676,clevelândia do norte,AP
68997,0.707681437,-51.40952111,porto grande,AP
69005,-3.131672033,-60.01922513,manaus,AM
69006,-3.053082041,-59.93214528,manaus,AM
69007,-3.0920355,-59.92157475,manaus,AM
69008,-3.09060385,-59.89400871,manaus,AM
69009,-3.0604507,-59.84567437,manaus,AM
69010,-3.127743785,-60.02483322,manaus,AM
69015,-3.037520189,-59.9993086,manaus,AM
69017,-2.998336012,-59.98898493,manaus,AM
69018,-2.972925166,-60.00489478,manaus,AM
69020,-3.125438844,-60.01649238,manaus,AM
69021,-3.003454716,-60.03660523,manaus,AM
69022,-2.99544306,-60.08402119,manaus,AM
69023,-2.979195633,-60.02230397,manaus,AM
69025,-3.120035553,-60.02499961,manaus,AM
69027,-3.118842574,-60.0332521,manaus,AM
69028,-3.049705239,-60.00647276,manaus,AM
69029,-3.112483639,-60.03633479,manaus,AM
69030,-3.099482039,-60.03350948,manaus,AM
69033,-3.106257209,-60.03431146,manaus,AM
69035,-3.106168627,-60.06110452,manaus,AM
69036,-3.094212656,-60.05881017,manaus,AM
69037,-3.072286266,-60.08166538,manaus,AM
69038,-3.077463446,-60.05690268,manaus,AM
69039,-3.027550303,-60.01183736,manaus,AM
69040,-3.08861506,-60.03744327,manaus,AM
69041,-3.011807041,-60.0409317,manaus,AM
69042,-3.078684705,-60.05046384,manaus,AM
69043,-3.074261633,-60.02800275,manaus,AM
69044,-3.065017064,-60.05898193,manaus,AM
69045,-3.065283554,-60.05194314,manaus,AM
69046,-3.063064036,-60.04473852,manaus,AM
69047,-3.05988058,-60.04231424,manaus,AM
69048,-3.063765862,-60.02517903,manaus,AM
69049,-3.05322747,-60.03153544,manaus,AM
69050,-3.09608636,-60.02055283,manaus,AM
69053,-3.107758561,-60.02389453,manaus,AM
69054,-3.073350152,-60.00195277,manaus,AM
69055,-3.083741355,-60.01131888,manaus,AM
69057,-3.101026494,-60.00813543,manaus,AM
69058,-3.059253458,-60.00599868,manaus,AM
69059,-2.985217552,-60.01173219,manaus,AM
69060,-3.092578433,-59.99997763,manaus,AM
69063,-3.115485207,-59.9968934,manaus,AM
69065,-3.125168739,-60.0054765,manaus,AM
69067,-3.103532597,-59.98879585,manaus,AM
69068,-3.125355702,-59.99664022,manaus,AM
69070,-3.143827,-60.00815015,manaus,AM
69072,-3.154617,-59.98288725,manaus,AM
69073,-3.127533709,-59.98944768,manaus,AM
69074,-3.135250781,-60.00546136,manaus,AM
69075,-3.114482021,-59.96494548,manaus,AM
69076,-3.114899447,-59.97831804,manaus,AM
69077,-3.11036607,-59.9737439,manaus,AM
69078,-3.111193647,-59.98712443,manaus,AM
69079,-3.107805774,-60.00414999,manaus,AM
69080,-3.096562216,-59.98574414,manaus,AM
69082,-3.086199793,-59.97168357,manaus,AM
69083,-3.078584997,-59.97986456,manaus,AM
69084,-3.076893332,-59.94719732,manaus,AM
69085,-3.069821506,-59.95642764,manaus,AM
69086,-3.06849133,-59.94522282,manaus,AM
69087,-3.0609288,-59.95096778,manaus,AM
69088,-3.038687278,-59.93388496,manaus,AM
69089,-3.091959616,-59.95542952,manaus,AM
69090,-3.030742428,-59.99196433,manaus,AM
69092,-3.000915904,-59.98980872,manaus,AM
69093,-3.019054898,-60.00930472,manaus,AM
69094,-3.041050821,-59.97702038,manaus,AM
69095,-3.028251576,-59.97625499,manaus,AM
69096,-3.037518473,-59.96836341,manaus,AM
69097,-3.017868561,-59.96801087,manaus,AM
69098,-3.053257487,-59.96632163,manaus,AM
69099,-3.030126952,-59.9516133,manaus,AM
69100,-3.142479239,-58.44414185,itacoatiara,AM
69101,-3.13158335,-58.43819619,itacoatiara,AM
69103,-3.131788629,-58.43168683,itacoatiara,AM
69104,-3.140057684,-58.43895772,itacoatiara,AM
69114,-2.836872511,-58.21290626,silves,AM
69117,-2.696622458,-59.70046986,rio preto da eva,AM
69120,-2.74544171,-58.03089477,itapiranga,AM
69130,-2.53266037,-57.75748458,urucará,AM
69135,-2.567293351,-57.87361522,sao sebastiao do uatuma,AM
69140,-2.192187978,-56.71420561,nhamunda,AM
69151,-2.629035494,-56.73835552,parintins,AM
69152,-2.640276614,-56.74821154,parintins,AM
69153,-2.633194251,-56.73098033,parintins,AM
69170,-2.864206592,-56.99802835,freguesia do andira,AM
69180,-3.055411886,-58.07688812,urucurituba,AM
69190,-3.393413713,-57.71438163,maues,AM
69195,-2.968904478,-57.58534428,boa vista do ramos,AM
69200,-4.391270069,-59.5936485,borba,AM
69230,-3.890888485,-59.09316877,nova olinda do norte,AM
69240,-3.581535752,-59.1292697,autazes,AM
69250,-3.819210265,-60.3610534,careiro,AM
69255,-3.1959675,-59.82835275,careiro da varzea,AM
69260,-5.12373685,-60.37297406,novo aripuanã,AM
69265,-7.197025957,-59.88862669,apui,AM
69280,-5.80923683,-61.29577553,manicore,AM
69301,2.822774637,-60.67069769,boa vista,RR
69303,2.811250642,-60.67829725,boa vista,RR
69304,2.824630872,-60.68798179,boa vista,RR
69305,2.835271657,-60.6734224,boa vista,RR
69306,2.832974697,-60.66578496,boa vista,RR
69307,2.855558322,-60.66071329,boa vista,RR
69308,2.796401433,-60.68535502,boa vista,RR
69309,2.813745521,-60.70100722,boa vista,RR
69310,2.838024593,-60.70445053,boa vista,RR
69311,2.846929207,-60.71295217,boa vista,RR
69312,2.812956385,-60.7134712,boa vista,RR
69313,2.829994575,-60.72275024,boa vista,RR
69314,2.823095507,-60.73542506,boa vista,RR
69315,2.823855555,-60.67843155,boa vista,RR
69316,2.779961659,-60.73469955,boa vista,RR
69317,2.82259179,-60.75414688,boa vista,RR
69318,2.760685,-60.74059119,boa vista,RR
69340,2.443150541,-60.93968257,mucajai,RR
69345,4.478955073,-61.14596821,pacaraima,RR
69348,2.168833745,-61.05285513,iracema,RR
69350,2.993400658,-61.38615039,alto alegre,RR
69355,3.882837594,-59.62576292,normandia,RR
69360,1.810341052,-61.13365876,caracarai,RR
69370,1.015240016,-60.03832987,sao luiz,RR
69373,0.937588442,-60.42956375,rorainopolis,RR
69375,0.951334795,-59.91255259,sao joao da baliza,RR
69378,0.862679081,-59.6409295,caroebe,RR
69380,3.362115058,-59.83322249,bonfim,RR
69400,-3.292532565,-60.62277433,manacapuru,AM
69401,-3.282944509,-60.63955065,manacapuru,AM
69405,-3.272973886,-60.19680231,iranduba,AM
69410,-3.328865404,-61.21001554,caapiranga,AM
69415,-3.274627879,-60.18722649,iranduba,AM
69425,-3.328865404,-61.21001554,caapiranga,AM
69435,-3.427935032,-60.45895378,manaquiri,AM
69440,-3.745414778,-61.65878562,anori,AM
69445,-3.579163289,-61.40477882,anama,AM
69450,-3.839305368,-62.06708508,codajas,AM
69460,-4.093742635,-63.14117324,coari,AM
69470,-3.350850893,-64.71453685,tefe,AM
69480,-5.625403298,-63.18704731,tapauá,AM
69490,-1.858199512,-65.59105927,maraã,AM
69495,-1.880549425,-66.99896727,japura,AM
69500,-4.874305179,-66.89510673,carauari,AM
69510,-6.438327189,-68.24550293,itamarati,AM
69520,-3.471950855,-66.05940726,jurua,AM
69540,-3.211018856,-64.80427014,alvaraes,AM
69550,-3.347865405,-64.70440703,tefe,AM
69552,-3.350393872,-64.7172712,tefe,AM
69553,-3.355835523,-64.72592015,tefe,AM
69555,-3.374206546,-64.71184793,tefe,AM
69557,-3.350610001,-64.71107215,tefe,AM
69600,-3.466221742,-68.95292355,são paulo de olivença,AM
69620,-3.364424592,-68.19783505,amaturá,AM
69630,-4.416761866,-70.03170496,benjamin constant,AM
69640,-4.235397565,-69.93294485,tabatinga,AM
69650,-4.365365359,-70.19256689,atalaia do norte,AM
69660,-2.749440625,-66.7705652,jutai,AM
69670,-2.519899516,-66.09204641,fonte boa,AM
69685,-2.85838206,-67.77272062,tonantins,AM
69700,-0.97081529,-62.92765736,barcelos,AM
69730,-2.627641541,-60.94779303,novo airão,AM
69735,-2.027317164,-60.01999559,presidente figueiredo,AM
69750,0.160948081,-66.87665591,sao gabriel da cachoeira,AM
69790,-3.082304232,-60.0674039,iauarete,AM
69800,-7.515035839,-63.02030866,humaitá,AM
69820,-6.530684341,-64.38739127,canutama,AM
69830,-7.260527722,-64.79146203,labrea,AM
69850,-8.77611857,-67.38609416,boca do acre,AM
69860,-7.709366703,-66.99783712,pauini,AM
69870,-7.436250049,-70.02775373,envira,AM
69880,-6.663392742,-69.8670087,eirunepé,AM
69890,-7.048135478,-71.69173555,ipixuna,AM
69895,-7.546240438,-72.5831837,guajara,AM
69900,-9.967843045,-67.81328447,rio branco,AC
69901,-9.95935156,-67.80548084,rio branco,AC
69902,-9.94453384,-67.81688733,rio branco,AC
69903,-9.945319445,-67.82315984,rio branco,AC
69904,-9.981985725,-67.82874516,rio branco,AC
69905,-9.976918861,-67.80810934,rio branco,AC
69906,-9.993371563,-67.8164331,rio branco,AC
69907,-10.00146156,-67.79650624,rio branco,AC
69908,-9.979282221,-67.88020368,rio branco,AC
69909,-10.02102061,-67.80168028,rio branco,AC
69910,-9.957905933,-67.81808285,rio branco,AC
69911,-9.979872137,-67.82634864,rio branco,AC
69912,-9.989061456,-67.84408966,rio branco,AC
69914,-9.976837855,-67.86866601,rio branco,AC
69915,-9.977963622,-67.83430607,rio branco,AC
69917,-9.949074142,-67.87675861,rio branco,AC
69918,-9.956478682,-67.82849982,rio branco,AC
69919,-9.955303078,-67.84853785,rio branco,AC
69920,-9.956576379,-67.81885019,rio branco,AC
69921,-9.939930677,-67.82718322,rio branco,AC
69922,-9.928917088,-67.84012717,rio branco,AC
69925,-10.15330405,-67.73425773,senador guiomard,AC
69926,-9.798650526,-68.00424668,bujari,AC
69927,-9.595140028,-67.54296064,porto acre,AC
69928,-10.32865703,-67.18306544,placido de castro,AC
69929,-22.86161471,-47.06430303,campinas,AC
69930,-10.65222619,-68.50293468,xapuri,AC
69931,-10.57122972,-67.67442149,capixaba,AC
69932,-11.00594073,-68.74917531,brasileia,AC
69934,-11.02095287,-68.72939234,epitaciolândia,AC
69935,-10.9351056,-69.55783084,assis brasil,AC
69940,-9.066410202,-68.65995055,sena madureira,AC
69945,-10.05937437,-67.0374858,acrelandia,AC
69950,-8.838577671,-69.26138481,manoel urbano,AC
69955,-9.451330152,-70.47741051,santa rosa do purus,AC
69960,-8.169583121,-70.35729663,feijo,AC
69970,-8.162819038,-70.76844153,tarauaca,AC
69975,-9.191310772,-71.95042339,jordão,AC
69980,-7.626199616,-72.66888054,cruzeiro do sul,AC
69982,-8.596674347,-71.44282339,porto walter,AC
69983,-8.95455,-72.783659,marechal thaumaturgo,AC
69985,-7.736558913,-72.65163538,rodrigues alves,AC
69990,-7.605105632,-72.91606928,mâncio lima,AC
70002,-15.79043861,-47.88065506,brasilia,DF
70037,-15.845994,-47.9207655,brasilia,DF
70040,-15.79176971,-47.87906991,brasilia,DF
70041,-15.78828644,-47.87838799,brasília,DF
70043,-15.7989285,-47.8709235,brasilia,DF
70044,-15.79778154,-47.87468158,brasília,DF
70047,-15.79778154,-47.87468158,brasilia,DF
70048,-15.79778154,-47.87468158,brasilia,DF
70053,-15.79778154,-47.87468158,brasília,DF
70054,-15.7982004,-47.87337064,brasilia,DF
70055,-15.79778154,-47.87468158,brasilia,DF
70056,-15.799446,-47.8692855,brasilia,DF
70057,-15.79043861,-47.88065506,brasilia,DF
70059,-15.799446,-47.8692855,brasília,DF
70064,-15.79778154,-47.87468158,brasilia,DF
70065,-15.79778154,-47.87468158,brasilia,DF
70067,-15.7991895,-47.87010225,brasilia,DF
70068,-15.798429,-47.872575,brasilia,DF
70070,-15.78491372,-47.89301508,brasília,DF
70072,-15.80116895,-47.88254109,brasília,DF
70074,-15.8016376,-47.8824756,brasilia,DF
70077,-15.79076666,-47.88443919,brasília,DF
70078,-15.8016376,-47.8824756,brasilia,DF
70150,-15.80048812,-47.86100134,brasilia,DF
70160,-15.80037538,-47.86052311,brasilia,DF
70175,-15.80038624,-47.8605267,brasilia,DF
70200,-15.81563063,-47.85521105,brasilia,DF
70210,-15.84859911,-47.92118753,brasilia,DF
70232,-15.80578544,-47.88609508,brasilia,DF
70233,-15.80853824,-47.88911031,brasilia,DF
70234,-15.81087701,-47.89105497,brasilia,DF
70235,-15.81319451,-47.89330452,brasília,DF
70236,-15.80745661,-47.88440957,brasilia,DF
70237,-15.81024526,-47.88662796,brasília,DF
70238,-15.81291718,-47.88900374,brasilia,DF
70239,-15.81555414,-47.89131048,brasilia,DF
70252,-15.81571527,-47.89574487,brasilia,DF
70253,-15.81767862,-47.89842646,brasilia,DF
70254,-15.8198849,-47.90131339,brasilia,DF
70255,-15.81765276,-47.89360634,brasilia,DF
70256,-15.82038658,-47.89692836,brasilia,DF
70257,-15.8221944,-47.8995781,brasilia,DF
70258,-15.82187139,-47.90111024,brasilia,DF
70272,-15.82171875,-47.90401213,brasilia,DF
70273,-15.82388548,-47.90659094,brasilia,DF
70274,-15.82580603,-47.9093231,brasília,DF
70275,-15.82782813,-47.91225049,brasilia,DF
70276,-15.82590986,-47.90466747,brasilia,DF
70277,-15.82798756,-47.90744724,brasilia,DF
70278,-15.82992779,-47.91021325,brasilia,DF
70292,-15.82989099,-47.91477505,brasilia,DF
70293,-15.83139515,-47.9172213,brasilia,DF
70294,-15.83330948,-47.92000075,brasília,DF
70295,-15.83543839,-47.92283324,brasilia,DF
70296,-15.83201046,-47.91297217,brasilia,DF
70297,-15.83109914,-47.91445524,brasília,DF
70298,-15.8361177,-47.91868367,brasília,DF
70299,-15.83782974,-47.92100627,brasilia,DF
70330,-15.80307033,-47.89041869,brasília,DF
70331,-15.80314468,-47.89695692,brasilia,DF
70335,-15.80059714,-47.88945379,brasilia,DF
70336,-15.80375842,-47.89407909,brasilia,DF
70337,-15.80644084,-47.89624334,brasilia,DF
70338,-15.8017509,-47.89196093,brasilia,DF
70340,-15.79774068,-47.89371336,brasilia,DF
70342,-15.80587727,-47.89178239,brasilia,DF
70343,-15.8085566,-47.89398126,brasília,DF
70344,-15.81082206,-47.89635989,brasilia,DF
70345,-15.81295013,-47.89849187,brasilia,DF
70346,-15.81468992,-47.90095402,brasilia,DF
70347,-15.81653915,-47.90398006,brasilia,DF
70350,-15.80757303,-47.9018292,brasilia,DF
70351,-15.81096251,-47.90569852,brasilia,DF
70352,-15.80844891,-47.89826013,brasilia,DF
70353,-15.81065395,-47.90034279,brasilia,DF
70354,-15.81257117,-47.90297738,brasilia,DF
70355,-15.81428536,-47.90555802,brasilia,DF
70360,-15.81470112,-47.91034139,brasilia,DF
70361,-15.81935369,-47.91662342,brasilia,DF
70362,-15.81638806,-47.90815599,brasilia,DF
70363,-15.81850361,-47.91109322,brasilia,DF
70364,-15.82045755,-47.91318518,brasilia,DF
70365,-15.82225605,-47.91638104,brasilia,DF
70372,-15.81842575,-47.90662477,brasilia,DF
70373,-15.82038709,-47.90931948,brasilia,DF
70374,-15.82258768,-47.91184799,brasilia,DF
70375,-15.8245981,-47.91445163,brasilia,DF
70376,-15.82646185,-47.91708797,brasilia,DF
70377,-15.82829497,-47.92016369,brasilia,DF
70380,-15.82237835,-47.92160985,brasilia,DF
70381,-15.82665093,-47.92695931,brasilia,DF
70382,-15.82424915,-47.91916845,brasilia,DF
70383,-15.82624299,-47.92164494,brasilia,DF
70384,-15.82749376,-47.9244325,brasilia,DF
70385,-15.83030763,-47.92289906,brasilia,DF
70386,-15.83221499,-47.92523256,brasilia,DF
70387,-15.82974169,-47.92731441,brasilia,DF
70390,-15.81533437,-47.91666566,brasilia,DF
70391,-15.79637343,-47.84895543,brasilia,DF
70393,-11.00321351,-68.74472282,brasilia,DF
70402,-15.80247759,-47.87471121,brasilia,DF
70406,-15.80789866,-47.87406381,brasília,DF
70415,-15.823971,-47.88720623,brasilia,DF
70422,-15.82490152,-47.89258563,brasilia,DF
70602,-15.74803302,-47.92424952,brasilia,DF
70610,-15.79194528,-47.9122501,brasilia,DF
70620,-15.77603021,-47.90937287,brasília,DF
70630,-15.77169073,-47.92309196,brasilia,DF
70631,-15.76928126,-47.959345,brasilia,DF
70632,-15.7629444,-47.9354818,brasilia,DF
70634,-15.74718871,-47.92536087,brasilia,DF
70636,-15.71731381,-47.90641614,brasilia,DF
70640,-15.78574925,-47.93638544,brasília,DF
70645,-15.78185245,-47.93405506,brasilia,DF
70648,-15.7884932,-47.93609676,brasilia,DF
70650,-15.79803748,-47.94273546,brasilia,DF
70655,-15.79709176,-47.93699735,cruzeiro,DF
70658,-15.79468718,-47.9354667,brasilia,DF
70660,-15.80649575,-47.94217524,brasilia,DF
70666,-15.748866,-47.893932,brasilia,DF
70670,-15.80191957,-47.92366341,brasilia,DF
70673,-15.80012425,-47.92840965,brasilia,DF
70675,-15.79072564,-47.93009292,brasília,DF
70680,-15.78443186,-47.91704557,brasília,DF
70687,-15.81597633,-47.90732809,brasilia,DF
70710,-15.75411751,-47.89183146,brasilia,DF
70711,-15.78858079,-47.88242487,brasilia,DF
70712,-15.78693554,-47.88376495,brasilia,DF
70719,-15.78628359,-47.88911798,brasilia,DF
70720,-15.78098498,-47.88928265,brasília,DF
70722,-15.78232866,-47.88292096,brasilia,DF
70723,-15.78155424,-47.88551526,brasília,DF
70730,-15.77659679,-47.88914724,brasilia,DF
70732,-15.77855514,-47.8827839,brasilia,DF
70733,-15.77586528,-47.88311697,brasilia,DF
70734,-15.77256758,-47.88349979,brasilia,DF
70735,-15.78019081,-47.88689437,brasilia,DF
70736,-15.77596503,-47.88626757,brasília,DF
70737,-15.7728889,-47.88628831,brasilia,DF
70740,-15.76795568,-47.89101173,brasilia,DF
70741,-15.76397733,-47.8926803,brasilia,DF
70742,-15.76969078,-47.88398915,brasília,DF
70743,-15.76620733,-47.88472816,brasilia,DF
70744,-15.76358059,-47.88582426,brasilia,DF
70745,-15.7701797,-47.88701555,brasilia,DF
70746,-15.76756865,-47.88757743,brasilia,DF
70747,-15.7639014,-47.88878926,brasilia,DF
70750,-15.75994194,-47.89449898,brasilia,DF
70752,-15.76024408,-47.8866547,brasília,DF
70753,-15.75692245,-47.88727289,brasilia,DF
70754,-15.75418796,-47.88893575,brasília,DF
70755,-15.761076,-47.88959629,brasilia,DF
70756,-15.75749997,-47.89005376,brasilia,DF
70757,-15.75501361,-47.89147743,brasilia,DF
70760,-15.75046199,-47.89649347,brasilia,DF
70761,-15.74546625,-47.8991205,brasilia,DF
70762,-15.75123462,-47.88967274,brasilia,DF
70763,-15.74783061,-47.8905605,brasilia,DF
70764,-15.74560552,-47.89204141,brasília,DF
70765,-15.75175269,-47.89295961,brasília,DF
70766,-15.7487886,-47.89358954,brasilia,DF
70767,-15.74549913,-47.89486592,brasilia,DF
70770,-15.73948281,-47.89941621,brasilia,DF
70772,-15.74159506,-47.89278076,brasilia,DF
70773,-15.73845701,-47.89413323,brasilia,DF
70774,-15.74264573,-47.89557306,brasilia,DF
70775,-15.73948757,-47.89679067,brasilia,DF
70785,-15.7366935,-47.89046025,brasilia,DF
70790,-15.75482061,-47.89825021,brasilia,DF
70800,-15.77790358,-47.85173617,brasilia,DF
70801,-15.79324064,-47.85035693,brasilia,DF
70802,-15.79384759,-47.85231063,brasília,DF
70803,-15.79124554,-47.85108305,brasilia,DF
70804,-15.79414585,-47.84835443,brasília,DF
70830,-15.7776255,-47.87400825,brasília,DF
70832,-15.78177783,-47.87846895,brasilia,DF
70833,-15.77882149,-47.87840076,brasilia,DF
70834,-15.78207598,-47.87527088,brasília,DF
70835,-15.77816306,-47.87569454,brasilia,DF
70842,-15.77602619,-47.87893868,brasilia,DF
70843,-15.77186615,-47.87976859,brasilia,DF
70844,-15.76861867,-47.88004869,brasilia,DF
70845,-15.77449746,-47.87603,brasilia,DF
70846,-15.77156581,-47.8760316,brasilia,DF
70847,-15.76763337,-47.8775175,brasilia,DF
70852,-15.763761,-47.88131287,brasília,DF
70853,-15.76230571,-47.8816822,brasília,DF
70854,-15.75918911,-47.88299715,brasilia,DF
70855,-15.7646578,-47.87842786,brasilia,DF
70856,-15.76138674,-47.87892318,brasilia,DF
70857,-15.75867723,-47.8799748,brasilia,DF
70862,-15.75589038,-47.88374276,brasilia,DF
70863,-15.75291303,-47.88488503,brasilia,DF
70864,-15.75011295,-47.88575349,brasilia,DF
70865,-15.75476195,-47.88123323,brasília,DF
70866,-15.75187675,-47.8821284,brasilia,DF
70867,-15.74823853,-47.88289512,brasilia,DF
70872,-15.74632146,-47.88748863,brasilia,DF
70873,-15.74338724,-47.88797452,brasilia,DF
70874,-15.74051231,-47.88881091,brasília,DF
70875,-15.73744059,-47.88986362,brasilia,DF
70876,-15.74779892,-47.88476688,brasilia,DF
70878,-15.73951068,-47.88640972,brasilia,DF
70879,-15.73737258,-47.88698538,brasilia,DF
70908,-15.7652846,-47.856663,brasilia,DF
70910,-11.01405585,-68.74665258,brasilia,DF
71009,-15.78732657,-47.8858278,brasilia,DF
71010,-15.81564798,-47.98690837,brasilia,DF
71015,-15.82319803,-47.98710768,brasília,DF
71020,-15.81734115,-47.97384491,brasilia,DF
71050,-15.83284323,-47.97606061,brasília,DF
71060,-15.83436877,-47.98274902,brasilia,DF
71065,-15.84261015,-47.97578275,brasilia,DF
71070,-15.83278666,-47.94636739,brasilia,DF
71090,-15.81561322,-47.99572072,guara,DF
71100,-15.8087295,-47.989449,brasília,DF
71200,-15.79970985,-47.95136302,brasilia,DF
71205,-15.79558552,-47.94900444,brasilia,DF
71215,-15.81393345,-47.94702493,brasília,DF
71218,-14.61606937,-53.15859124,brasilia,DF
71225,-15.80079685,-47.97677495,brasília,DF
71250,-15.7786851,-48.00002287,brasilia,DF
71503,-15.71499403,-47.8857781,brasilia,DF
71505,-15.72639765,-47.8675995,brasilia,DF
71510,-15.72756778,-47.88111075,brasília,DF
71515,-15.74412068,-47.84540335,brasilia,DF
71520,-15.7379629,-47.86565639,brasilia,DF
71525,-15.7471379,-47.8513649,brasilia,DF
71530,-15.75952899,-47.83889421,brasilia,DF
71535,-15.75726438,-47.83241417,brasília,DF
71540,-15.7386161,-47.88054806,brasilia,DF
71570,-15.78109922,-47.78362354,brasília,DF
71571,-15.77341393,-47.778536,paranoa,DF
71572,-15.76822712,-47.77988593,brasilia,DF
71573,-15.76294261,-47.78005844,brasilia,DF
71596,-15.70450869,-47.82464289,brasília,DF
71600,-15.85205077,-47.88820574,brasília,DF
71605,-15.85767979,-47.91707185,brasilia,DF
71610,-15.85533808,-47.92175113,brasilia,DF
71615,-15.84774645,-47.89594036,brasilia,DF
71620,-15.84666603,-47.90255618,brasília,DF
71625,-15.83602517,-47.87567001,brasilia,DF
71630,-15.83214084,-47.87554514,brasilia,DF
71635,-15.8459577,-47.8771729,brasilia,DF
71640,-15.84848694,-47.87219055,lago sul,DF
71645,-15.86412582,-47.8753807,brasilia,DF
71650,-15.84874366,-47.8563437,brasilia,DF
71655,-15.85790376,-47.85905545,brasilia,DF
71660,-15.84162334,-47.83833438,brasilia,DF
71665,-15.83570023,-47.83561352,brasilia,DF
71670,-15.81991512,-47.81472213,brasília,DF
71675,-15.82523187,-47.80601296,lago sul,DF
71680,-15.84651591,-47.83113216,brasília,DF
71691,-15.88016233,-47.81695943,brasilia,DF
71692,-15.90115886,-47.77844461,brasilia,DF
71693,-15.895528,-47.77170704,brasilia,DF
71694,-15.90895555,-47.75284422,brasilia,DF
71697,-15.79419711,-47.84810123,brasilia,DF
71699,-15.7930969,-47.85161566,brasilia,DF
71705,-15.87209043,-47.96609653,brasilia,DF
71710,-15.86944374,-47.9672425,brasilia,DF
71715,-15.8715969,-47.9729676,brasília,DF
71720,-15.86281677,-47.95591795,nucleo bandeirante,DF
71725,-15.85107964,-47.95109414,brasilia,DF
71727,-15.85620945,-47.95086571,brasilia,DF
71730,-15.83212663,-47.9037611,brasilia,DF
71731,-15.85446848,-47.93405126,brasília,DF
71735,-15.85395647,-47.99148745,brasília,DF
71736,-15.86824295,-47.97323375,brasilia,DF
71738,-15.87227925,-47.97706395,brasilia,DF
71740,-15.89945676,-47.9678176,brasilia,DF
71741,-15.92019506,-47.95387594,brasilia,DF
71742,-15.89107377,-47.93065866,brasilia,DF
71745,-15.90790392,-47.94665445,brasília,DF
71746,-15.94562331,-47.96866677,brasilia,DF
71750,-15.91941843,-47.93222994,brasilia,DF
71800,-15.88345469,-47.99501923,riacho fundo,DF
71805,-15.88043031,-48.01590343,brasilia,DF
71820,-15.88503404,-48.0168819,brasilia,DF
71825,-15.88753719,-48.01707177,brasília,DF
71880,-15.90292314,-48.04589684,brasilia,DF
71881,-15.8940314,-48.04967734,brasilia,DF
71882,-15.91341189,-48.04666863,brasilia,DF
71900,-15.83241359,-48.03745525,brasilia,DF
71901,-15.83112913,-48.01598782,brasilia,DF
71904,-15.83076844,-48.01802413,brasilia,DF
71906,-15.83101804,-48.0110295,brasilia,DF
71907,-15.82389438,-47.97790597,brasilia,DF
71908,-15.81655451,-47.94294408,brasilia,DF
71909,-15.83181666,-47.99983796,brasília,DF
71910,-15.83866661,-48.01356249,brasilia,DF
71915,-15.83983101,-47.99687194,brasilia,DF
71916,-15.83967697,-48.01409159,brasilia,DF
71917,-15.83730565,-48.02235903,brasilia,DF
71918,-15.83745425,-48.02743965,brasília,DF
71920,-15.83010529,-48.0323489,brasilia,DF
71925,-15.84304855,-48.00840994,brasília,DF
71926,-15.8403738,-48.01472781,brasilia,DF
71927,-15.84493469,-48.01874343,brasília,DF
71928,-15.84534618,-48.03142383,brasilia,DF
71929,-15.84193336,-48.00838559,brasilia,DF
71930,-15.837822,-48.036888,brasilia,DF
71931,-15.83679338,-48.03955332,brasília,DF
71936,-15.84000223,-48.02467532,brasilia,DF
71937,-15.83002326,-47.98046577,brasilia,DF
71938,-15.80758948,-47.90234658,brasilia,DF
71939,-15.83681375,-48.00446949,brasilia,DF
71940,-15.84731038,-47.92277683,brasilia,DF
71950,-15.83922799,-48.04363707,taguatinga,DF
71955,-15.85450518,-48.03766404,brasilia,DF
71956,-15.85464587,-48.03698607,brasilia,DF
71957,-15.85370878,-48.03679624,brasilia,DF
71958,-15.85307444,-48.03607936,brasilia,DF
71959,-15.85156958,-48.03528367,brasilia,DF
71960,-15.85196823,-48.03432806,brasilia,DF
71961,-15.85459026,-48.03200029,brasilia,DF
71963,-15.85483399,-48.03333985,brasilia,DF
71964,-15.85946172,-48.03572679,brasília,DF
71965,-15.86014045,-48.02743357,brasilia,DF
71967,-15.86407422,-48.02626135,brasilia,DF
71968,-15.86489497,-48.02480076,brasilia,DF
71969,-15.86586667,-48.02577914,brasilia,DF
71972,-15.8652898,-48.03217214,taguatinga,DF
71973,-15.86076334,-48.02445202,brasília,DF
71978,-15.86176542,-47.98551603,brasilia,DF
71979,-15.86983373,-48.01913202,brasília,DF
71980,-15.86901238,-48.01775426,brasilia,DF
71981,-15.86890625,-48.01626573,brasilia,DF
71982,-15.87186514,-48.01614077,brasilia,DF
71985,-15.87483688,-48.01512067,brasilia,DF
71987,-15.87693672,-48.01629383,brasilia,DF
71988,-15.87686441,-48.01210266,brasilia,DF
71989,-15.87679129,-48.00797273,brasilia,DF
71990,-15.87517387,-48.00029096,brasilia,DF
71991,-15.87503356,-47.9977644,brasília,DF
72001,-15.79139823,-47.8569889,brasilia,DF
72003,-15.79250345,-47.84512684,brasilia,DF
72006,-15.79115473,-47.85672962,brasilia,DF
72007,-15.77481596,-48.0468055,brasília,DF
72010,-15.83209033,-48.05466828,brasilia,DF
72015,-15.83822554,-48.05340072,brasília,DF
72016,-15.83993184,-48.0600733,brasilia,DF
72020,-15.84537502,-48.04387675,brasilia,DF
72025,-15.85933622,-48.04078123,brasília,DF
72035,-15.87040329,-48.03480539,brasilia,DF
72110,-15.82525288,-48.05190554,taguatinga,DF
72115,-15.82473716,-48.0599179,brasilia,DF
72120,-15.80802793,-48.06227524,brasilia,DF
72125,-15.8131202,-48.06773448,brasilia,DF
72130,-15.79787934,-48.06224868,brasilia,DF
72135,-15.80937282,-48.07680778,brasilia,DF
72140,-15.81420238,-48.08418524,brasília,DF
72145,-15.8033327,-48.09794999,brasilia,DF
72146,-15.79524813,-48.1063755,brasília,DF
72150,-15.82576363,-48.08229812,brasilia,DF
72151,-15.82645372,-48.08720862,brasilia,DF
72152,-15.81554534,-48.09104573,brasilia,DF
72153,-15.74643281,-47.9254184,brasilia,DF
72155,-15.82855879,-48.0759425,brasília,DF
72156,-15.82000365,-48.07935708,brasilia,DF
72160,-15.83259115,-48.0879717,brasilia,DF
72161,-15.82183786,-48.09147948,brasilia,DF
72162,-15.81402081,-48.09497407,brasília,DF
72210,-15.80698607,-48.10495885,brasilia,DF
72215,-15.82736832,-48.0977755,brasília,DF
72220,-15.83195435,-48.10778387,ceilandia,DF
72225,-15.81141386,-48.11919582,brasilia,DF
72230,-15.838524,-48.122217,ceilandia,DF
72231,-15.84162953,-48.11468188,ceilandia,DF
72233,-15.84790141,-48.11250056,ceilandia,DF
72235,-15.84279649,-48.12488747,brasilia,DF
72236,-15.84945697,-48.11986082,brasilia,DF
72240,-15.81762572,-48.1269262,brasilia,DF
72241,-15.8100541,-48.13183396,brasilia,DF
72250,-15.79483336,-48.11834695,brasilia,DF
72251,-15.78892983,-48.12481467,ceilandia,DF
72252,-15.80009418,-48.12618582,brasilia,DF
72255,-15.79244195,-48.12410742,brasília,DF
72260,-15.79954705,-48.13547362,brasilia,DF
72261,-15.79097797,-48.13890901,brasilia,DF
72270,-15.80542663,-48.14380921,brasilia,DF
72275,-15.80155273,-48.13105974,brasília,DF
72301,-15.88513141,-48.10620443,brasilia,DF
72302,-15.8719937,-48.07579272,brasilia,DF
72303,-15.89358885,-48.12459661,brasilia,DF
72304,-15.86732461,-48.05886813,brasilia,DF
72305,-15.88469622,-48.09585769,brasília,DF
72306,-15.87741871,-48.07636016,brasilia,DF
72307,-15.89064397,-48.1078927,brasilia,DF
72308,-15.87416116,-48.06666435,brasilia,DF
72309,-15.89628057,-48.11942404,brasilia,DF
72310,-15.88222974,-48.07489033,brasilia,DF
72311,-15.89044599,-48.09791269,brasilia,DF
72312,-15.88219056,-48.07236539,samambaia,DF
72313,-15.89159675,-48.10305209,brasilia,DF
72314,-15.87953597,-48.0645674,brasilia,DF
72315,-15.89086946,-48.09613187,brasilia,DF
72316,-15.86511585,-48.07848471,brasilia,DF
72317,-15.89835548,-48.11801755,brasilia,DF
72318,-15.86228115,-48.08044504,brasilia,DF
72319,-15.87081571,-48.09645967,brasilia,DF
72320,-15.85850587,-48.07562236,brasilia,DF
72321,-15.87778476,-48.10747096,brasília,DF
72322,-15.85865573,-48.08557512,brasilia,DF
72323,-15.88025962,-48.11460188,brasilia,DF
72325,-15.88448962,-48.12321245,brasilia,DF
72327,-15.8883724,-48.13106494,brasilia,DF
72329,-15.89379557,-48.14311481,brasília,DF
72331,-15.87094181,-48.10766448,brasilia,DF
72333,-15.87993157,-48.12479487,brasilia,DF
72335,-15.88940166,-48.14351525,samambaia,DF
72405,-15.98529224,-48.02990747,brasilia,DF
72410,-16.03523447,-48.06348396,brasilia,DF
72415,-16.02516591,-48.07882247,brasília,DF
72420,-16.01676836,-48.07201537,gama,DF
72425,-16.02400312,-48.07165016,brasilia,DF
72430,-16.01005076,-48.06605181,brasilia,DF
72445,-15.62547825,-48.64078714,brasilia,DF
72450,-16.00851178,-48.05001692,brasilia,DF
72460,-16.02294658,-48.05071816,brasilia,DF
72500,-16.0447427,-48.03798072,brasilia,DF
72501,-16.04340964,-48.03053014,brasília,DF
72502,-16.040001,-48.02843965,brasilia,DF
72503,-16.03686784,-48.03035506,brasilia,DF
72504,-16.03314893,-48.02923649,brasilia,DF
72506,-16.02805625,-48.03018757,brasilia,DF
72507,-16.0281834,-48.02681819,brasilia,DF
72508,-16.02542318,-48.02384161,brasilia,DF
72509,-16.02367321,-48.02173671,brasília,DF
72510,-16.02132286,-48.01930556,brasília,DF
72542,-16.01208993,-48.00501666,brasilia,DF
72543,-16.01047991,-48.00226846,brasília,DF
72544,-16.00840882,-47.99952703,brasília,DF
72545,-16.00878409,-47.99793454,brasilia,DF
72546,-16.00899172,-47.99430657,brasilia,DF
72547,-16.00753252,-47.99100976,brasília,DF
72548,-16.00905437,-47.98752851,brasília,DF
72592,-15.9927146,-47.9931984,brasilia,DF
72593,-15.99700072,-47.99574042,brasilia,DF
72594,-15.99662927,-48.00017019,brasilia,DF
72600,-15.90098121,-48.06432958,recanto das emas,DF
72601,-15.90681569,-48.08542218,brasilia,DF
72602,-15.91240879,-48.10034149,brasilia,DF
72603,-15.92336097,-48.10687576,brasilia,DF
72610,-15.90602522,-48.0634904,brasília,DF
72620,-15.90940873,-48.08082526,brasilia,DF
72621,-15.91713405,-48.09776869,brasilia,DF
72622,-15.92454004,-48.10282345,brasilia,DF
72630,-15.91007215,-48.05964811,brasilia,DF
72631,-15.91262433,-48.06649216,brasília,DF
72640,-15.9167522,-48.05680173,brasilia,DF
72641,-15.9181282,-48.06360958,brasília,DF
72650,-15.92142525,-48.05278821,brasília,DF
72660,-15.9300385,-48.10360494,brasilia,DF
72669,-15.79336326,-47.84922424,brasília,DF
72705,-15.6777827,-48.19598411,brasilia,DF
72710,-15.69218401,-48.16690111,brasilia,DF
72715,-15.68400106,-48.19470839,brasilia,DF
72720,-15.6967675,-48.15513091,brasilia,DF
72725,-15.67169638,-48.20144257,brasilia,DF
72726,-15.6673466,-48.20107219,brasilia,DF
72735,-15.66318817,-48.19390839,brasília,DF
72736,-15.66361005,-48.19614142,brasília,DF
72737,-15.66324612,-48.19865046,brasilia,DF
72738,-15.66254279,-48.20114845,brasilia,DF
72745,-15.66012483,-48.19332984,brasilia,DF
72746,-15.6591354,-48.19567458,brasilia,DF
72747,-15.65910953,-48.19776582,brasília,DF
72748,-15.65938074,-48.20119997,brasília,DF
72755,-15.64518477,-48.17963745,brasília,DF
72800,-16.25515418,-47.95457185,luziania,GO
72801,-16.26249927,-47.95645996,luziania,GO
72803,-16.23209388,-47.94578172,luziania,GO
72804,-16.24906767,-47.92371651,luziania,GO
72805,-16.26323818,-47.93802102,luziânia,GO
72806,-16.26426417,-47.92421268,luziania,GO
72810,-16.25039624,-47.95689089,luziania,GO
72811,-16.24876194,-47.96304598,luziania,GO
72812,-16.24667107,-47.95138927,luziania,GO
72813,-16.23944145,-47.94825243,luziânia,GO
72814,-16.25011045,-47.9381647,luziania,GO
72815,-16.23692155,-47.93272938,luziania,GO
72820,-16.25184706,-47.90835084,luziania,GO
72822,-16.25592718,-47.92834257,luziania,GO
72823,-16.24527526,-47.89877726,luziania,GO
72830,-16.2434447,-47.91776237,luziania,GO
72831,-16.24150538,-47.90458255,luziânia,GO
72834,-16.21737988,-47.91917601,luziania,GO
72836,-16.21001948,-47.92963401,luziânia,GO
72850,-16.14166269,-47.95649387,luziania,GO
72851,-16.1320463,-47.95183397,luziania,GO
72853,-16.23212288,-47.93353984,luziania,GO
72855,-16.17763874,-47.92702866,luziânia,GO
72858,-16.14011191,-47.98887717,luziania,GO
72860,-16.05632071,-48.03491456,novo gama,GO
72862,-16.06920352,-48.05054168,novo gama,GO
72865,-16.091275,-48.031745,novo gama,GO
72870,-16.06933607,-47.99690289,valparaíso de goiás,GO
72871,-16.05883369,-48.0025338,valparaiso de goias,GO
72872,-16.08770535,-47.98803413,valparaiso de goias,GO
72873,-16.07600212,-47.97225312,valparaiso de goias,GO
72874,-16.11020962,-47.98035956,valparaiso de goias,GO
72875,-16.07436148,-47.98930591,valparaiso de goias,GO
72876,-16.07746469,-47.9776087,valparaiso de goias,GO
72878,-16.05860168,-47.97930415,valparaiso de goias,GO
72879,-16.06049938,-47.9644,valparaiso de goias,GO
72880,-16.09487203,-47.91548369,cidade ocidental,GO
72883,-16.11151,-47.92056218,cidade ocidental,GO
72885,-16.10746173,-47.95177522,cidade ocidental,GO
72887,-16.082745,-47.93224124,cidade ocidental,GO
72899,-21.46782909,-56.1718692,jardim abc de goias,GO
72900,-15.99504823,-48.26919746,santo antonio do descoberto,GO
72901,-15.93431723,-48.27699293,santo antonio do descoberto,GO
72902,-16.10647507,-48.47948336,santo antonio do descoberto,GO
72906,-15.95110029,-48.26464684,santo antonio do descoberto,GO
72907,-15.95692797,-48.2697073,santo antonio do descoberto,GO
72910,-15.72815785,-48.27733018,aguas lindas de goias,GO
72911,-15.74032038,-48.24427883,aguas lindas de goias,GO
72912,-15.71684704,-48.26928365,aguas lindas de goias,GO
72914,-15.72455633,-48.27713946,águas lindas de goiás,GO
72915,-15.64177057,-48.22311773,aguas lindas de goias,GO
72916,-15.70967181,-48.27256089,águas lindas de goiás,GO
72917,-15.69399232,-48.26654247,aguas lindas de goias,GO
72920,-15.72062796,-48.28619343,aguas lindas de goias,GO
72921,-15.72476,-48.32085981,aguas lindas de goias,GO
72922,-15.72845173,-48.31731527,aguas lindas de goias,GO
72925,-15.74138115,-48.29804302,aguas lindas de goias,GO
72926,-15.74583688,-48.30806896,águas lindas de goiás,GO
72927,-15.7768508,-48.29255867,águas lindas de goiás,GO
72930,-16.08407743,-48.50677276,alexania,GO
72940,-16.19374242,-48.7095213,abadiania,GO
72960,-15.92501642,-48.80934801,corumba de goias,GO
72975,-15.76316,-48.7447125,cocalzinho de goias,GO
72980,-15.86172814,-48.96885161,pirenopolis,GO
73005,-15.64509274,-47.79841429,brasilia,DF
73006,-15.64658834,-47.79945937,brasília,DF
73010,-15.65045316,-47.79202152,brasilia,DF
73011,-15.64967475,-47.7898605,brasilia,DF
73015,-15.65750956,-47.79665768,brasília,DF
73020,-15.65744806,-47.80951039,brasilia,DF
73025,-15.65248969,-47.80106303,brasilia,DF
73030,-15.65077817,-47.8083103,brasilia,DF
73035,-15.64149902,-47.80596997,brasília,DF
73036,-15.6442245,-47.80553625,brasilia,DF
73040,-15.64459345,-47.78652725,brasilia,DF
73041,-15.646059,-47.786049,brasilia,DF
73045,-15.64330932,-47.77800637,brasilia,DF
73050,-15.64789592,-47.77783595,brasilia,DF
73060,-15.64089538,-47.81604203,brasilia,DF
73062,-15.646596,-47.82378905,brasilia,DF
73063,-15.64465674,-47.81738628,brasilia,DF
73070,-15.6334567,-47.84687388,brasilia,DF
73080,-15.63388333,-47.81584493,brasilia,DF
73083,-15.79345195,-47.8458522,brasília,DF
73092,-15.66635162,-47.82437983,brasilia,DF
73100,-15.75498842,-47.83164582,sobradinho,DF
73105,-15.66275469,-47.86039219,brasilia,DF
73150,-15.79140065,-47.8493651,brasilia,DF
73250,-15.57796552,-48.00730196,brasilia,DF
73251,-15.67044854,-47.81596286,sobradinho,DF
73252,-15.6886103,-47.82493559,brasilia,DF
73270,-15.79249549,-47.85048746,brasilia,DF
73320,-15.65368927,-47.68391335,brasília,DF
73330,-15.63051102,-47.66870805,brasilia,DF
73340,-15.60623704,-47.65110501,brasilia,DF
73350,-15.61680805,-47.64705345,brasilia,DF
73355,-15.61337646,-47.63634815,brasilia,DF
73356,-15.61992097,-47.64015629,brasilia,DF
73357,-15.61821735,-47.6389369,brasilia,DF
73358,-15.61942576,-47.63805353,brasilia,DF
73360,-15.62492861,-47.64717421,brasilia,DF
73365,-15.74968995,-47.92724649,brasilia,DF
73366,-15.74864923,-47.9250662,brasilia,DF
73367,-15.746777,-47.92296799,brasília,DF
73368,-15.74972998,-47.92717447,brasilia,DF
73370,-15.65088369,-47.64451133,brasilia,DF
73375,-15.79233716,-47.85181155,brasilia,DF
73380,-15.61203687,-47.67813372,brasilia,DF
73403,-15.79291376,-47.85561995,brasília,DF
73700,-15.17340563,-48.28373697,padre bernardo,GO
73730,-15.05848057,-48.16143213,mimoso de goias,GO
73740,-14.15228878,-48.07454166,colinas do sul,GO
73750,-15.45737126,-47.60374884,planaltina,GO
73751,-15.43588613,-47.605278,planaltina,GO
73752,-15.45375064,-47.59978772,planaltina,GO
73753,-15.4565751,-47.61019349,planaltina,GO
73754,-15.49435,-47.63636546,planaltina,GO
73755,-15.48240138,-47.589635,planaltina,GO
73760,-14.70666671,-47.52309921,sao joao d'alianca,GO
73770,-14.13931734,-47.51689811,alto paraiso de goias,GO
73780,-14.97449538,-47.78438706,agua fria de goias,GO
73790,-13.79465288,-47.45838363,cavalcante,GO
73795,-13.76467607,-47.26343592,teresina de goiás,GO
73801,-15.54095046,-47.33733369,formosa,GO
73802,-15.55561434,-47.33938254,formosa,GO
73803,-15.54784147,-47.3408782,formosa,GO
73804,-15.56177382,-47.34429194,formosa,GO
73805,-15.53665861,-47.34367659,formosa,GO
73807,-15.53814321,-47.32703683,formosa,GO
73808,-15.53783952,-47.3035089,formosa,GO
73809,-15.54065924,-47.32673414,formosa,GO
73813,-15.55018324,-47.32949632,formosa,GO
73814,-15.55392531,-47.29893973,formosa,GO
73820,-13.74177052,-46.88151286,nova roma,GO
73825,-15.03488663,-47.06253699,vila boa,GO
73830,-13.26289695,-46.8838871,monte alegre de goias,GO
73840,-13.03716355,-46.76969398,campos belos,GO
73850,-16.76991553,-47.61072326,cristalina,GO
73860,-13.40606367,-46.31463917,sao domingos,GO
73865,-13.28660888,-46.41396414,divinopolis de goias,GO
73870,-15.80524926,-46.93058467,cabeceiras,GO
73890,-14.48904356,-46.98950283,flores de goias,GO
73900,-14.08697332,-46.36157034,posse,GO
73910,-13.91289234,-46.45467364,guarani de goias,GO
73920,-14.10073969,-46.63424352,iaciara,GO
73930,-14.46779733,-46.48263777,simolandia,GO
73950,-14.48533915,-46.5062238,alvorada do norte,GO
73970,-14.49459109,-46.11153305,mambai,GO
73975,-14.4557648,-46.43602351,buritinopolis,GO
73980,-14.55882505,-46.17524974,damianopolis,GO
73990,-14.8035509,-46.25499817,sitio d'abadia,GO
74001,-16.68033979,-49.254444,goiânia,GO
74003,-16.68071911,-49.25691148,goiania,GO
74005,-16.6512956,-49.26427191,goiania,GO
74010,-16.6653308,-49.2605961,goiânia,GO
74013,-16.67374256,-49.25988647,goiania,GO
74015,-16.678496,-49.25930704,goiânia,GO
74020,-16.67227827,-49.25882173,goiania,GO
74023,-16.67351864,-49.25667111,goiania,GO
74025,-16.67378565,-49.26158732,goiania,GO
74030,-16.67662631,-49.25349146,goiania,GO
74040,-16.67404437,-49.25571299,goiania,GO
74043,-16.67521675,-49.25984423,goiania,GO
74045,-16.66666853,-49.26423169,goiânia,GO
74050,-16.66767827,-49.260543,goiania,GO
74053,-16.66764762,-49.26028481,goiania,GO
74055,-16.66674999,-49.25719349,goiania,GO
74063,-16.6605416,-49.2621391,goiania,GO
74070,-16.66956866,-49.2688314,goiania,GO
74075,-16.67283325,-49.26887277,goiania,GO
74080,-16.68717514,-49.25652819,goiania,GO
74083,-16.68421601,-49.25149269,goiania,GO
74085,-16.6960962,-49.25241687,goiania,GO
74093,-16.69482039,-49.25616511,goiânia,GO
74110,-16.68067771,-49.26949682,goiania,GO
74115,-16.6853548,-49.26454288,goiania,GO
74120,-16.68890532,-49.26712785,goiania,GO
74125,-16.67782559,-49.27463682,goiânia,GO
74130,-16.68666557,-49.27229649,goiania,GO
74140,-16.68951226,-49.27214453,goiânia,GO
74150,-16.69672772,-49.26744894,goiania,GO
74160,-16.69644687,-49.2645244,goiania,GO
74170,-16.69644784,-49.26209067,goiania,GO
74175,-16.70417367,-49.26194525,goiania,GO
74180,-16.69830055,-49.25584063,goiania,GO
74210,-16.69550896,-49.27710913,goiania,GO
74215,-16.6976121,-49.27577399,goiania,GO
74223,-16.71002207,-49.266587,goiania,GO
74230,-16.71502406,-49.26786148,goiania,GO
74250,-16.71741403,-49.28812648,goiânia,GO
74255,-16.70989129,-49.28923526,goiania,GO
74265,-16.69718854,-49.28903348,goiânia,GO
74270,-16.70134827,-49.28351547,goiânia,GO
74275,-16.71446839,-49.28109452,goiânia,GO
74280,-16.71610783,-49.27263404,goiania,GO
74290,-16.70897417,-49.27664432,goiania,GO
74303,-16.7009363,-49.3060842,goiania,GO
74305,-16.69394476,-49.29699434,goiania,GO
74310,-16.69889126,-49.29457248,goiania,GO
74313,-16.7084985,-49.30339264,goiania,GO
74315,-16.70400315,-49.28060059,goiania,GO
74320,-16.69407165,-49.31134173,goiania,GO
74323,-16.69043756,-49.32701528,goiânia,GO
74325,-16.70983864,-49.3112246,goiania,GO
74330,-16.71196384,-49.31154001,goiania,GO
74333,-16.71146209,-49.30572785,goiania,GO
74335,-16.72008903,-49.3001707,goiania,GO
74339,-16.71345201,-49.31626738,goiania,GO
74340,-16.72056463,-49.31057114,goiania,GO
74343,-16.73588064,-49.30233307,goiania,GO
74345,-16.7450247,-49.29814518,goiania,GO
74350,-16.74104732,-49.31648353,goiania,GO
74351,-16.67863381,-49.28310419,goiânia,GO
74353,-16.74193864,-49.32846849,goiania,GO
74354,-16.77516739,-49.35621423,goiania,GO
74355,-16.78059331,-49.36185969,goiania,GO
74356,-16.78812596,-49.3712454,goiania,GO
74357,-16.75121698,-49.33790268,goiania,GO
74360,-16.73018592,-49.31945413,goiania,GO
74363,-16.71499337,-49.32007033,goiania,GO
74365,-16.7203383,-49.31624942,goiania,GO
74366,-16.71446501,-49.32712107,goiania,GO
74367,-16.7086349,-49.32870351,goiania,GO
74369,-16.74402768,-49.34524949,goiania,GO
74370,-16.72552504,-49.34097872,goiania,GO
74371,-16.73254436,-49.34627871,goiania,GO
74372,-16.74774799,-49.36740016,goiania,GO
74373,-16.70902514,-49.3239103,goiania,GO
74375,-16.68742174,-49.31068636,goiania,GO
74390,-16.67601364,-49.32283127,goiania,GO
74391,-16.70404636,-49.35214881,goiania,GO
74392,-16.70976237,-49.3669209,goiânia,GO
74393,-16.72701653,-49.36752981,goiania,GO
74394,-16.73001901,-49.3998779,goiania,GO
74395,-16.72863061,-49.3661217,goiania,GO
74403,-16.67734995,-49.29872333,goiania,GO
74405,-16.68017032,-49.29534716,goiania,GO
74410,-16.68541075,-49.2965518,goiania,GO
74413,-16.68235981,-49.29749771,goiania,GO
74415,-16.68918581,-49.31369513,goiânia,GO
74420,-16.6711131,-49.30516878,goiânia,GO
74423,-16.68133415,-49.31282611,goiania,GO
74425,-16.67846035,-49.31363766,goiania,GO
74430,-16.67181927,-49.30710584,goiânia,GO
74433,-16.66321391,-49.31157612,goiania,GO
74435,-16.66516567,-49.30168105,goiania,GO
74440,-16.65801949,-49.30181897,goiania,GO
74445,-16.64397863,-49.29777998,goiania,GO
74450,-16.65725033,-49.32395759,goiania,GO
74453,-16.65979625,-49.33063694,goiania,GO
74455,-16.65224943,-49.32153283,goiania,GO
74460,-16.65860878,-49.33363944,goiania,GO
74461,-16.65907515,-49.35732675,goiania,GO
74463,-16.64830211,-49.33163525,goiania,GO
74464,-16.65586188,-49.3548504,goiania,GO
74465,-16.63879409,-49.3257288,goiania,GO
74470,-16.63081443,-49.35771805,goiania,GO
74471,-16.65066988,-49.34486698,goiania,GO
74473,-16.62049778,-49.31927701,goiania,GO
74474,-16.61303287,-49.31566265,goiânia,GO
74475,-16.61118365,-49.32567789,goiânia,GO
74476,-16.61032755,-49.34744431,goiânia,GO
74477,-16.58985883,-49.35393312,goiania,GO
74480,-16.61217531,-49.34450463,goiania,GO
74481,-16.60071048,-49.33298566,goiania,GO
74483,-16.68590386,-49.3500671,goiania,GO
74484,-16.70086836,-49.35416802,goiania,GO
74485,-16.67700419,-49.34352471,goiania,GO
74486,-16.67932278,-49.33263198,goiania,GO
74487,-16.70370909,-49.37503466,goiânia,GO
74490,-16.6851015,-49.40703278,goiania,GO
74491,-16.6756558,-49.42318711,goiania,GO
74492,-16.67726347,-49.35722283,goiania,GO
74493,-16.66132361,-49.3851159,goiania,GO
74494,-16.6865,-49.39470159,goiânia,GO
74495,-16.67650094,-49.37871604,goiânia,GO
74496,-16.65110841,-49.38319572,goiania,GO
74503,-16.67093954,-49.2946899,goiania,GO
74505,-16.66785893,-49.29460583,goiania,GO
74510,-16.66329668,-49.30159809,goiania,GO
74513,-16.67402357,-49.29091937,goiania,GO
74515,-16.67281277,-49.29517348,goiania,GO
74520,-16.6661979,-49.2924094,goiania,GO
74523,-16.65963486,-49.2896426,goiania,GO
74525,-16.66905041,-49.28926969,goiânia,GO
74530,-16.6806354,-49.28814061,goiania,GO
74533,-16.68121287,-49.2778834,goiania,GO
74535,-16.68041514,-49.28161945,goiania,GO
74543,-16.67006191,-49.27721338,goiania,GO
74550,-16.66421285,-49.28210531,goiania,GO
74553,-16.67164032,-49.28685617,goiania,GO
74555,-16.65503282,-49.27969001,goiânia,GO
74560,-16.65939637,-49.27380796,goiânia,GO
74563,-16.65104156,-49.26760961,goiânia,GO
74565,-16.64057412,-49.27648327,goiania,GO
74573,-16.63857938,-49.2835834,goiania,GO
74574,-16.64600175,-49.27921539,goiânia,GO
74575,-16.65112305,-49.28694148,goiania,GO
74580,-16.65002546,-49.29948641,goiania,GO
74583,-16.63637009,-49.30150265,goiania,GO
74584,-16.62875867,-49.29882815,goiania,GO
74590,-16.61252263,-49.29609126,goiania,GO
74591,-16.61719191,-49.28764076,goiania,GO
74593,-16.62006208,-49.29294124,goiania,GO
74594,-16.62168835,-49.30102897,goiania,GO
74595,-16.62593182,-49.293377,goiania,GO
74603,-16.68175401,-49.24067449,goiania,GO
74605,-16.67697914,-49.24425075,goiania,GO
74610,-16.67465028,-49.23730796,goiânia,GO
74611,-16.67515267,-49.23302803,goiania,GO
74615,-16.67740529,-49.23354252,goiania,GO
74620,-16.66656376,-49.22595971,goiânia,GO
74630,-16.66278151,-49.22390671,goiania,GO
74633,-16.66751941,-49.24585304,goiania,GO
74635,-16.6607474,-49.23959915,goiania,GO
74640,-16.66725819,-49.24259094,goiania,GO
74643,-16.6705094,-49.2467633,goiania,GO
74645,-16.66445706,-49.24469282,goiania,GO
74650,-16.65493071,-49.24207934,goiania,GO
74653,-16.6567544,-49.25203184,goiania,GO
74655,-16.65317326,-49.25594513,goiania,GO
74660,-16.64793654,-49.25976549,goiania,GO
74663,-16.63231544,-49.25827955,goiania,GO
74665,-16.62143582,-49.25408691,goiania,GO
74670,-16.63974384,-49.24067489,goiania,GO
74672,-16.63256355,-49.23586335,goiania,GO
74673,-16.64856419,-49.23674994,goiânia,GO
74674,-16.64053475,-49.22795387,goiania,GO
74675,-16.62134673,-49.21742374,goiânia,GO
74680,-16.62370481,-49.21648005,goiania,GO
74681,-16.62234926,-49.19472724,goiânia,GO
74682,-16.5076875,-49.437324,goiania,GO
74683,-16.61188768,-49.21875681,goiania,GO
74684,-16.60028968,-49.21073106,goiania,GO
74685,-16.62864484,-49.25699559,goiania,GO
74686,-16.5561779,-49.244786,goiania,GO
74690,-16.63714684,-49.25143269,goiania,GO
74691,-16.59013726,-49.28149475,goiania,GO
74692,-16.58408232,-49.26486834,goiania,GO
74693,-16.54306486,-49.2829,goiania,GO
74703,-16.66320363,-49.2249322,goiania,GO
74705,-16.67096192,-49.22170794,goiania,GO
74710,-16.67484202,-49.21522412,goiania,GO
74711,-16.67071483,-49.22541497,goiania,GO
74713,-16.67515647,-49.22833432,goiânia,GO
74715,-16.68965781,-49.2290258,goiania,GO
74720,-16.68601186,-49.23919868,goiania,GO
74723,-16.69573426,-49.2217185,goiania,GO
74730,-16.69336006,-49.21446065,goiania,GO
74735,-16.68228219,-49.20399989,goiania,GO
74740,-16.69193264,-49.22343261,goiania,GO
74765,-16.6483699,-49.2207377,goiania,GO
74766,-16.667088,-49.18061,goiania,GO
74767,-16.66791326,-49.1942718,goiania,GO
74769,-16.64581167,-49.20166382,goiania,GO
74770,-16.65735568,-49.19115792,goiania,GO
74775,-16.65126255,-49.21130465,goiania,GO
74780,-16.65149459,-49.19094619,goiania,GO
74781,-16.65174776,-49.19974391,goiania,GO
74783,-16.64708042,-49.29001996,goiania,GO
74785,-16.64534641,-49.1853546,goiania,GO
74786,-16.64497266,-49.17876512,goiania,GO
74805,-16.69110908,-49.24054057,goiania,GO
74810,-16.70190687,-49.23957627,goiânia,GO
74815,-16.69954492,-49.25543716,goiania,GO
74817,-16.71320279,-49.24377138,goiânia,GO
74820,-16.70612897,-49.24875757,goiania,GO
74823,-16.71539717,-49.2596198,goiania,GO
74825,-16.71701111,-49.25366158,goiania,GO
74830,-16.71320458,-49.26237903,goiania,GO
74835,-16.71578894,-49.27402612,goiania,GO
74840,-16.73666684,-49.27761441,goiânia,GO
74843,-16.71974127,-49.29397662,goiania,GO
74845,-16.71734734,-49.24283874,goiania,GO
74850,-16.70921135,-49.23842287,goiânia,GO
74853,-16.72947385,-49.24772074,goiania,GO
74855,-16.72618905,-49.22596337,goiânia,GO
74860,-16.72585946,-49.22444695,goiania,GO
74863,-16.71255076,-49.25737388,goiania,GO
74865,-16.70932368,-49.22536231,goiania,GO
74870,-16.72896104,-49.21805017,goiânia,GO
74883,-16.68706286,-49.22689534,goiania,GO
74884,-16.70936534,-49.19759106,goiania,GO
74885,-16.69783428,-49.24726292,goiânia,GO
74886,-16.7258341,-49.21222893,goiania,GO
74890,-16.74701905,-49.2013168,goiania,GO
74893,-16.73788891,-49.20192643,goiania,GO
74905,-16.73966185,-49.2583967,aparecida de goiania,GO
74910,-16.74691814,-49.24869189,aparecida de goiania,GO
74911,-16.73858245,-49.24463753,aparecida de goiania,GO
74912,-16.73986237,-49.23957169,aparecida de goiania,GO
74913,-16.76188245,-49.25923878,aparecida de goiania,GO
74914,-16.75351968,-49.26328918,aparecida de goiania,GO
74915,-16.74457644,-49.27044851,aparecida de goiania,GO
74916,-16.75230509,-49.28112622,aparecida de goiania,GO
74917,-16.76050405,-49.27223581,aparecida de goiania,GO
74919,-16.77138839,-49.2502823,aparecida de goiania,GO
74920,-16.75875518,-49.25578581,aparecida de goiania,GO
74921,-16.75776024,-49.21401553,aparecida de goiania,GO
74922,-16.75049713,-49.22457705,aparecida de goiania,GO
74923,-16.77644468,-49.22905045,aparecida de goiânia,GO
74924,-16.78542303,-49.21583047,aparecida de goiania,GO
74926,-16.75661885,-49.20927754,aparecida de goiania,GO
74927,-16.75599032,-49.20585255,aparecida de goiânia,GO
74930,-16.76655216,-49.33937441,aparecida de goiania,GO
74932,-16.76098882,-49.33559368,aparecida de goiania,GO
74933,-16.75497199,-49.31859334,aparecida de goiania,GO
74934,-16.77245702,-49.31255863,aparecida de goiania,GO
74935,-16.75032809,-49.29555138,aparecida de goiania,GO
74936,-16.76213311,-49.294035,aparecida de goiania,GO
74937,-16.77318822,-49.2948073,aparecida de goiania,GO
74938,-16.7528523,-49.28763663,aparecida de goiania,GO
74940,-16.78739417,-49.27877349,aparecida de goiania,GO
74942,-16.78454067,-49.31586311,aparecida de goiania,GO
74943,-16.77649498,-49.33011614,aparecida de goiania,GO
74944,-16.78655138,-49.32757122,aparecida de goiania,GO
74945,-16.78970404,-49.3334856,aparecida de goiania,GO
74946,-16.77478972,-49.3445216,aparecida de goiânia,GO
74947,-16.79769491,-49.34832364,aparecida de goiania,GO
74948,-16.80950188,-49.34974016,aparecida de goiania,GO
74950,-16.77883209,-49.27490249,aparecida de goiania,GO
74952,-16.7751954,-49.2756147,aparecida de goiania,GO
74953,-16.78462672,-49.29163147,aparecida de goiania,GO
74954,-16.79261177,-49.27831134,aparecida de goiania,GO
74955,-16.8062865,-49.28303143,aparecida de goiania,GO
74956,-16.80110651,-49.29330048,aparecida de goiania,GO
74957,-16.80650921,-49.30998512,aparecida de goiania,GO
74958,-16.80139855,-49.31868323,aparecida de goiania,GO
74959,-16.81940036,-49.31058372,aparecida de goiania,GO
74960,-16.79934505,-49.31584954,aparecida de goiania,GO
74961,-16.81130484,-49.32174369,aparecida de goiania,GO
74962,-16.81616399,-49.34134673,aparecida de goiania,GO
74963,-16.81920935,-49.36033799,aparecida de goiania,GO
74965,-16.83264099,-49.36564176,aparecida de goiania,GO
74966,-16.82512678,-49.29735366,aparecida de goiania,GO
74967,-16.81689557,-49.29054636,aparecida de goiania,GO
74968,-16.81895275,-49.2621095,aparecida de goiania,GO
74969,-16.81603524,-49.28186274,aparecida de goiania,GO
74970,-16.82675943,-49.28575145,aparecida de goiania,GO
74971,-16.83220995,-49.27585801,aparecida de goiânia,GO
74973,-16.82599455,-49.25288266,aparecida de goiania,GO
74975,-16.83834275,-49.24919389,aparecida de goiania,GO
74976,-16.82512579,-49.24161793,aparecida de goiania,GO
74980,-16.82273511,-49.24817483,aparecida de goiania,GO
74981,-16.81143504,-49.24146845,aparecida de goiania,GO
74982,-16.80068753,-49.24486914,aparecida de goiania,GO
74983,-16.7888814,-49.24411883,aparecida de goiania,GO
74984,-16.79103426,-49.24313809,aparecida de goiania,GO
74985,-16.79554478,-49.25911849,aparecida de goiania,GO
74986,-16.81553373,-49.23447529,aparecida de goiania,GO
74987,-16.82308911,-49.23400242,aparecida de goiania,GO
74988,-16.83322661,-49.22329104,aparecida de goiania,GO
74989,-16.84452894,-49.23705424,aparecida de goiânia,GO
74990,-16.82806512,-49.23759126,aparecida de goiania,GO
74993,-16.81314302,-49.21933508,aparecida de goiania,GO
75020,-16.3246234,-48.95267516,anapolis,GO
75023,-16.33404064,-48.95998244,anapolis,GO
75024,-16.32816846,-48.95920764,anapolis,GO
75025,-16.33176845,-48.95801747,anapolis,GO
75040,-16.31272423,-48.95649733,anápolis,GO
75043,-16.32615804,-48.95866736,anapolis,GO
75044,-16.32101946,-48.96585329,anapolis,GO
75045,-16.31307691,-48.9617026,anapolis,GO
75050,-16.29867031,-48.97147697,anapolis,GO
75053,-16.28830382,-48.96817465,anapolis,GO
75054,-16.27033549,-48.97669068,anapolis,GO
75060,-16.30247965,-48.95954361,anapolis,GO
75063,-16.28784858,-48.95670151,anapolis,GO
75064,-16.28973172,-48.9691448,anapolis,GO
75065,-16.28391027,-48.96467169,anápolis,GO
75066,-16.27741467,-48.97936253,anapolis,GO
75070,-16.31121457,-48.94911331,anapolis,GO
75071,-16.28074007,-48.94477176,anapolis,GO
75072,-16.27798327,-48.93513263,anapolis,GO
75073,-16.25721599,-48.96164932,anapolis,GO
75074,-16.27833987,-48.92872114,anápolis,GO
75075,-16.30266797,-48.93864597,anapolis,GO
75076,-16.303635,-48.9266775,anapolis,GO
75080,-16.31893999,-48.94593949,anapolis,GO
75083,-16.30434325,-48.94689903,anapolis,GO
75084,-16.31076403,-48.93860985,anapolis,GO
75085,-16.28415053,-48.92193568,anapolis,GO
75090,-16.30469921,-48.89539445,anápolis,GO
75091,-16.31512423,-48.90345091,anapolis,GO
75093,-16.31956628,-48.91679375,anápolis,GO
75094,-16.32147714,-48.9304028,anapolis,GO
75095,-16.33838813,-48.92120106,anapolis,GO
75096,-16.32764458,-48.92860895,anápolis,GO
75097,-16.32274238,-48.92109567,anapolis,GO
75100,-16.3566776,-48.9402054,anapolis,GO
75101,-16.33675607,-48.90368723,anapolis,GO
75102,-16.37344089,-48.822395,anapolis,GO
75103,-16.3506879,-48.90612464,anapolis,GO
75104,-16.35525446,-48.91258134,anapolis,GO
75105,-16.36377794,-48.94081298,anapolis,GO
75106,-16.36661893,-48.94952843,anapolis,GO
75110,-16.33320359,-48.93962957,anapolis,GO
75113,-16.32656747,-48.94157777,anapolis,GO
75114,-16.34110614,-48.93774085,anapolis,GO
75115,-16.34389496,-48.9456262,anapolis,GO
75120,-16.34225888,-48.96158796,anapolis,GO
75123,-16.34935519,-48.95546715,anapolis,GO
75124,-16.35853299,-48.96652103,anapolis,GO
75125,-16.35336583,-48.95402611,anapolis,GO
75126,-16.3375865,-48.95348845,anapolis,GO
75130,-16.36902228,-48.96667204,anápolis,GO
75131,-16.37392232,-48.97419748,anapolis,GO
75132,-16.38638406,-48.92904117,anapolis,GO
75133,-16.38132125,-48.95775633,anápolis,GO
75134,-16.35733188,-48.98245037,anapolis,GO
75135,-16.38616771,-48.98072724,anápolis,GO
75136,-16.39106444,-48.98292555,anapolis,GO
75140,-16.33167341,-48.96720589,anapolis,GO
75143,-16.33581114,-48.97248379,anapolis,GO
75144,-16.32795438,-48.98855449,anápolis,GO
75145,-16.3466513,-48.97310646,anapolis,GO
75154,-16.86990133,-49.85560186,sousania,GO
75160,-16.2953741,-49.09070421,campo limpo de goias,GO
75165,-16.21848955,-49.19633559,ouro verde de goias,GO
75170,-16.50699108,-49.01955109,goianapolis,GO
75175,-16.48098846,-49.0941557,terezópolis de goiás,GO
75180,-16.66483838,-48.61117277,silvania,GO
75184,-16.45244947,-48.69920797,gameleira de goias,GO
75185,-17.04437777,-48.66668433,sao miguel do passa quatro,GO
75190,-16.61939861,-48.75174491,leopoldo de bulhoes,GO
75195,-16.61353756,-48.96374047,bonfinopolis,GO
75200,-17.30510805,-48.28212588,pires do rio,GO
75202,-18.19924451,-47.94180082,catalão,GO
75210,-17.32561701,-48.4265103,palmelo,GO
75220,-17.30608267,-48.50168913,santa cruz de goias,GO
75230,-17.19675322,-48.70573488,cristianopolis,GO
75240,-16.97074863,-48.95099745,bela vista de goias,GO
75245,-16.71429071,-49.00094016,caldazinha,GO
75250,-16.69269417,-49.11679847,senador canedo,GO
75251,-16.71316317,-49.10375227,senador canedo,GO
75254,-16.6945697,-49.14587842,senador canedo,GO
75255,-16.67175152,-49.17522843,senador canedo,GO
75256,-16.65223832,-49.1534266,senador canedo,GO
75258,-16.67543033,-49.11049756,senador canedo,GO
75259,-16.68718628,-49.10424263,senador canedo,GO
75260,-16.72024663,-48.79933775,vianopolis,GO
75261,-16.69494653,-49.10011433,senador canedo,GO
75262,-16.70283871,-49.0933668,senador canedo,GO
75263,-16.715705,-49.09517,senador canedo,GO
75264,-16.6888384,-49.08938127,senador canedo,GO
75265,-16.74514954,-48.51478335,vianopolis,GO
75280,-17.03217205,-48.30001771,orizona,GO
75340,-16.96259553,-49.22926012,hidrolandia,GO
75345,-16.76706287,-49.43808942,abadia de goias,GO
75350,-16.83671082,-49.53609911,guapo,GO
75355,-17.04735466,-49.63099096,varjao,GO
75360,-16.91148744,-49.44975502,aragoiânia,GO
75370,-16.51328325,-49.42095049,goianira,GO
75375,-16.49353236,-49.31198388,santo antonio de goias,GO
75380,-16.63833149,-49.42493481,trindade,GO
75381,-16.59111001,-49.39672987,trindade,GO
75382,-16.63021989,-49.40631644,trindade,GO
75383,-16.64043209,-49.41609253,trindade,GO
75384,-16.63817943,-49.4379567,trindade,GO
75386,-16.65100379,-49.46967432,trindade,GO
75387,-16.6435179,-49.48130052,trindade,GO
75388,-16.65298168,-49.48337201,trindade,GO
75389,-16.66812215,-49.48548799,trindade,GO
75390,-16.65675074,-49.50789958,trindade,GO
75391,-16.65434936,-49.49833699,trindade,GO
75392,-16.64482,-49.48807135,trindade,GO
75393,-16.63948085,-49.50195668,trindade,GO
75395,-16.47029258,-49.75974284,avelinopolis,GO
75396,-16.76269945,-49.69590058,campestre de goias,GO
75398,-16.5745545,-49.69513039,santa barbara de goias,GO
75400,-16.36125392,-49.49714279,inhumas,GO
75410,-16.35516275,-49.6835668,aracu,GO
75420,-16.25334177,-49.36830393,damolandia,GO
75430,-16.44551006,-49.49495465,caturai,GO
75440,-16.43241381,-49.38713209,brazabrantes,GO
75450,-16.20299839,-49.60778118,itaucu,GO
75455,-16.0805394,-49.49006507,santa rosa de goias,GO
75460,-16.40592232,-49.22131969,neropolis,GO
75470,-16.37280207,-49.31666656,nova veneza,GO
75480,-16.10369979,-49.33036272,petrolina de goias,GO
75490,-15.93232455,-49.26301029,sao francisco de goias,GO
75495,-15.9545046,-49.38572385,jesúpolis,GO
75503,-18.41726386,-49.2167818,itumbiara,GO
75510,-18.41086297,-49.21990154,itumbiara,GO
75513,-18.40165358,-49.21639451,itumbiara,GO
75514,-18.38360282,-49.21675339,itumbiara,GO
75515,-18.38176582,-49.21424726,itumbiara,GO
75516,-18.39837521,-49.20839899,itumbiara,GO
75520,-18.39094402,-49.19774855,itumbiara,GO
75522,-18.40993647,-49.20037564,itumbiara,GO
75523,-18.40941657,-49.20637759,itumbiara,GO
75524,-18.42997715,-49.21512792,itumbiara,GO
75526,-18.42515258,-49.22815479,itumbiara,GO
75528,-18.39777985,-49.24084517,itumbiara,GO
75530,-18.41584231,-49.22715879,itumbiara,GO
75532,-18.40943751,-49.24156912,itumbiara,GO
75533,-18.40605533,-49.24605507,itumbiara,GO
75534,-18.42110701,-49.24910157,itumbiara,GO
75535,-18.41157651,-49.2667881,itumbiara,GO
75536,-18.41152616,-49.24724577,itumbiara,GO
75550,-18.48685825,-49.99216391,inaciolandia,GO
75555,-17.73327729,-49.80489257,vicentinopolis,GO
75560,-18.49361576,-49.49093381,cachoeira dourada,GO
75570,-18.21596364,-49.73825057,bom jesus,GO
75580,-18.18266798,-49.35347655,panama,GO
75600,-18.01041459,-49.37921214,goiatuba,GO
75603,-17.81387877,-50.16331959,porteirao,GO
75610,-17.8057985,-49.62161283,joviania,GO
75615,-17.72960262,-49.47759928,aloandia,GO
75620,-17.51813877,-49.45041061,pontalina,GO
75630,-17.29730143,-49.4923034,mairipotaba,GO
75635,-17.28903224,-49.37533402,cromínia,GO
75640,-17.30349907,-49.02636879,piracanjuba,GO
75645,-17.2530693,-49.24514521,professor jamil,GO
75650,-17.73389636,-49.11590889,morrinhos,GO
75660,-18.134504,-49.04126187,buriti alegre,GO
75665,-18.07632239,-48.76160432,agua limpa,GO
75670,-17.9795619,-48.64498424,marzagao,GO
75680,-18.14225958,-48.56353233,corumbaiba,GO
75690,-17.73942377,-48.61985263,caldas novas,GO
75695,-17.7989378,-48.76305764,rio quente,GO
75701,-18.17115514,-47.94677823,catalao,GO
75702,-18.16183389,-47.95285266,catalao,GO
75703,-18.15943356,-47.94054946,catalão,GO
75704,-18.15863231,-47.93529123,catalao,GO
75705,-18.14509006,-47.9257583,catalao,GO
75706,-18.16240091,-47.92291831,catalao,GO
75707,-18.16993147,-47.93551228,catalao,GO
75708,-18.17027006,-47.92250284,catalao,GO
75709,-18.179142,-47.94601353,catalao,GO
75710,-18.21853647,-47.93919136,catalao,GO
75711,-18.16893061,-47.97022857,catalao,GO
75712,-18.16488708,-47.95835916,catalao,GO
75713,-18.1666617,-47.95474969,catalao,GO
75714,-17.83142058,-47.47818498,santo antônio do rio verde,GO
75715,-18.23289389,-47.83426377,ouvidor,GO
75720,-18.3613932,-47.77925862,tres ranchos,GO
75730,-18.15418093,-47.56135162,davinopolis,GO
75740,-18.1340855,-48.08697191,goiandira,GO
75750,-18.05858367,-48.25593956,nova aurora,GO
75760,-18.26475443,-48.14979355,cumari,GO
75770,-18.33983255,-48.2193715,anhanguera,GO
75780,-17.70878213,-48.15033977,ipameri,GO
75790,-17.46496171,-48.20214428,urutai,GO
75795,-17.63440178,-47.77658895,campo alegre de goias,GO
75800,-17.88433733,-51.71698996,jatai,GO
75801,-17.89521643,-51.71556579,jatai,GO
75802,-17.90009602,-51.73104809,jatai,GO
75803,-17.88904546,-51.73337436,jataí,GO
75804,-17.87628549,-51.73097004,jatai,GO
75805,-17.87374253,-51.72645504,jatai,GO
75806,-17.86493732,-51.71361917,jatai,GO
75807,-17.8793932,-51.70550938,jatai,GO
75810,-18.76321993,-51.34668111,itaruma,GO
75813,-18.5666491,-51.13500746,cacu,GO
75814,-18.55672693,-51.13539198,cacu,GO
75815,-19.06524695,-51.54855007,itaja,GO
75819,-19.18299381,-51.39898267,lagoa santa,GO
75820,-18.30698998,-51.95823481,serranopolis,GO
75822,-18.31162117,-51.95409707,serranopolis,GO
75823,-17.52844831,-52.06449934,perolandia,GO
75825,-18.96262841,-51.92694163,aporé,GO
75827,-18.28854874,-51.15799633,aparecida do rio doce,GO
75828,-18.39733283,-52.66256479,chapadão do céu,GO
75830,-17.55709074,-52.55031992,mineiros,GO
75831,-17.56086214,-52.5596551,mineiros,GO
75832,-17.55460252,-52.54968091,mineiros,GO
75833,-17.55507507,-52.54955613,mineiros,GO
75834,-17.54215056,-52.54304582,mineiros,GO
75835,-17.35479624,-52.6791872,portelandia,GO
75836,-17.56946506,-52.53624708,mineiros,GO
75837,-17.55428049,-52.5429135,mineiros,GO
75838,-17.57953909,-52.54900396,mineiros,GO
75840,-17.31931965,-53.19399425,santa rita do araguaia,GO
75843,-17.3571623,-52.67826405,portelandia,GO
75845,-16.74473036,-51.52946306,palestina de goias,GO
75850,-16.9568048,-51.81355563,caiaponia,GO
75855,-16.72784916,-52.32081039,doverlandia,GO
75860,-18.44601443,-50.45154071,quirinopolis,GO
75865,-18.43938865,-50.1384017,gouvelandia,GO
75870,-18.73111678,-50.9550876,cachoeira alta,GO
75880,-18.90325742,-50.64964062,paranaiguara,GO
75890,-18.99978193,-50.55046178,sao simao,GO
75893,-17.92296517,-49.95845944,itaguacu,GO
75900,-17.86702271,-50.82712046,rio verde,GO
75901,-17.80450073,-50.91649466,rio verde,GO
75902,-17.7983934,-50.92238641,rio verde,GO
75903,-17.78286711,-50.9181769,rio verde,GO
75904,-17.77749603,-50.9047239,rio verde,GO
75905,-17.79954142,-50.89381236,rio verde,GO
75906,-17.8041231,-50.92137394,rio verde,GO
75907,-17.81402002,-50.93492393,rio verde,GO
75908,-17.80009701,-50.94648581,rio verde,GO
75909,-17.77879254,-50.96475698,rio verde,GO
75910,-17.75574592,-50.91195168,rio verde,GO
75911,-17.81383955,-50.86374064,rio verde,GO
75912,-17.85855031,-50.96160896,rio verde,GO
75913,-17.80667558,-50.92661316,rio verde,GO
75914,-18.10014773,-50.56140016,ouroana,GO
75915,-17.41877966,-51.18578602,montividiu,GO
75920,-17.81313027,-50.59644489,santa helena de goias,GO
75925,-18.08907764,-50.22159339,castelandia,GO
75930,-17.97857682,-50.34016444,maurilandia,GO
75935,-17.55954594,-50.63607266,santo antonio da barra,GO
75940,-17.3391938,-49.92900396,edeia,GO
75945,-17.4219313,-49.68051395,edealina,GO
75950,-17.07984515,-50.16028755,jandaia,GO
75955,-17.14472753,-49.99164121,indiara,GO
75960,-17.39833239,-50.37301477,acreuna,GO
75970,-17.85231232,-50.30578738,turvelandia,GO
75980,-16.96645912,-50.46101904,parauna,GO
75985,-16.81907337,-50.40796955,sao joao da parauna,GO
75990,-16.79339818,-50.16222221,palminopolis,GO
76100,-16.51288022,-50.37494301,sao luis de montes belos,GO
76105,-16.57955421,-50.30572061,firminopolis,GO
76110,-16.60893737,-50.13409465,turvania,GO
76120,-16.68005045,-50.46526066,aurilandia,GO
76125,-16.66747543,-50.64581845,cachoeira de goias,GO
76130,-16.60824368,-50.79071205,ivolândia,GO
76135,-16.54359561,-50.73976159,moipora,GO
76140,-16.619799,-51.09580067,amorinopolis,GO
76145,-16.29453126,-50.54930375,corrego do ouro,GO
76150,-16.12470309,-50.21340933,mossamedes,GO
76152,-16.18327201,-50.43417225,buriti de goias,GO
76155,-16.41626295,-50.16760215,adelandia,GO
76160,-16.20141595,-50.31199478,sanclerlandia,GO
76165,-16.25358822,-49.98156897,americano do brasil,GO
76170,-16.45984061,-49.96081463,anicuns,GO
76180,-16.58089924,-49.88292119,nazario,GO
76190,-16.80658046,-49.92213743,palmeiras de goias,GO
76195,-16.97925847,-49.77081599,cezarina,GO
76200,-16.4390209,-51.11665596,ipora,GO
76205,-16.31531549,-50.90467884,israelandia,GO
76210,-16.1835392,-50.95324986,jaupaci,GO
76220,-16.18170321,-50.7889203,fazenda nova,GO
76230,-16.43263533,-51.81759946,piranhas,GO
76235,-16.38548964,-51.55956684,arenopolis,GO
76240,-15.91083602,-52.23251203,aragarcas,GO
76244,-15.8972445,-52.23386549,aragarças,GO
76245,-16.20174283,-52.17455481,bom jardim de goias,GO
76250,-16.20037551,-52.5441477,baliza,GO
76255,-16.00444691,-51.39409707,montes claros de goias,GO
76260,-16.23401741,-51.25809526,diorama,GO
76265,-15.76941132,-51.10257439,santa fe de goias,GO
76270,-15.86533062,-50.87329089,jussara,GO
76280,-15.24347663,-51.1643308,britania,GO
76285,-16.03478883,-50.71210833,novo brasil,GO
76290,-15.81848684,-50.61773518,itapirapuã,GO
76293,-17.80490824,-50.92344965,jacilandia,GO
76300,-15.3036393,-49.60722004,ceres,GO
76304,-15.17309862,-49.67208722,ipiranga de goias,GO
76305,-15.14907603,-49.57419999,nova glória,GO
76310,-15.31731165,-49.58042555,rialma,GO
76315,-15.44834038,-49.51161982,rianapolis,GO
76320,-15.30229983,-49.42390473,santa isabel,GO
76330,-15.74918707,-49.33210533,jaragua,GO
76335,-15.51491296,-49.67942245,uruana,GO
76340,-15.35689508,-49.70235519,carmo do rio verde,GO
76343,-15.35068495,-49.81923619,sao patricio,GO
76345,-15.02206686,-49.89339807,nova america,GO
76350,-15.16398586,-49.80376085,rubiataba,GO
76355,-15.31549698,-50.05803956,morro agudo de goias,GO
76360,-14.95834375,-49.54887228,itapaci,GO
76365,-14.86324517,-49.32859488,sao luiz do norte,GO
76370,-14.76370689,-49.5798962,pilar de goias,GO
76372,-14.76307931,-49.57833912,pilar de goias,GO
76374,-14.73295805,-49.70432642,guarinos,GO
76375,-14.72203313,-49.4688721,hidrolina,GO
76380,-15.3182956,-49.12118383,goianesia,GO
76381,-15.30544274,-49.11622208,goianésia,GO
76382,-15.32976493,-49.11789284,goianésia,GO
76383,-15.33725262,-49.10390917,goianesia,GO
76385,-15.24429276,-49.18738526,goianesia,GO
76386,-15.84849039,-49.17993211,goianesia,GO
76387,-15.30347833,-49.12643858,goianesia,GO
76388,-15.31505451,-49.13487102,goianesia,GO
76390,-14.96587363,-48.91918574,barro alto,GO
76393,-15.34241008,-48.84806991,vila propício,GO
76395,-14.913345,-49.0596785,santa rita do novo destino,GO
76400,-14.51847481,-49.14209709,uruacu,GO
76410,-14.3127475,-49.15368762,campinorte,GO
76420,-14.46984469,-48.45694988,niquelandia,GO
76440,-13.80549446,-48.56666978,campinacu,GO
76450,-13.52855704,-48.22109588,minacu,GO
76460,-13.51023767,-48.74303416,trombas,GO
76465,-13.35284337,-48.69056236,montividiu do norte,GO
76470,-13.65815591,-48.87750737,formoso,GO
76480,-13.69708584,-49.01450031,santa tereza de goiás,GO
76485,-13.86961573,-49.06900597,estrela do norte,GO
76490,-14.01813698,-49.17836382,mara rosa,GO
76493,-13.90245516,-49.40402651,amaralina,GO
76495,-14.28763234,-49.38866877,nova iguacu de goias,GO
76500,-14.43073369,-49.71060292,santa terezinha de goiás,GO
76510,-14.54057655,-49.96901726,crixas,GO
76515,-14.26139354,-49.65698187,campos verdes,GO
76520,-14.0945305,-50.34350233,nova crixas,GO
76523,-14.0991099,-50.32988648,nova crixás,GO
76525,-14.28424065,-49.91822259,uirapuru,GO
76530,-13.7730884,-50.27830982,mundo novo,GO
76540,-13.72815608,-49.28255873,mutunopolis,GO
76550,-13.43892047,-49.14655848,porangatu,GO
76555,-13.64957621,-49.83040893,bonopolis,GO
76560,-14.19438021,-49.34015563,alto horizonte,GO
76580,-13.24072486,-49.50851878,novo planalto,GO
76590,-13.25677939,-50.16379773,são miguel do araguaia,GO
76600,-15.938606,-50.14278079,goias,GO
76630,-16.02382114,-49.80035639,itaberai,GO
76640,-16.05328208,-49.60226114,taquaral de goias,GO
76650,-15.92065092,-49.60473019,itaguari,GO
76660,-15.76162832,-49.63356589,itaguaru,GO
76670,-15.71998782,-49.82646843,heitorai,GO
76680,-15.56060518,-49.94714061,itapuranga,GO
76690,-15.63194316,-50.03033667,guaraita,GO
76700,-14.75127394,-50.56816461,mozarlandia,GO
76710,-14.92508188,-51.07954334,aruanã,GO
76720,-15.09842566,-50.61751528,araguapaz,GO
76730,-15.44449633,-50.72338919,matrincha,GO
76740,-15.44166472,-50.37690155,faina,GO
76801,-8.752743887,-63.90551188,porto velho,RO
76802,-8.73554894,-63.90496303,porto velho,RO
76803,-8.742421172,-63.89564637,porto velho,RO
76804,-8.766194546,-63.89356546,porto velho,RO
76805,-8.77972009,-63.90775235,porto velho,RO
76806,-8.781499119,-63.87963501,porto velho,RO
76807,-8.791199653,-63.88453709,porto velho,RO
76808,-8.793823406,-63.88890916,porto velho,RO
76810,-9.057527249,-64.52965192,porto velho,RO
76811,-8.798674164,-63.86347499,porto velho,RO
76812,-8.775766866,-63.85851339,porto velho,RO
76813,-8.774702661,-63.82554617,porto velho,RO
76814,-8.780577734,-63.80246349,porto velho,RO
76815,-8.800484576,-63.719816,porto velho,RO
76817,-8.807959407,-63.80605456,porto velho,RO
76820,-8.75722031,-63.87493002,porto velho,RO
76821,-8.738175443,-63.8768658,porto velho,RO
76822,-8.722944764,-63.87615815,porto velho,RO
76824,-8.747843794,-63.85671483,porto velho,RO
76825,-8.744639777,-63.84298985,porto velho,RO
76828,-8.757670225,-63.82067447,porto velho,RO
76829,-8.765544008,-63.84316518,porto velho,RO
76840,-9.117395474,-64.25540527,jaci parana,RO
76842,-9.295284884,-64.54803083,mutum parana,RO
76846,-9.656082864,-65.73814944,vista alegre do abuna,RO
76847,-11.20861452,-61.58862912,extrema,RO
76848,-9.763415753,-66.61942506,nova california,RO
76850,-10.77706083,-65.32207707,guajara-mirim,RO
76857,-10.40133177,-65.26721072,nova mamoré,RO
76860,-8.822748972,-63.649349,candeias do jamari,RO
76861,-9.185340303,-63.187247,itapua do oeste,RO
76862,-9.718738594,-63.32493532,alto paraiso,RO
76863,-9.70665985,-62.89998743,rio crespo,RO
76864,-9.361950111,-62.58354995,cujubim,RO
76866,-10.24678737,-62.34962102,theobroma,RO
76867,-9.857774451,-62.17436116,vale do anari,RO
76868,-9.420985153,-62.01242919,machadinho d'oeste,RO
76870,-9.910598283,-63.04023429,ariquemes,RO
76871,-9.891410157,-63.04214782,ariquemes,RO
76872,-9.903147037,-63.03373155,ariquemes,RO
76873,-9.908502986,-63.02681447,ariquemes,RO
76874,-9.890412536,-63.02218429,ariquemes,RO
76875,-9.910053293,-63.01413924,ariquemes,RO
76876,-9.926668991,-63.03628192,ariquemes,RO
76877,-9.899065157,-63.06167211,ariquemes,RO
76880,-10.20704413,-63.83108887,buritis,RO
76887,-10.5205499,-63.69309445,campo novo de rondonia,RO
76888,-10.25618325,-63.3076151,monte negro,RO
76889,-10.33854518,-62.90764307,cacaulândia,RO
76890,-10.43696,-62.47324971,jaru,RO
76898,-10.6100656,-62.79229701,governador jorge teixeira,RO
76900,-10.87722224,-61.95841508,ji-parana,RO
76901,-10.87096623,-61.97575156,ji-parana,RO
76904,-10.84191675,-61.99306185,ji-parana,RO
76906,-10.85614386,-61.95543265,ji-paraná,RO
76907,-10.86694219,-61.95058152,ji-parana,RO
76908,-10.88444995,-61.921511,ji-parana,RO
76909,-10.87821345,-61.90225759,ji-paraná,RO
76912,-10.89813745,-61.89318216,ji-paraná,RO
76913,-10.89853374,-61.91524394,ji-parana,RO
76914,-10.89411415,-61.93292858,ji-parana,RO
76916,-11.17045723,-61.90583224,presidente medici,RO
76919,-11.18941968,-61.5246435,ministro andreazza,RO
76920,-10.71575118,-62.25613931,ouro preto do oeste,RO
76923,-10.41663732,-62.12766226,vale do paraíso,RO
76924,-10.91437184,-62.55375305,nova uniao,RO
76926,-11.02925114,-62.669726,mirante da serra,RO
76928,-10.93278855,-62.25646773,teixeirópolis,RO
76929,-11.12997087,-62.36961208,urupá,RO
76930,-11.34947074,-62.28697319,alvorada d'oeste,RO
76932,-11.69551791,-62.71750414,sao miguel do guapore,RO
76934,-11.778979,-63.03955975,seringueiras,RO
76935,-12.06456221,-63.57426861,sao francisco do guapore,RO
76937,-12.35070325,-64.20543447,costa marques,RO
76940,-11.7224541,-61.77703629,rolim de moura,RO
76948,-11.42808074,-61.95102518,castanheiras,RO
76950,-11.90511096,-61.78051706,santa luzia d'oeste,RO
76952,-12.13402859,-61.85698134,alto alegre dos parecis,RO
76954,-11.94458397,-61.99882536,alta floresta d'oeste,RO
76956,-11.71162955,-62.01200608,novo horizonte do oeste,RO
76958,-11.72587551,-62.31699294,nova brasilandia d'oeste,RO
76960,-11.42546542,-61.47192764,cacoal,RO
76961,-11.42706295,-61.46786241,cacoal,RO
76962,-11.42852875,-61.45946446,cacoal,RO
76963,-11.43103084,-61.44441104,cacoal,RO
76964,-11.43773283,-61.44341041,cacoal,RO
76965,-11.43523066,-61.43347652,cacoal,RO
76966,-11.4383475,-61.42997246,cacoal,RO
76967,-11.44276873,-61.45027316,cacoal,RO
76970,-11.68757292,-61.17124597,pimenta bueno,RO
76974,-11.52662042,-61.01474263,espigao do oeste,RO
76976,-11.83964165,-61.31894373,primavera de rondonia,RO
76977,-11.91026374,-61.51242968,sao felipe d'oeste,RO
76979,-12.18146122,-61.60125691,parecis,RO
76980,-12.7334123,-60.14835452,vilhena,RO
76981,-12.74095557,-60.14707056,vilhena,RO
76982,-12.72294235,-60.13595003,vilhena,RO
76983,-12.72025321,-60.14528391,vilhena,RO
76985,-12.73459602,-60.11328702,vilhena,RO
76987,-12.74193299,-60.11611246,vilhena,RO
76988,-12.74615819,-60.13247088,vilhena,RO
76990,-12.55415554,-60.90442071,chupinguaia,RO
76993,-13.12224108,-60.5421761,colorado do oeste,RO
76994,-13.48685244,-60.53788286,cabixi,RO
76995,-12.99745267,-60.94505467,corumbiara,RO
76997,-13.19266483,-60.82311112,cerejeiras,RO
76999,-13.48102543,-61.04647305,pimenteiras do oeste,RO
77001,-10.16850607,-48.340909,palmas,TO
77002,-10.16270355,-48.34344599,palmas,TO
77006,-10.17530935,-48.31917296,palmas,TO
77015,-10.19920012,-48.34503645,palmas,TO
77016,-10.21729401,-48.34630846,palmas,TO
77017,-10.18496091,-48.34484056,palmas,TO
77018,-10.24624538,-48.34644273,palmas,TO
77019,-10.25672509,-48.33787335,palmas,TO
77020,-10.18940702,-48.32059323,palmas,TO
77021,-10.20519694,-48.32379566,palmas,TO
77022,-10.21955562,-48.32355957,palmas,TO
77023,-10.23304037,-48.32213222,palmas,TO
77024,-10.25430993,-48.323001,palmas,TO
77025,-10.26888582,-48.32232852,palmas,TO
77026,-10.15422804,-48.31450204,palmas,TO
77059,-10.29347826,-48.31715049,palmas,TO
77060,-10.31777314,-48.30290135,palmas,TO
77062,-10.31548175,-48.31823359,palmas,TO
77063,-10.32915373,-48.32316752,palmas,TO
77064,-10.33782223,-48.29316998,palmas,TO
77066,-10.34168283,-48.28193545,palmas,TO
77080,-10.31687255,-48.15460532,palmas,TO
77300,-11.62703376,-46.821547,dianopolis,TO
77303,-11.37163116,-46.82181525,rio da conceição,TO
77305,-12.20773513,-47.29849504,conceição do tocantins,TO
77308,-12.19231715,-46.9915461,taipas do tocantins,TO
77310,-11.56789256,-47.16831043,almas,TO
77315,-12.08919897,-46.47919243,ponte alta do bom jesus,TO
77318,-11.81956079,-46.62521807,novo jardim,TO
77320,-12.39860493,-46.43926539,taguatinga,TO
77325,-12.71071036,-46.40543514,aurora do tocantins,TO
77330,-12.92069952,-46.95008122,arraias,TO
77350,-12.81540481,-46.55013027,combinado,TO
77353,-12.91430893,-46.57394544,novo alegre,TO
77360,-12.61680375,-47.87578737,parana,TO
77365,-13.04281892,-48.40579767,palmeiropolis,TO
77368,-12.74893028,-48.23783729,sao salvador do tocantins,TO
77370,-11.71328478,-47.72150568,natividade,TO
77375,-11.44812235,-48.11450687,santa rosa do tocantins,TO
77378,-11.61781043,-47.75103783,chapada da natividade,TO
77380,-11.14388653,-47.57513582,pindorama do tocantins,TO
77390,-11.9734367,-48.23422874,sao valerio da natividade,TO
77395,-11.56246316,-47.04853032,porto alegre do tocantins,TO
77402,-11.72627953,-49.07357585,gurupi,TO
77403,-11.72888143,-49.07374491,gurupi,TO
77405,-11.72930665,-49.06673479,gurupi,TO
77410,-11.72967728,-49.0614273,gurupi,TO
77411,-11.73785176,-49.04826891,gurupi,TO
77413,-11.72341807,-49.07349113,gurupi,TO
77415,-11.75726138,-49.06916431,gurupi,TO
77416,-11.71960898,-49.0863484,gurupi,TO
77420,-11.71765283,-49.06828854,gurupi,TO
77423,-11.72732921,-49.06360417,gurupi,TO
77425,-11.73197012,-49.09439236,gurupi,TO
77426,-11.73240749,-49.06640388,gurupi,TO
77430,-11.71909517,-49.09470044,gurupi,TO
77433,-11.73638483,-49.07067153,gurupi,TO
77435,-11.72516417,-49.07924969,gurupi,TO
77440,-11.7081616,-49.04205814,gurupi,TO
77444,-11.70893898,-49.05553896,gurupi,TO
77450,-12.65789003,-48.5991023,jau do tocantins,TO
77453,-11.90501937,-49.16622322,cariri do tocantins,TO
77455,-11.30501845,-48.93721031,alianca do tocantins,TO
77458,-11.98767364,-48.91114667,sucupira,TO
77460,-12.03291817,-48.53987815,peixe,TO
77463,-11.10322356,-48.91839141,crixas do tocantins,TO
77465,-12.13542833,-49.15991447,figueiropolis,TO
77470,-11.81222472,-49.54488592,formoso do araguaia,TO
77475,-12.9279708,-49.826273,araguacu,TO
77478,-12.53921974,-49.92660329,sandolandia,TO
77480,-12.47866941,-49.12290485,alvorada,TO
77483,-12.79940103,-49.09191003,talismã,TO
77485,-11.34138744,-49.26685789,duere,TO
77490,-10.60295775,-49.19543708,cristalandia,TO
77493,-10.7953303,-49.62722664,lagoa da confusao,TO
77495,-10.56539049,-48.91245046,nova rosalândia,TO
77500,-10.70542552,-48.40626768,porto nacional,TO
77555,-10.75832197,-48.90260537,fatima,TO
77558,-10.70708858,-48.90561755,oliveira de fatima,TO
77560,-11.01796199,-48.57053234,brejinho de nazare,TO
77570,-10.44179677,-49.17797611,pium,TO
77580,-11.16252798,-48.14122498,silvanopolis,TO
77585,-10.76339834,-48.10383902,monte do carmo,TO
77590,-10.74486061,-47.5363676,ponte alta do tocantins,TO
77593,-10.54606199,-46.41919738,mateiros,TO
77600,-10.17450653,-48.88844524,paraiso do tocantins,TO
77603,-10.421499,-48.925691,pugmil,TO
77610,-9.965557926,-47.67752081,novo acordo,TO
77613,-10.29571378,-47.56372949,lagoa do tocantins,TO
77615,-10.28336142,-47.80900717,santa tereza do tocantins,TO
77620,-9.950409822,-47.97527168,aparecida do rio negro,TO
77630,-9.594945102,-46.67512984,lizarda,TO
77635,-9.347138596,-47.8957663,rio sono,TO
77640,-9.567552735,-48.37537981,tocantínia,TO
77645,-9.753702992,-48.35577831,lajeado,TO
77650,-9.572252678,-48.40963529,miracema do tocantins,TO
77655,-9.342895609,-48.53551711,rio dos bois,TO
77660,-9.534960574,-48.59104729,miranorte,TO
77665,-9.835547681,-48.72605595,barrolandia,TO
77670,-9.800885904,-49.21505762,divinópolis do tocantins,TO
77673,-9.980865746,-49.029699,monte santo do tocantins,TO
77675,-9.796645205,-49.65720181,marianopolis do tocantins,TO
77680,-9.271498529,-49.9566976,caseara,TO
77685,-9.258179512,-49.06524736,dois irmaos do tocantins,TO
77690,-8.814714973,-49.55656341,araguacema,TO
77693,-9.622442657,-49.1497203,abreulândia,TO
77695,-8.774033623,-48.93506587,goianorte,TO
77700,-8.839751858,-48.50851675,guaraí,TO
77704,-8.971529406,-48.18826093,tupirama,TO
77708,-9.073191116,-48.52247295,fortaleza do tabocao,TO
77710,-9.008680982,-48.14533762,pedro afonso,TO
77714,-8.965545991,-48.16566689,bom jesus do tocantins,TO
77716,-8.775035643,-47.74939295,santa maria do tocantins,TO
77718,-8.384346547,-48.10832264,itapiratins,TO
77720,-8.399459067,-47.76592743,itacaja,TO
77723,-8.958467204,-47.33711355,centenario,TO
77725,-8.741731814,-48.75320312,colmeia,TO
77730,-8.596253472,-48.93449443,pequizeiro,TO
77733,-8.723187586,-47.22253157,recursolandia,TO
77735,-8.368401901,-48.48319804,brasilandia do tocantins,TO
77740,-8.571426513,-48.6893961,itaporã do tocantins,TO
77745,-8.53108421,-48.50722113,presidente kennedy,TO
77750,-8.365862034,-49.16831059,couto de magalhaes,TO
77753,-8.119290888,-49.10102424,juarina,TO
77755,-7.892221606,-48.90444595,bernardo sayão,TO
77760,-8.057911121,-48.47981128,colinas do tocantins,TO
77770,-7.712059276,-47.31612788,goiatins,TO
77777,-7.988859504,-46.80145013,campos lindos,TO
77780,-7.656670781,-49.06430153,arapoema,TO
77783,-7.759597791,-48.5780856,bandeirantes do tocantins,TO
77785,-7.541747692,-49.3695107,pau d'arco,TO
77790,-7.630078591,-48.42301011,nova olinda,TO
77795,-7.339378397,-47.49329042,filadelfia,TO
77803,-7.193500853,-48.20907458,araguaina,TO
77804,-7.189078727,-48.2076626,araguaina,TO
77805,-7.191508903,-48.20949579,araguaína,TO
77807,-7.197547887,-48.19871468,araguaina,TO
77808,-7.208631787,-48.18603736,araguaina,TO
77809,-7.208060815,-48.20287963,araguaina,TO
77813,-7.200586402,-48.21000717,araguaina,TO
77814,-7.221406399,-48.2390135,araguaina,TO
77815,-7.211799177,-48.22457924,araguaina,TO
77816,-7.202188556,-48.23251503,araguaina,TO
77817,-7.197694202,-48.22419733,araguaina,TO
77818,-7.193865577,-48.22455913,araguaina,TO
77820,-7.19969894,-48.21847063,araguaina,TO
77823,-7.185011748,-48.21465927,araguaina,TO
77824,-7.183268124,-48.20520224,araguaina,TO
77825,-7.172454169,-48.20188145,araguaina,TO
77826,-7.191385852,-48.19305039,araguaina,TO
77827,-7.188659381,-48.19281854,araguaína,TO
77828,-7.202427057,-48.17562315,araguaina,TO
77829,-7.223332021,-48.23804783,araguaina,TO
77840,-7.035135194,-48.39619995,carmolandia,TO
77845,-7.16898386,-48.53033757,aragominas,TO
77848,-7.145635881,-48.71666331,santa fe do araguaia,TO
77850,-7.142396255,-48.60718823,muricilandia,TO
77855,-6.668324139,-48.57705632,araguana,TO
77860,-6.850638505,-47.96530358,wanderlandia,TO
77870,-7.203642214,-47.75875799,babaculandia,TO
77880,-6.418047623,-48.53295969,xambioa,TO
77885,-6.435021327,-47.67286394,santa terezinha do tocantins,TO
77890,-6.369105763,-48.07324152,ananas,TO
77895,-6.375566712,-47.66258269,nazare,TO
77900,-6.325757558,-47.43089958,tocantinopolis,TO
77903,-6.191735146,-47.85500585,luzinopolis,TO
77905,-6.392815766,-47.86610721,angico,TO
77908,-6.561233603,-47.47458909,aguiarnopolis,TO
77910,-6.70877958,-47.75111927,darcinopolis,TO
77913,-6.613710017,-47.56426729,palmeiras do tocantins,TO
77915,-6.120011613,-47.9203258,cachoeirinha,TO
77918,-5.954293001,-47.50732614,maurilandia do tocantins,TO
77920,-5.774820363,-47.4799684,itaguatins,TO
77925,-5.55406494,-47.57731376,sao miguel do tocantins,TO
77930,-5.628634315,-47.76819011,axixá do tocantins,TO
77940,-5.60735281,-47.64917314,sitio novo do tocantins,TO
77950,-5.650280664,-48.12128375,araguatins,TO
77958,-6.010487678,-47.91623286,são bento do tocantins,TO
77960,-5.468343672,-47.88830549,augustinopolis,TO
77970,-5.422703771,-47.80934643,praia norte,TO
77980,-5.352740772,-47.8750631,sampaio,TO
77990,-5.272299481,-48.21643276,sao sebastiao do tocantins,TO
77993,-5.363920522,-48.54211501,esperantina,TO
77995,-5.321205249,-48.2111124,buriti do tocantins,TO
78000,-15.64953229,-56.03290125,cuiaba,MT
78005,-15.59237879,-56.09328263,cuiaba,MT
78008,-15.59181654,-56.08289557,cuiaba,MT
78010,-15.60208251,-56.08316321,cuiaba,MT
78015,-15.60874743,-56.08628776,cuiaba,MT
78020,-15.60288162,-56.10286062,cuiaba,MT
78025,-15.60856178,-56.09946708,cuiaba,MT
78028,-15.61405275,-56.12723749,cuiaba,MT
78030,-15.60654597,-56.12160299,cuiaba,MT
78031,-15.60339734,-56.11486245,cuiaba,MT
78032,-15.59797872,-56.10713098,cuiaba,MT
78035,-15.59576018,-56.12616665,cuiaba,MT
78040,-15.58054451,-56.11432537,cuiaba,MT
78042,-15.5920119,-56.1186003,cuiabá,MT
78043,-15.58555968,-56.10773202,cuiaba,MT
78045,-15.59027829,-56.10220539,cuiaba,MT
78048,-15.56605399,-56.08486541,cuiaba,MT
78049,-15.54933642,-56.09523941,cuiabá,MT
78050,-15.58832003,-56.06835683,cuiaba,MT
78051,-15.59317532,-56.05819369,cuiabá,MT
78052,-15.58429731,-56.03144126,cuiaba,MT
78053,-15.58402134,-56.05260161,cuiaba,MT
78055,-15.55576253,-56.05615044,cuiaba,MT
78056,-15.59520187,-56.03848489,cuiaba,MT
78057,-15.66596144,-56.04266639,cuiaba,MT
78058,-15.57674818,-56.02284311,cuiaba,MT
78060,-15.60615007,-56.06975613,cuiaba,MT
78061,-15.61029512,-56.07046487,cuiaba,MT
78065,-15.61723444,-56.07769308,cuiaba,MT
78068,-15.61217875,-56.04668476,cuiaba,MT
78070,-15.62206535,-56.07396447,cuiaba,MT
78074,-15.55981786,-56.03302684,cuiabá,MT
78075,-15.60762738,-56.03397878,cuiaba,MT
78076,-15.62363816,-56.02216073,cuiaba,MT
78077,-15.60492023,-56.04570442,cuiaba,MT
78080,-15.62357158,-56.05522716,cuiaba,MT
78085,-15.63484301,-56.05881079,cuiaba,MT
78087,-15.61468613,-56.05174308,cuiaba,MT
78088,-15.62545467,-56.01631605,cuiabá,MT
78089,-15.64324906,-55.99724695,cuiaba,MT
78090,-15.64192945,-56.02735472,cuiaba,MT
78091,-15.62636639,-55.98995107,cuiaba,MT
78093,-15.61856792,-56.02017312,cuiaba,MT
78094,-15.62549047,-56.04405159,cuiaba,MT
78095,-15.6601557,-56.05149681,cuiaba,MT
78096,-15.61561772,-56.04118514,cuiaba,MT
78098,-15.64990012,-55.98928236,cuiaba,MT
78099,-15.63264858,-55.95550907,cuiabá,MT
78104,-14.63333,-57.06667,nossa senhora da guia,MT
78110,-15.64691001,-56.13407881,várzea grande,MT
78115,-15.62898962,-56.10742092,varzea grande,MT
78116,-15.63631081,-56.10678933,varzea grande,MT
78117,-15.63337464,-56.14084544,varzea grande,MT
78118,-15.64900235,-56.10590951,varzea grande,MT
78120,-15.66684957,-56.09429319,varzea grande,MT
78125,-15.66014546,-56.12520753,varzea grande,MT
78128,-15.67256848,-56.12503745,várzea grande,MT
78130,-15.66873672,-56.13645233,varzea grande,MT
78131,38.81681629,-9.394624511,varzea grande,MT
78132,-15.68000933,-56.14928072,varzea grande,MT
78134,-15.65888345,-56.12579289,várzea grande,MT
78135,-15.65656662,-56.14195267,varzea grande,MT
78138,-15.6536214,-56.1610052,varzea grande,MT
78140,-15.63952635,-56.14603893,várzea grande,MT
78141,-15.64077536,-56.15063366,varzea grande,MT
78142,-15.63139723,-56.15598484,varzea grande,MT
78143,-15.65160024,-56.1504234,varzea grande,MT
78144,-15.62692608,-56.15427579,varzea grande,MT
78145,-15.66452496,-56.13866599,varzea grande,MT
78148,-15.66289397,-56.15639669,várzea grande,MT
78149,-15.66795249,-56.23631214,varzea grande,MT
78150,-15.6499004,-56.16496301,varzea grande,MT
78152,-15.66238585,-56.15486357,varzea grande,MT
78158,-15.63524446,-56.16670153,varzea grande,MT
78165,-15.62491395,-56.14790736,varzea grande,MT
78170,-15.79089027,-56.37932639,nossa senhora do livramento,MT
78175,-16.26207504,-56.62996406,pocone,MT
78178,-19.53942267,-55.21498614,cangas,MT
78180,-15.90354634,-56.03491753,santo antonio do leverger,MT
78190,-16.19543385,-55.95122531,barao de melgaco,MT
78195,-15.41929698,-55.72530669,chapada dos guimarães,MT
78200,-16.06438233,-57.68804701,caceres,MT
78237,-15.61273772,-57.91708198,curvelandia,MT
78240,-15.83794241,-58.50643827,porto esperidiao,MT
78243,-14.47444777,-59.58685493,nova lacerda,MT
78245,-15.05012784,-59.95608164,vila bela da santissima trindade,MT
78250,-15.23574648,-59.33328023,pontes e lacerda,MT
78253,-15.28967966,-59.07907494,vale de sao domingos,MT
78254,-14.55112189,-59.53240344,conquista d'oeste,MT
78255,-15.33970337,-58.87232583,jauru,MT
78260,-15.46944534,-58.34773171,araputanga,MT
78265,-15.12072662,-58.38548481,reserva do cabacal,MT
78270,-15.12891223,-58.1308389,salto do céu,MT
78275,-15.24046395,-58.11313764,rio branco,MT
78278,-15.3344687,-57.99256764,lambari d'oeste,MT
78280,-15.67549165,-58.09132745,mirassol d'oeste,MT
78284,-15.77153396,-58.1214098,sonho azul,MT
78285,-15.62652731,-58.18328492,são josé dos quatro marcos,MT
78290,-15.45059208,-58.73746539,figueiropolis d'oeste,MT
78293,-15.76988796,-58.31194691,gloria d'oeste,MT
78295,-15.45717333,-58.58499769,indiavai,MT
78300,-14.61510808,-57.51478344,tangara da serra,MT
78307,-13.72317018,-59.25834528,campos de julio,MT
78310,-13.65848369,-59.78450052,comodoro,MT
78320,-11.42265627,-58.77922724,juina,MT
78325,-10.18503984,-59.4605818,aripuana,MT
78330,-9.895299565,-58.56691052,cotriguaçu,MT
78335,-9.447975813,-59.26943356,colniza,MT
78338,-10.84511031,-61.46020219,rondolandia,MT
78340,-10.32932753,-58.49680786,juruena,MT
78345,-11.13790747,-58.61019612,castanheira,MT
78350,-12.1303072,-57.99892144,brasnorte,MT
78360,-13.72672692,-57.90834822,campo novo do parecis,MT
78361,-15.5940538,-56.11643428,itamarati norte,MT
78365,-13.54340005,-58.80819185,sapezal,MT
78370,-14.77977096,-57.29385454,nova olimpia,MT
78380,-14.72832175,-57.04935062,denise,MT
78390,-15.06953652,-57.18776572,barra do bugres,MT
78398,-15.33030858,-57.20108733,porto estrela,MT
78400,-14.3775977,-56.45862445,diamantino,MT
78402,-14.3810587,-56.40115867,diamantino,MT
78410,-14.51311611,-56.48703457,alto paraguai,MT
78415,-14.36554015,-56.97466012,nova marilândia,MT
78420,-14.46008968,-56.84269476,arenapolis,MT
78425,-14.48874962,-57.03736592,santo afonso,MT
78430,-14.45246235,-56.80464529,nortelandia,MT
78435,-13.51329355,-56.72338679,sao jose do rio claro,MT
78445,-13.01085684,-57.10210613,nova maringa,MT
78450,-13.81190941,-56.08321769,nova mutum,MT
78453,-13.8045895,-55.27546533,santa rita do trivelato,MT
78455,-13.06693271,-55.93254279,lucas do rio verde,MT
78460,-14.71272695,-56.31519131,nobres,MT
78470,-14.83468195,-56.38532022,rosario oeste,MT
78480,-15.19958939,-56.36694096,acorizal,MT
78490,-15.24057232,-56.48629328,jangada,MT
78500,-10.80477383,-55.4577105,colider,MT
78505,-10.58622238,-55.11429679,terra nova do norte,MT
78508,-10.31060182,-55.40485513,nova guarita,MT
78510,-11.00806413,-55.24365919,itauba,MT
78515,-10.61629733,-55.8106191,nova canaa do norte,MT
78518,-10.4775,-56.07806,colorado do norte,MT
78520,-9.94827668,-54.90127048,guaranta do norte,MT
78525,-10.14457415,-54.86979296,matupa,MT
78528,-9.975682644,-55.17406986,novo mundo,MT
78530,-10.24891506,-54.90933112,peixoto de azevedo,MT
78535,-11.08084477,-54.51916488,marcelândia,MT
78540,-11.50413777,-54.8756264,claudia,MT
78543,-11.53125111,-54.36837305,uniao do sul,MT
78545,-11.97346506,-55.2804165,santa carmem,MT
78548,-10.86966582,-55.12934714,nova santa helena,MT
78550,-11.85380304,-55.50354541,sinop,MT
78551,-11.78794089,-55.47167341,sinop,MT
78552,-11.83455243,-55.50810988,sinop,MT
78553,-11.82492078,-55.51680619,sinop,MT
78555,-11.8452441,-55.52817899,sinop,MT
78556,-11.86692876,-55.51692261,sinop,MT
78557,-11.87471515,-55.50053593,sinop,MT
78558,-11.94250109,-55.51252878,sinop,MT
78559,-11.91093049,-55.50691409,sinop,MT
78560,-11.55865379,-57.34977611,porto dos gauchos,MT
78563,-11.29960009,-56.79221455,tabapora,MT
78565,-9.850183498,-57.82294899,nova bandeirantes,MT
78570,-11.39103515,-57.32103107,novo horizonte do norte,MT
78573,-12.73023633,-56.51946938,tapurah,MT
78575,-11.23803955,-57.51688146,juara,MT
78578,-12.20935651,-56.13926478,ipiranga do norte,MT
78579,-12.23012275,-56.64833292,itanhangá,MT
78580,-9.902096284,-56.14798246,alta floresta,MT
78587,-9.966516825,-55.8236724,carlinda,MT
78590,-9.696548461,-56.60884628,paranaita,MT
78593,-9.979483348,-57.44993239,nova monte verde,MT
78595,-9.556751115,-57.39249943,apiacás,MT
78600,-15.87886266,-52.27357366,barra do garças,MT
78610,-16.76517972,-52.83635047,ponte branca,MT
78613,-16.48808199,-52.69858627,ribeiraozinho,MT
78615,-16.85899279,-53.03423527,araguainha,MT
78620,-15.69086615,-52.83601183,general carneiro,MT
78625,-14.9125187,-53.01964612,novo sao joaquim,MT
78628,-14.80017308,-53.61198565,santo antonio do leste,MT
78630,-14.44359412,-52.83289954,campinapolis,MT
78635,-14.06220273,-52.20445915,água boa,MT
78638,-13.98945773,-51.79670871,nova nazaré,MT
78640,-13.54229871,-52.27151765,canarana,MT
78643,-12.56980541,-52.24977886,querencia,MT
78645,-10.01332693,-51.11994276,vila rica,MT
78650,-10.76673849,-50.94343824,santa terezinha,MT
78652,-10.63429416,-51.57675087,confresa,MT
78655,-10.87271656,-51.6367162,porto alegre do norte,MT
78658,-11.06841368,-51.83305507,canabrava do norte,MT
78660,-11.22069578,-50.66614796,luciara,MT
78663,-10.79726549,-52.73422464,sao jose do xingu,MT
78664,-10.64880085,-52.73732729,santa cruz do xingu,MT
78665,-11.67942852,-51.3767543,alto boa vista,MT
78668,-12.09125307,-51.39437393,serra nova dourada,MT
78670,-11.6092395,-50.81710151,são félix do araguaia,MT
78674,-12.31570264,-50.96898115,novo santo antonio,MT
78675,-12.91845088,-51.79902938,ribeirao cascalheira,MT
78678,-12.24335622,-51.59296235,bom jesus do araguaia,MT
78680,-14.39272352,-51.00232827,cocalinho,MT
78685,-15.72466587,-51.83483281,araguaiana,MT
78690,-14.66646435,-52.35393109,nova xavantina,MT
78695,-16.19984515,-52.55727257,torixoreu,MT
78698,-15.9009955,-52.25724817,pontal do araguaia,MT
78700,-16.46795608,-54.63142676,rondonopolis,MT
78705,-16.45947574,-54.65065743,rondonopolis,MT
78710,-16.45599766,-54.63975469,rondonopolis,MT
78711,-16.44009506,-54.66283262,rondonopolis,MT
78714,-16.43979481,-54.63348664,rondonopolis,MT
78715,-16.44192915,-54.63856593,rondonopolis,MT
78716,-16.43985344,-54.64136585,rondonopolis,MT
78717,-16.44537952,-54.62978225,rondonopolis,MT
78718,-16.45601153,-54.62850249,rondonopolis,MT
78719,-16.43237013,-54.62605038,rondonopolis,MT
78720,-16.44565259,-54.6241312,rondonopolis,MT
78721,-16.43638573,-54.61928255,rondonopolis,MT
78725,-16.44598256,-54.61502698,rondonopolis,MT
78730,-16.46147048,-54.60891593,rondonopolis,MT
78731,-16.44512176,-54.60960265,rondonopolis,MT
78734,-16.47812525,-54.61882846,rondonopolis,MT
78735,-16.47730681,-54.59316994,rondonópolis,MT
78736,-16.47037465,-54.57044401,rondonopolis,MT
78739,-16.46535971,-54.63856287,rondonopolis,MT
78740,-16.47563589,-54.61689999,rondonopolis,MT
78744,-16.48586574,-54.64315736,rondonopolis,MT
78745,-16.48326206,-54.64867803,rondonopolis,MT
78746,-16.47694559,-54.65704496,rondonopolis,MT
78747,-16.43995089,-54.67466215,rondonopolis,MT
78750,-16.45640284,-54.67134377,rondonópolis,MT
78752,-16.14475,-54.661085,boa vista,MT
78760,-16.34579505,-53.76318188,guiratinga,MT
78770,-16.94612915,-53.53109551,alto garcas,MT
78773,-16.51410132,-54.27714725,são josé do povo,MT
78775,-16.08089153,-53.55377604,tesouro,MT
78780,-17.31726008,-53.22332775,alto araguaia,MT
78785,-17.83133949,-53.28242915,alto taquari,MT
78790,-17.20584411,-54.14593314,itiquira,MT
78795,-16.63591131,-54.45664136,pedra preta,MT
78800,-15.82860857,-54.39147747,poxoreu,MT
78810,-16.05319779,-54.88853844,juscimeira,MT
78816,-16.1620991,-54.79512578,juscimeira,MT
78820,-15.95127425,-54.98521595,jaciara,MT
78830,-15.80924823,-54.92192292,dom aquino,MT
78835,-16.00289522,-54.91989815,sao pedro da cipa,MT
78840,-15.5507563,-55.17606019,campo verde,MT
78850,-15.54251857,-54.29976943,primavera do leste,MT
78855,-14.66099972,-54.77766203,planalto da serra,MT
78860,-14.92494869,-54.97301707,nova brasilandia,MT
78870,-14.37956257,-54.05867214,paranatinga,MT
78875,-13.18276207,-53.26554597,gaucha do norte,MT
78880,-12.28809938,-55.29699063,vera,MT
78885,-12.37589731,-54.9287519,feliz natal,MT
78888,-13.01662351,-55.17194332,nova ubiratã,MT
78890,-12.57213396,-55.71451569,sorriso,MT
78896,-14.31604751,-50.27624569,boa esperanca,MT
79002,-20.45992631,-54.6117311,campo grande,MS
79003,-20.46997677,-54.59666018,campo grande,MS
79004,-20.47327578,-54.60938795,campo grande,MS
79005,-20.4728951,-54.6257005,campo grande,MS
79006,-20.48333873,-54.63894323,campo grande,MS
79008,-20.45819166,-54.62451171,campo grande,MS
79009,-20.45204803,-54.62897407,campo grande,MS
79010,-20.44381746,-54.60910663,campo grande,MS
79011,-20.43156799,-54.60791125,campo grande,MS
79012,-20.42171364,-54.60307014,campo grande,MS
79013,-20.41931428,-54.59060167,campo grande,MS
79014,-20.42201562,-54.60343343,campo grande,MS
79015,-20.39929405,-54.58298271,campo grande,MS
79016,-20.40784352,-54.57503696,campo grande,MS
79017,-20.39088334,-54.56954056,campo grande,MS
79018,-20.38569989,-54.55065942,campo grande,MS
79020,-20.45825377,-54.59772469,campo grande,MS
79021,-20.45295429,-54.58744901,campo grande,MS
79022,-20.44272108,-54.59303685,campo grande,MS
79023,-20.43062593,-54.58344332,campo grande,MS
79031,-20.45170007,-54.57178607,campo grande,MS
79032,-20.4379115,-54.57446185,campo grande,MS
79033,-20.42278482,-54.57300217,campo grande,MS
79034,-20.42315971,-54.56401957,campo grande,MS
79035,-20.41946439,-54.55916113,campo grande,MS
79036,-20.4354198,-54.56083523,campo grande,MS
79037,-20.44112437,-54.53993325,campo grande,MS
79040,-20.46190489,-54.57946276,campo grande,MS
79041,-20.47353967,-54.5781429,campo grande,MS
79042,-20.48460961,-54.570572,campo grande,MS
79043,-20.47125724,-54.56254374,campo grande,MS
79044,-20.47214946,-54.54859765,campo grande,MS
79045,-20.46111691,-54.54178791,campo grande,MS
79046,-20.48329338,-54.55274623,campo grande,MS
79048,-20.4934698,-54.60776133,campo grande,MS
79050,-20.48668615,-54.6064798,campo grande,MS
79051,-20.48636776,-54.59315703,campo grande,MS
79052,-20.50005843,-54.58520628,campo grande,MS
79060,-20.50941895,-54.59724622,campo grande,MS
79062,-20.51452874,-54.57101014,campo grande,MS
79063,-20.52390761,-54.59022211,campo grande,MS
79064,-20.55186747,-54.58466047,campo grande,MS
79065,-20.55100877,-54.57457224,campo grande,MS
79070,-20.51542719,-54.61375145,campo grande,MS
79071,-20.529281,-54.60913661,campo grande,MS
79072,-20.54606266,-54.60695391,campo grande,MS
79073,-20.55080403,-54.62151257,campo grande,MS
79074,-20.53087696,-54.63804072,campo grande,MS
79075,-20.55284019,-54.65065638,campo grande,MS
79076,-20.5382853,-54.65787022,campo grande,MS
79077,-20.55045046,-54.66279588,campo grande,MS
79080,-20.48953586,-54.62200869,campo grande,MS
79081,-20.50397369,-54.63145441,campo grande,MS
79082,-20.51018253,-54.64209003,campo grande,MS
79083,-20.52456333,-54.64428676,campo grande,MS
79084,-20.519237,-54.64946139,campo grande,MS
79085,-20.52411375,-54.65704137,campo grande,MS
79086,-20.49946811,-54.64751285,campo grande,MS
79090,-20.47770765,-54.64954316,campo grande,MS
79091,-20.48366159,-54.6659911,campo grande,MS
79092,-20.49786195,-54.65611695,campo grande,MS
79093,-20.49755092,-54.68074429,campo grande,MS
79094,-20.51328252,-54.66238102,campo grande,MS
79095,-20.52679964,-54.66690694,campo grande,MS
79096,-20.51807328,-54.6841906,campo grande,MS
79097,-20.53804141,-54.67064967,campo grande,MS
79100,-20.45690468,-54.64678802,campo grande,MS
79101,-20.46258606,-54.65303413,campo grande,MS
79102,-20.45288921,-54.66419738,campo grande,MS
79103,-20.44804711,-54.67182234,campo grande,MS
79104,-20.46285139,-54.69103389,campo grande,MS
79105,-20.46616234,-54.70197188,campo grande,MS
79106,-20.44757042,-54.69627847,campo grande,MS
79107,-20.432322,-54.67213921,campo grande,MS
79108,-20.47791575,-54.74422159,campo grande,MS
79110,-20.45339037,-54.63802141,campo grande,MS
79112,-20.44178102,-54.65591056,campo grande,MS
79113,-20.44147431,-54.66686491,campo grande,MS
79114,-20.41761301,-54.6624181,campo grande,MS
79115,-20.4290498,-54.65422586,campo grande,MS
79116,-20.41861836,-54.64144207,campo grande,MS
79117,-20.42197123,-54.62943212,campo grande,MS
79118,-20.4298574,-54.62314562,campo grande,MS
79125,-20.98146145,-54.50371832,anhandui,MS
79130,-21.7984222,-54.54346343,rio brilhante,MS
79134,-21.65447886,-54.43161854,prudencio thomaz,MS
79140,-21.45877491,-54.36564021,nova alvorada do sul,MS
79150,-21.62280701,-55.164198,maracaju,MS
79152,-21.72651191,-55.49931101,vista alegre,MS
79170,-20.93528151,-54.96319658,sidrolandia,MS
79180,-20.45545959,-53.75418232,ribas do rio pardo,MS
79190,-20.44020291,-54.86445993,terenos,MS
79200,-20.4676193,-55.78309095,aquidauana,MS
79208,-20.12688326,-55.3891013,cipolandia,MS
79210,-20.49294286,-55.80216136,anastacio,MS
79215,-20.68466963,-55.28103657,dois irmãos do buriti,MS
79220,-21.16200614,-55.82858852,nioaque,MS
79230,-21.46581004,-56.10071645,guia lopes da laguna,MS
79240,-21.48088262,-56.14884117,jardim,MS
79260,-22.10100954,-56.53751824,bela vista,MS
79270,-21.98917341,-57.01148679,caracol,MS
79280,-21.68626928,-57.8652103,porto murtinho,MS
79290,-21.12674061,-56.48694326,bonito,MS
79300,-19.0031393,-57.65168057,corumba,MS
79301,-19.00325088,-57.64969455,corumba,MS
79302,-19.00194518,-57.64774895,corumba,MS
79303,-19.0028789,-57.64395734,corumba,MS
79304,-19.00349139,-57.63551765,corumbá,MS
79310,-19.01337462,-57.6367384,corumba,MS
79311,-19.019785,-57.64178277,corumba,MS
79320,-19.02052408,-57.65645899,corumba,MS
79321,-19.03537247,-57.65132433,corumbá,MS
79330,-19.00167947,-57.65484892,corumba,MS
79331,-19.00250003,-57.66048831,corumba,MS
79332,-19.01168655,-57.65602934,corumba,MS
79333,-19.00475722,-57.66881575,corumbá,MS
79370,-19.00927434,-57.6037948,ladario,MS
79380,-20.23808057,-56.39545861,miranda,MS
79390,-20.55050576,-56.67835671,bodoquena,MS
79400,-18.50726516,-54.7487531,coxim,MS
79410,-18.10000654,-54.55175242,pedro gomes,MS
79415,-17.58308126,-54.75440938,sonora,MS
79420,-19.53472691,-54.04240606,camapuã,MS
79424,-19.01403325,-53.90088877,pontinha do cocho,MS
79428,-18.6797899,-53.63876115,figueirao,MS
79430,-19.90994472,-54.36436481,bandeirantes,MS
79440,-20.10077055,-54.43548224,jaraguari,MS
79450,-19.95611552,-54.89002645,rochedo,MS
79460,-19.81640391,-54.88471208,corguinho,MS
79470,-19.43299955,-54.98760364,rio negro,MS
79480,-18.91636611,-54.84730055,rio verde de mato grosso,MS
79490,-19.38405301,-54.57840194,sao gabriel do oeste,MS
79500,-19.67394903,-51.19287959,paranaiba,MS
79530,-18.32581051,-53.71035488,alcinópolis,MS
79540,-19.10865503,-51.75750387,cassilandia,MS
79550,-18.54097423,-53.13274009,costa rica,MS
79556,-19.0293844,-53.01467279,paraíso das águas,MS
79560,-18.79821559,-52.62904866,chapadao do sul,MS
79570,-20.08065128,-51.10642297,aparecida do taboado,MS
79580,-19.7409379,-51.92984406,inocencia,MS
79590,-20.35427031,-51.44674258,selviria,MS
79600,-20.78109462,-51.70839956,tres lagoas,MS
79601,-20.78557544,-51.70515512,tres lagoas,MS
79602,-20.78535179,-51.70051417,três lagoas,MS
79603,-20.79315105,-51.69647649,tres lagoas,MS
79604,-20.7863541,-51.69108739,tres lagoas,MS
79610,-20.7931069,-51.68654734,tres lagoas,MS
79611,-20.8040092,-51.68137631,tres lagoas,MS
79612,-20.79116946,-51.65967833,tres lagoas,MS
79620,-20.7982812,-51.70497028,tres lagoas,MS
79621,-20.80557992,-51.71463105,três lagoas,MS
79622,-20.80993547,-51.68374788,tres lagoas,MS
79630,-20.79929556,-51.72993479,tres lagoas,MS
79640,-20.78140374,-51.71846067,tres lagoas,MS
79641,-20.76983587,-51.70294036,três lagoas,MS
79645,-20.7745396,-51.69252901,tres lagoas,MS
79648,-20.32579674,-51.31000727,tres lagoas,MS
79654,-20.78833289,-52.06038272,arapua,MS
79670,-21.26624262,-52.06609443,brasilandia,MS
79680,-20.4411494,-52.87735307,agua clara,MS
79690,-21.30303171,-52.82583329,santa rita do pardo,MS
79700,-22.37806431,-54.50924005,fatima do sul,MS
79710,-22.40970208,-54.44501732,vicentina,MS
79712,-22.49332975,-54.46305521,sao jose,MS
79720,-22.4799833,-54.30837277,jatei,MS
79730,-22.41768631,-54.22997312,gloria de dourados,MS
79740,-22.30582383,-53.82494463,ivinhema,MS
79742,-22.38533018,-53.59466429,amandina,MS
79745,-22.65491695,-53.85771183,novo horizonte do sul,MS
79750,-22.2477954,-53.34735456,nova andradina,MS
79758,-21.7575308,-53.26869051,nova casa verde,MS
79760,-22.29677948,-53.26952144,bataypora,MS
79765,-22.48676752,-53.35147607,taquarussu,MS
79770,-22.183762,-52.71823909,anaurilândia,MS
79780,-21.71564726,-52.42268537,bataguassu,MS
79785,-22.15556338,-53.77800467,angélica,MS
79790,-22.25168254,-54.1601713,deodápolis,MS
79792,-22.26439556,-54.22531214,lagoa bonita,MS
79800,-22.22660335,-54.81154946,dourados,MS
79801,-22.22817,-54.80735026,dourados,MS
79802,-22.23113295,-54.80790654,dourados,MS
79803,-22.22703449,-54.81972351,dourados,MS
79804,-22.22570681,-54.81323715,dourados,MS
79805,-22.22453825,-54.80918525,dourados,MS
79806,-22.226198,-54.80398551,dourados,MS
79810,-22.23364881,-54.80374659,dourados,MS
79811,-22.23865492,-54.80398496,dourados,MS
79812,-22.24567409,-54.80938653,dourados,MS
79813,-22.2542786,-54.81174168,dourados,MS
79814,-22.24168357,-54.82101303,dourados,MS
79815,-22.24139173,-54.74929125,dourados,MS
79820,-22.22916749,-54.82703125,dourados,MS
79821,-22.21467187,-54.85395008,dourados,MS
79822,-22.22962238,-54.83963523,dourados,MS
79823,-22.21532731,-54.83513017,dourados,MS
79824,-22.22355042,-54.81411232,dourados,MS
79825,-22.21870382,-54.813024,dourados,MS
79826,-22.21142755,-54.80758576,dourados,MS
79827,-22.2139133,-54.81125685,dourados,MS
79830,-22.22190902,-54.79119493,dourados,MS
79831,-22.21454318,-54.78725985,dourados,MS
79833,-22.21897791,-54.76793036,dourados,MS
79837,-22.26183663,-54.77227772,dourados,MS
79839,-22.25292343,-54.78778608,dourados,MS
79840,-22.23678608,-54.78634076,dourados,MS
79841,-22.22761603,-54.76398895,dourados,MS
79842,-22.23970284,-54.75444993,dourados,MS
79843,-22.2404453,-54.73812277,dourados,MS
79862,-22.13155055,-54.61469434,sao pedro,MS
79864,-22.08620149,-55.35035129,itahum,MS
79878,-22.13425275,-54.61852778,vila vargas,MS
79880,-22.04131657,-54.60697277,douradina,MS
79890,-22.07577296,-54.78812674,itapora,MS
79894,-21.98164951,-54.67663978,pirapora,MS
79896,-22.03351742,-54.74449367,montese,MS
79900,-22.50904359,-55.73242927,ponta pora,MS
79901,-22.49973036,-55.73269809,ponta pora,MS
79902,-22.51404074,-55.72363313,ponta pora,MS
79903,-22.51228939,-55.70672541,ponta pora,MS
79904,-22.53320114,-55.72438266,ponta pora,MS
79905,-22.55306337,-55.71067979,ponta pora,MS
79906,-22.56205882,-55.69214879,ponta pora,MS
79907,-22.57722805,-55.67917528,ponta porã,MS
79909,-22.62025243,-55.62833176,sanga puita,MS
79910,-22.19025962,-55.94919774,antônio joão,MS
79920,-22.56435782,-55.15416256,laguna carapa,MS
79925,-23.89231795,-55.4294787,paranhos,MS
79930,-22.95339781,-55.61759558,aral moreira,MS
79932,-23.02517,-55.58861,vila marques,MS
79935,-23.97432488,-55.03798585,sete quedas,MS
79940,-22.63266113,-54.82403489,caarapo,MS
79944,-22.49865441,-54.75822562,cristalina,MS
79950,-23.0610764,-54.20037679,navirai,MS
79955,-22.85947088,-54.60402934,juti,MS
79960,-23.68096154,-54.56262258,iguatemi,MS
79965,-23.47461327,-54.17928152,itaquirai,MS
79970,-23.78377888,-54.28119914,eldorado,MS
79975,-23.63513947,-55.01710746,tacuru,MS
79980,-23.93812184,-54.28877542,mundo novo,MS
79985,-23.89173199,-54.40728767,japorã,MS
79990,-23.09189651,-55.22776223,amambai,MS
79995,-23.27144471,-55.5302433,coronel sapucaia,MS
80002,-25.43956347,-49.26196285,curitiba,PR
80006,-25.43398273,-49.259927,curitiba,PR
80010,-25.43364817,-49.26917338,curitiba,PR
80011,-25.43145082,-49.26958204,curitiba,PR
80020,-25.43004408,-49.27125731,curitiba,PR
80030,-25.41703885,-49.26076001,curitiba,PR
80035,-25.40578533,-49.25264477,curitiba,PR
80040,-25.41804943,-49.24877342,curitiba,PR
80045,-25.42573017,-49.25391641,curitiba,PR
80050,-25.43598803,-49.24269233,curitiba,PR
80060,-25.42963242,-49.26131687,curitiba,PR
80061,-25.43361734,-49.26025221,curitiba,PR
80101,-25.43659466,-49.26618736,curitiba,PR
80210,-25.44048771,-49.24440388,curitiba,PR
80215,-25.44821891,-49.25429722,curitiba,PR
80220,-25.45634963,-49.26500692,curitiba,PR
80230,-25.44157136,-49.26687451,curitiba,PR
80231,-25.43956347,-49.26196285,curitiba,PR
80240,-25.44899086,-49.28860986,curitiba,PR
80249,-25.44938172,-49.29320906,curitiba,PR
80250,-25.44361911,-49.27685486,curitiba,PR
80310,-25.45693388,-49.30945498,curitiba,PR
80320,-25.46058119,-49.29436387,curitiba,PR
80330,-25.46997356,-49.3073723,curitiba,PR
80370,-25.4358915,-49.30132235,curitiba,PR
80410,-25.4313225,-49.27921885,curitiba,PR
80420,-25.4375778,-49.28191719,curitiba,PR
80430,-25.43014407,-49.28531987,curitiba,PR
80440,-25.4441587,-49.2967149,curitiba,PR
80510,-25.42197754,-49.27871219,curitiba,PR
80520,-25.41068095,-49.27718603,curitiba,PR
80530,-25.41640443,-49.267811,curitiba,PR
80540,-25.4062982,-49.2604987,curitiba,PR
80610,-25.46995509,-49.28982106,curitiba,PR
80611,-25.5632938,-49.31312943,curitiba,PR
80620,-25.45888097,-49.28489401,curitiba,PR
80627,-25.56318904,-49.31288868,curitiba,PR
80630,-25.47857158,-49.26959282,curitiba,PR
80710,-25.42832346,-49.2998179,curitiba,PR
80730,-25.43375938,-49.2977685,curitiba,PR
80740,-25.44178653,-49.31107602,curitiba,PR
80810,-25.41639905,-49.29134398,curitiba,PR
80820,-25.40870771,-49.29521026,curitiba,PR
81010,-25.4792685,-49.27985206,curitiba,PR
81020,-25.48978486,-49.28777755,curitiba,PR
81030,-25.4838787,-49.27240871,curitiba,PR
81050,-25.49055927,-49.30202736,curitiba,PR
81070,-25.48933941,-49.30383679,curitiba,PR
81110,-25.502519,-49.29085375,curitiba,PR
81130,-25.50491463,-49.30003384,curitiba,PR
81150,-25.51785361,-49.30110056,curitiba,PR
81170,-25.51602051,-49.32413785,curitiba,PR
81200,-25.43719609,-49.33255879,curitiba,PR
81210,-25.4445324,-49.32917299,curitiba,PR
81220,-25.46070458,-49.32393196,curitiba,PR
81230,-25.4612706,-49.33676425,curitiba,PR
81240,-25.47508626,-49.33639877,curitiba,PR
81250,-25.480182,-49.34449549,curitiba,PR
81260,-25.48220665,-49.35242676,curitiba,PR
81265,-25.47158946,-49.3648878,curitiba,PR
81270,-25.45478218,-49.34986537,curitiba,PR
81280,-25.4398491,-49.35266254,curitiba,PR
81290,-25.4455173,-49.3658429,curitiba,PR
81295,-25.4316367,-49.38115551,curitiba,PR
81305,-25.50559079,-49.32505855,curitiba,PR
81310,-25.49768185,-49.3173947,curitiba,PR
81312,-25.50422828,-49.30942579,curitiba,PR
81315,-25.50794253,-49.32467957,curitiba,PR
81320,-25.47648848,-49.32116195,curitiba,PR
81330,-25.48560735,-49.32836141,curitiba,PR
81350,-25.50103085,-49.33313994,curitiba,PR
81420,-25.43803596,-49.27696138,curitiba,PR
81450,-25.49653649,-49.34796123,curitiba,PR
81452,-25.50427521,-49.35378744,curitiba,PR
81460,-25.54055178,-49.33432434,curitiba,PR
81470,-25.56839178,-49.33587029,curitiba,PR
81480,-25.56180961,-49.32506411,curitiba,PR
81490,-25.58757224,-49.33053548,curitiba,PR
81495,-25.59355103,-49.33656114,curitiba,PR
81510,-25.46829301,-49.24281926,curitiba,PR
81520,-25.46172886,-49.23992037,curitiba,PR
81530,-25.46101647,-49.23106387,curitiba,PR
81540,-25.46693373,-49.22156689,curitiba,PR
81550,-25.48365535,-49.20993792,curitiba,PR
81560,-25.48678363,-49.217558,curitiba,PR
81570,-25.48115607,-49.23120921,curitiba,PR
81580,-25.49518196,-49.22045287,curitiba,PR
81590,-25.4859793,-49.20203261,curitiba,PR
81610,-25.47871717,-49.24611592,curitiba,PR
81630,-25.48303081,-49.25480361,curitiba,PR
81650,-25.49249477,-49.23598692,curitiba,PR
81670,-25.49689347,-49.24972624,curitiba,PR
81690,-25.56690419,-49.30911495,curitiba,PR
81710,-25.49760047,-49.2664025,curitiba,PR
81720,-25.51367323,-49.25560608,curitiba,PR
81730,-25.50862288,-49.22668817,curitiba,PR
81750,-25.51795876,-49.24132227,curitiba,PR
81770,-25.52787395,-49.24112498,curitiba,PR
81810,-25.50701418,-49.27596298,curitiba,PR
81820,-25.51790627,-49.28064321,curitiba,PR
81825,-25.52842355,-49.27549,curitiba,PR
81830,-25.51720042,-49.26443348,curitiba,PR
81850,-25.53367628,-49.24781722,curitiba,PR
81860,-25.53727433,-49.24021401,curitiba,PR
81870,-25.52833362,-49.2887347,curitiba,PR
81880,-25.53831602,-49.29333826,curitiba,PR
81900,-25.5394193,-49.27812342,curitiba,PR
81910,-25.53244355,-49.26485051,curitiba,PR
81920,-25.54084534,-49.25533777,curitiba,PR
81925,-25.54819843,-49.26600515,curitiba,PR
81930,-25.56171358,-49.28081711,curitiba,PR
81935,-25.55703005,-49.25379726,curitiba,PR
81940,-25.56657531,-49.29082189,curitiba,PR
81945,-25.59970888,-49.31224966,curitiba,PR
82010,-25.42485202,-49.32593624,curitiba,PR
82015,-25.41668187,-49.33623045,curitiba,PR
82020,-25.40314386,-49.32382326,curitiba,PR
82025,-25.4145537,-49.31436015,curitiba,PR
82030,-25.39614569,-49.32247267,curitiba,PR
82100,-25.39655979,-49.29638311,curitiba,PR
82110,-25.38975552,-49.28999175,curitiba,PR
82115,-25.38220359,-49.29225526,curitiba,PR
82120,-25.3929135,-49.27874123,curitiba,PR
82130,-25.3786017,-49.27700666,curitiba,PR
82200,-25.39657589,-49.26576245,curitiba,PR
82210,-25.38612353,-49.26405529,curitiba,PR
82220,-25.36623282,-49.26840873,curitiba,PR
82250,-25.443361,-49.27948462,curitiba,PR
82300,-25.42095848,-49.34741003,curitiba,PR
82305,-25.43077652,-49.35414851,curitiba,PR
82310,-25.42229975,-49.35872564,curitiba,PR
82315,-25.41206365,-49.35638685,curitiba,PR
82320,-25.40455665,-49.34546729,curitiba,PR
82400,-25.39474724,-49.34443758,curitiba,PR
82410,-25.38112017,-49.33014689,curitiba,PR
82500,-25.3915835,-49.26079745,curitiba,PR
82510,-25.39987209,-49.24086872,curitiba,PR
82515,-25.39568447,-49.22994864,curitiba,PR
82520,-25.41454391,-49.22987563,curitiba,PR
82530,-25.4275812,-49.23444995,curitiba,PR
82540,-25.39388954,-49.25079721,curitiba,PR
82560,-25.38598499,-49.24450851,curitiba,PR
82580,-25.38633427,-49.23610973,curitiba,PR
82590,-25.38905603,-49.19396046,curitiba,PR
82600,-25.39222455,-49.21712218,curitiba,PR
82620,-25.3831551,-49.22147657,curitiba,PR
82630,-25.37690743,-49.21342141,curitiba,PR
82640,-25.37694129,-49.23529487,curitiba,PR
82650,-25.37343077,-49.24552315,curitiba,PR
82700,-25.37491859,-49.25847668,curitiba,PR
82710,-25.35661668,-49.25621888,curitiba,PR
82720,-25.36183092,-49.23014172,curitiba,PR
82800,-25.43440241,-49.2267035,curitiba,PR
82810,-25.43724984,-49.21243593,curitiba,PR
82820,-25.4179459,-49.20678981,curitiba,PR
82821,-25.42351365,-49.21517696,curitiba,PR
82840,-25.40175795,-49.20601255,curitiba,PR
82860,-25.38487293,-49.19757415,curitiba,PR
82900,-25.44579626,-49.22385136,curitiba,PR
82920,-25.44942785,-49.20678836,curitiba,PR
82930,-25.45766435,-49.20575389,curitiba,PR
82940,-25.45766657,-49.21739575,curitiba,PR
82950,-25.4506064,-49.21744982,curitiba,PR
82960,-25.4668653,-49.20735939,curitiba,PR
82970,-25.47375856,-49.20348486,curitiba,PR
82980,-25.47109228,-49.1944926,curitiba,PR
82990,-25.46036692,-49.19678771,curitiba,PR
83000,-25.53746612,-49.20187274,sao jose dos pinhais,PR
83005,-25.53849935,-49.19950993,sao jose dos pinhais,PR
83010,-25.54232647,-49.18219515,sao jose dos pinhais,PR
83015,-25.56240376,-49.17116238,sao jose dos pinhais,PR
83020,-25.55842134,-49.19569702,sao jose dos pinhais,PR
83021,-25.60588162,-49.25221326,sao jose dos pinhais,PR
83025,-25.55799603,-49.20829633,sao jose dos pinhais,PR
83030,-25.53801004,-49.21421509,são josé dos pinhais,PR
83035,-25.52365995,-49.20582349,são josé dos pinhais,PR
83040,-25.5190026,-49.19298037,sao jose dos pinhais,PR
83045,-25.51287711,-49.18372655,sao jose dos pinhais,PR
83050,-25.49961106,-49.17715331,sao jose dos pinhais,PR
83055,-25.48371867,-49.16747345,são josé dos pinhais,PR
83060,-25.49258835,-49.14306523,sao jose dos pinhais,PR
83065,-25.51100221,-49.16173908,sao jose dos pinhais,PR
83070,-25.52021967,-49.12503305,sao jose dos pinhais,PR
83075,-25.53359816,-49.09013596,sao jose dos pinhais,PR
83085,-25.54721632,-49.14967896,sao jose dos pinhais,PR
83090,-25.60789194,-49.16735915,sao jose dos pinhais,PR
83091,-25.64774351,-49.17537197,sao jose dos pinhais,PR
83095,-25.69865518,-49.14725917,sao jose dos pinhais,PR
83115,-25.70067113,-49.14698171,sao jose dos pinhais,PR
83116,-25.66277149,-49.09909249,sao jose dos pinhais,PR
83190,-25.92044391,-49.17451985,tijucas do sul,PR
83203,-25.51697296,-48.51071562,paranagua,PR
83206,-25.52609899,-48.5229282,paranagua,PR
83209,-25.54315618,-48.53442891,paranagua,PR
83212,-25.55555423,-48.554266,paranagua,PR
83215,-25.5672666,-48.56507588,paranagua,PR
83218,-25.577998,-48.57677989,paranagua,PR
83220,-25.52851397,-48.51849383,paranagua,PR
83221,-25.5200258,-48.53487614,paranagua,PR
83250,-25.55342294,-48.62752423,alexandra,PR
83252,42.18400274,-8.723762148,ilha dos valadares,PR
83255,-25.64006448,-48.4276705,pontal do parana,PR
83260,-25.81313272,-48.53630464,matinhos,PR
83280,-25.88786696,-48.58448615,guaratuba,PR
83301,-25.44821993,-49.07368079,piraquara,PR
83302,-25.45176888,-49.10399294,piraquara,PR
83303,-25.43730263,-49.09267294,piraquara,PR
83304,-25.43178192,-49.05717405,piraquara,PR
83305,-25.44730743,-49.05054974,piraquara,PR
83306,-25.45533031,-49.06611536,piraquara,PR
83307,-25.46342533,-49.06321204,piraquara,PR
83308,-25.48592383,-49.12227263,piraquara,PR
83309,-25.52134767,-49.09130799,piraquara,PR
83310,-25.45239449,-49.14008483,piraquara,PR
83311,-25.46278823,-49.13903437,piraquara,PR
83312,-25.466398,-49.14738964,piraquara,PR
83314,-25.45192166,-49.15354761,piraquara,PR
83320,-25.43244434,-49.17709778,pinhais,PR
83321,-25.44680999,-49.17697276,pinhais,PR
83322,-25.45822498,-49.18497293,pinhais,PR
83323,-25.43722593,-49.19396559,pinhais,PR
83324,-25.42523487,-49.18911084,pinhais,PR
83325,-25.41514785,-49.18059029,pinhais,PR
83326,-25.40078201,-49.18511684,pinhais,PR
83327,-25.39809493,-49.16037646,pinhais,PR
83328,-25.41860711,-49.15082442,pinhais,PR
83330,-25.4312795,-49.15897628,pinhais,PR
83331,-25.44197895,-49.16065081,pinhais,PR
83350,-25.48218357,-48.82919132,morretes,PR
83360,-25.3544198,-48.87924887,porto de cima,PR
83370,-25.43470444,-48.71275354,antonina,PR
83390,-25.29716208,-48.32448447,guaraquecaba,PR
83401,-25.32203744,-49.23037207,colombo,PR
83402,-25.3474574,-49.2219422,colombo,PR
83403,-25.34541067,-49.21001568,colombo,PR
83404,-25.36227912,-49.20419578,colombo,PR
83405,-25.36373418,-49.19199132,colombo,PR
83406,-25.35238888,-49.19005511,colombo,PR
83407,-25.3415771,-49.18388081,colombo,PR
83408,-25.367475,-49.18419913,colombo,PR
83409,-25.37630077,-49.18238229,colombo,PR
83410,-25.35761115,-49.16301411,colombo,PR
83411,-25.33017432,-49.14948339,colombo,PR
83412,-25.36870869,-49.14390145,colombo,PR
83413,-25.38257091,-49.16877716,colombo,PR
83414,-25.2927424,-49.22278312,colombo,PR
83415,-25.28046767,-49.21563244,colombo,PR
83420,-25.3714036,-49.07690712,quatro barras,PR
83425,-25.39299943,-49.02960305,borda do campo,PR
83430,-25.34239807,-49.08604296,campina grande do sul,PR
83450,-25.21080605,-49.11175726,bocaiuva do sul,PR
83480,-24.9724114,-49.06251849,tunas do parana,PR
83490,-24.66614593,-48.97991927,adrianópolis,PR
83501,-25.31288086,-49.29186432,almirante tamandaré,PR
83502,-25.31789811,-49.27838207,almirante tamandare,PR
83503,-25.33032759,-49.27637136,almirante tamandare,PR
83504,-25.33398838,-49.26579301,almirante tamandaré,PR
83505,-25.3428881,-49.24992498,almirante tamandaré,PR
83506,-25.34279272,-49.27371725,almirante tamandare,PR
83507,-25.34180944,-49.29556761,almirante tamandare,PR
83508,-25.37389021,-49.30792182,almirante tamandare,PR
83511,-25.3491852,-49.30093727,almirante tamandare,PR
83512,-25.31680468,-49.30787113,almirante tamandare,PR
83513,-25.29449226,-49.30223011,almirante tamandare,PR
83514,-25.26304993,-49.30136328,almirante tamandaré,PR
83535,-25.37560692,-49.3860113,campo magro,PR
83540,-25.18076839,-49.31657304,rio branco do sul,PR
83560,-25.21325627,-49.35231919,itaperuçu,PR
83570,-24.82813754,-49.26372461,cerro azul,PR
83590,-24.57013737,-49.41848965,doutor ulysses,PR
83600,-25.46054078,-49.53037085,campo largo,PR
83601,-25.46054339,-49.52696341,campo largo,PR
83602,-25.4723113,-49.53896365,campo largo,PR
83603,-25.49147862,-49.52969593,campo largo,PR
83604,-25.46434177,-49.55552408,campo largo,PR
83605,-25.45102895,-49.55878493,campo largo,PR
83606,-25.44738041,-49.5307114,campo largo,PR
83607,-25.45348139,-49.5113195,campo largo,PR
83608,-25.44750445,-49.4412827,campo largo,PR
83609,-25.46150868,-49.42276072,campo largo,PR
83648,-25.33021924,-49.49161181,campo largo,PR
83650,-25.57349561,-49.62757016,balsa nova,PR
83660,-25.58109316,-48.35402079,bugre,PR
83700,-25.5949515,-49.41524475,araucaria,PR
83701,-25.5985139,-49.38893006,araucaria,PR
83702,-25.59086534,-49.40299274,araucaria,PR
83703,-25.58239467,-49.40533989,araucaria,PR
83704,-25.57423764,-49.41083979,araucaria,PR
83705,-25.56453768,-49.3953211,araucaria,PR
83706,-25.54492641,-49.38611701,araucária,PR
83707,-25.54452188,-49.36104448,araucaria,PR
83708,-25.58744668,-49.38348516,araucaria,PR
83709,-25.61276407,-49.37234952,araucaria,PR
83730,-25.67913471,-49.53535671,contenda,PR
83750,-25.76430781,-49.72037617,lapa,PR
83760,-25.50943248,-49.298553,mariental,PR
83800,-25.77038361,-49.32480185,mandirituba,PR
83810,-10.47824576,-41.01273996,areia branca dos assis,PR
83820,-25.64449514,-49.30091769,fazenda rio grande,PR
83823,-25.65991043,-49.29958269,fazenda rio grande,PR
83824,-25.67355284,-49.30512973,fazenda rio grande,PR
83825,-25.70066486,-49.3052354,fazenda rio grande,PR
83829,-25.65691328,-49.32542341,fazenda rio grande,PR
83830,-25.67317667,-49.32801202,fazenda rio grande,PR
83833,-25.64411709,-49.32255005,fazenda rio grande,PR
83840,-25.87255545,-49.49980722,quitandinha,PR
83850,-25.98745639,-49.33483628,agudos do sul,PR
83860,-26.09723979,-49.42823344,pien,PR
83870,-25.9855897,-49.67827342,campo do tenente,PR
83880,-26.09545225,-49.78817809,rio negro,PR
83900,-25.86988438,-50.38817308,sao mateus do sul,PR
83980,-25.97942229,-50.19180765,antonio olinto,PR
84010,-25.09434916,-50.16088307,ponta grossa,PR
84015,-25.07580511,-50.15949587,ponta grossa,PR
84016,-25.06705661,-50.14331265,ponta grossa,PR
84020,-25.07996039,-50.1325578,ponta grossa,PR
84021,-25.07476529,-50.1331967,ponta grossa,PR
84022,-25.06409142,-50.11216639,ponta grossa,PR
84025,-25.09100086,-50.13687154,ponta grossa,PR
84026,-25.10336994,-50.14200012,ponta grossa,PR
84030,-25.0872612,-50.10239618,ponta grossa,PR
84031,-25.09818022,-50.1178826,ponta grossa,PR
84032,-25.105888,-50.10739102,ponta grossa,PR
84033,-25.11658611,-50.11740022,ponta grossa,PR
84035,-25.10727191,-50.15243747,ponta grossa,PR
84036,-25.12619276,-50.14566868,ponta grossa,PR
84037,-25.1362636,-50.14170591,ponta grossa,PR
84040,-25.108614,-50.16175098,ponta grossa,PR
84043,-25.1547589,-50.14767263,ponta grossa,PR
84045,-25.12970348,-50.15685659,ponta grossa,PR
84046,-25.14282081,-50.16838386,ponta grossa,PR
84050,-25.10992655,-50.1705504,ponta grossa,PR
84051,-25.09943052,-50.17685103,ponta grossa,PR
84052,-25.09230458,-50.19416998,ponta grossa,PR
84053,-25.0870894,-50.18337728,ponta grossa,PR
84060,-25.11227621,-50.20716465,ponta grossa,PR
84061,-25.09601905,-50.20428154,ponta grossa,PR
84062,-25.08302745,-50.20252023,ponta grossa,PR
84063,-25.06665089,-50.2108099,ponta grossa,PR
84064,-25.05095382,-50.23272008,ponta grossa,PR
84065,-25.04880862,-50.26939041,ponta grossa,PR
84070,-25.07899379,-50.17726003,ponta grossa,PR
84071,-25.06504091,-50.17939756,ponta grossa,PR
84072,-25.05263079,-50.16963776,ponta grossa,PR
84073,-25.05713145,-50.16258466,ponta grossa,PR
84130,-25.42373222,-49.99647454,palmeira,PR
84140,-25.5482892,-49.8934132,porto amazonas,PR
84145,-24.94747017,-50.11924701,carambei,PR
84150,-25.68512123,-50.29866135,sao joao do triunfo,PR
84165,-24.79443571,-50.01041065,castro,PR
84168,-24.7756953,-50.00739531,castro,PR
84172,-24.79287621,-49.99313307,castro,PR
84173,-24.79227215,-49.99152017,castro,PR
84174,-24.80424559,-49.99052652,castro,PR
84178,-24.80689343,-50.00061681,castro,PR
84190,-24.77148596,-49.70829122,socavao,PR
84196,-23.70285272,-46.40155877,colonia castrolanda,PR
84200,-24.25770328,-49.7164234,jaguariaíva,PR
84220,-24.11367124,-49.46395944,senges,PR
84240,-24.53385608,-49.93937026,pirai do sul,PR
84250,-24.44827167,-50.75524073,imbau,PR
84261,-24.32893412,-50.61883732,telemaco borba,PR
84262,-24.32169497,-50.62186663,telemaco borba,PR
84263,-24.32455253,-50.61255227,telêmaco borba,PR
84264,-24.3405716,-50.61368259,telemaco borba,PR
84265,-24.33466372,-50.62532788,telemaco borba,PR
84266,-24.33266681,-50.63628635,telemaco borba,PR
84267,-24.32648069,-50.64050694,telêmaco borba,PR
84268,-24.32305484,-50.63333121,telemaco borba,PR
84269,-24.33252203,-50.65466666,telemaco borba,PR
84270,-24.31890807,-50.6477292,telemaco borba,PR
84271,-24.31774231,-50.65693941,telêmaco borba,PR
84272,-24.31590016,-50.63024406,telemaco borba,PR
84275,-24.25225756,-51.67606739,harmonia,PR
84280,-24.03814499,-50.45694395,curiuva,PR
84285,-23.85004622,-50.40301586,figueira,PR
84290,-23.91042066,-50.57946136,sapopema,PR
84300,-24.51531245,-50.41241255,tibagi,PR
84315,-24.6230045,-50.64059113,caetano mendes,PR
84320,-24.65263512,-50.84970323,reserva,PR
84345,-24.22802051,-50.25638813,ventania,PR
84350,-24.20557212,-50.93384062,ortigueira,PR
84400,-25.21513981,-50.98763401,prudentopolis,PR
84430,-25.22967701,-50.6038969,imbituva,PR
84435,-25.19069475,-50.80936362,guamiranga,PR
84450,-25.02262876,-50.58376883,ipiranga,PR
84460,-25.00748191,-50.85518837,ivai,PR
84465,-25.02984582,-50.80340416,bom jardim do sul,PR
84470,-24.57584176,-51.33282808,candido de abreu,PR
84500,-25.47409334,-50.6503594,irati,PR
84530,-25.37197566,-50.46208384,teixeira soares,PR
84535,-25.41566094,-50.55002326,fernandes pinheiro,PR
84550,-25.6232298,-50.69335042,reboucas,PR
84560,-25.72663591,-50.79004972,rio azul,PR
84570,-25.88390312,-50.82702616,mallet,PR
84600,-26.23055033,-51.08592559,uniao da vitoria,PR
84601,-26.25957285,-51.10012875,união da vitória,PR
84602,-26.24384224,-51.12172233,uniao da vitoria,PR
84603,-26.23060726,-51.06218785,união da vitória,PR
84604,-26.22275481,-51.04373793,uniao da vitoria,PR
84605,-26.21089118,-51.08695528,uniao da vitoria,PR
84607,-26.22380346,-51.06151182,união da vitória,PR
84608,-26.2024109,-51.05518149,uniao da vitoria,PR
84615,-26.16426129,-51.2249126,porto vitoria,PR
84620,-26.01648743,-51.34558778,cruz machado,PR
84630,-26.20546851,-50.93207217,paula freitas,PR
84635,-26.04781275,-50.8114891,paulo frontin,PR
84640,-26.15942977,-51.54775704,bituruna,PR
84660,-26.42119564,-51.31501632,general carneiro,PR
84900,-23.84212859,-50.19392933,ibaiti,PR
84914,-23.70714708,-50.22457281,ibaiti,PR
84920,-23.81199654,-50.14014251,japira,PR
84925,-23.78967572,-50.0586952,pinhalao,PR
84930,-23.74341344,-50.07335634,jaboti,PR
84935,-23.77762428,-49.95477557,tomazina,PR
84940,-23.6824465,-49.82328699,siqueira campos,PR
84945,-23.6052684,-49.62747583,salto do itararé,PR
84950,-23.87622677,-49.80225247,wenceslau braz,PR
84970,-23.75543198,-49.6277851,santana do itarare,PR
84980,-23.92861545,-49.66116448,sao jose da boa vista,PR
84990,-24.14259751,-49.82236723,arapoti,PR
85010,-25.39218841,-51.46696683,guarapuava,PR
85012,-25.40355863,-51.4601335,guarapuava,PR
85015,-25.40529447,-51.47110531,guarapuava,PR
85020,-25.40943214,-51.48719735,guarapuava,PR
85022,-25.41503045,-51.47454312,guarapuava,PR
85023,-25.41945324,-51.48277457,guarapuava,PR
85025,-25.39759396,-51.49119489,guarapuava,PR
85027,-25.40266354,-51.49800444,guarapuava,PR
85030,-25.38892289,-51.50599398,guarapuava,PR
85031,-25.41146364,-51.55703955,guarapuava,PR
85035,-25.38485133,-51.47851783,guarapuava,PR
85040,-25.37683628,-51.48977412,guarapuava,PR
85045,-25.37645745,-51.4816083,guarapuava,PR
85050,-25.35678733,-51.47442078,guarapuava,PR
85053,-25.35169023,-51.49108797,guarapuava,PR
85055,-25.37134305,-51.46922336,guarapuava,PR
85060,-25.37025447,-51.4612498,guarapuava,PR
85063,-25.36057576,-51.45676447,guarapuava,PR
85064,-25.3602982,-51.43808091,guarapuava,PR
85065,-25.38230982,-51.45456652,guarapuava,PR
85067,-25.37716206,-51.44397596,guarapuava,PR
85070,-25.39267325,-51.44997276,guarapuava,PR
85138,-25.53495725,-51.50634313,vitoria,PR
85139,-25.27280702,-50.07009121,vitoria,PR
85140,-25.56054287,-52.03598041,candói,PR
85145,-25.7360094,-52.1182434,foz do jordao,PR
85148,-25.11068777,-51.79716432,campina do simao,PR
85150,-25.03735361,-51.52809078,turvo,PR
85155,-25.57805436,-51.08117606,inacio martins,PR
85160,-25.37598783,-52.12301592,cantagalo,PR
85162,-25.19901197,-51.99496208,goioxim,PR
85168,-25.11387066,-52.25753673,marquinho,PR
85170,-25.69620754,-51.65710756,pinhao,PR
85174,-25.69174471,-51.66317663,pinhao,PR
85195,-25.81880916,-52.05039747,reserva do iguacu,PR
85200,-24.75784641,-51.76595818,pitanga,PR
85225,-24.8774909,-51.55373502,boa ventura de sao roque,PR
85230,-24.93066772,-51.88625667,santa maria do oeste,PR
85240,-24.70211122,-52.15916867,mato rico,PR
85250,-24.44253624,-51.94871842,nova tebas,PR
85260,-24.51763875,-51.67440944,manoel ribas,PR
85270,-24.88563459,-52.21014091,palmital,PR
85275,-24.89180013,-52.4775857,laranjal,PR
85280,-24.79939083,-52.71544878,altamira do parana,PR
85301,-25.40682967,-52.41264473,laranjeiras do sul,PR
85302,-25.41143996,-52.42123514,laranjeiras do sul,PR
85303,-25.39057454,-52.40399868,laranjeiras do sul,PR
85304,-25.40997028,-52.40475173,laranjeiras do sul,PR
85340,-25.49928263,-52.52485641,rio bonito do iguacu,PR
85345,-25.55134827,-52.41172547,porto barreiro,PR
85350,-25.30534604,-52.53942861,nova laranjeiras,PR
85390,-25.38208533,-52.20528584,virmond,PR
85400,-25.10033623,-52.86874618,guaraniacu,PR
85408,-25.04425548,-52.68087637,diamante do sul,PR
85410,-24.52717959,-53.259151,nova aurora,PR
85415,-24.6220596,-53.32239832,cafelandia,PR
85420,-24.79557436,-53.29792404,corbelia,PR
85422,-24.6391911,-53.21198494,ouro verde do piquiri,PR
85423,-24.71310856,-53.08699619,iguatu,PR
85425,-24.64486529,-53.13371122,anahy,PR
85430,-24.81869692,-53.11916932,braganey,PR
85440,-24.54241529,-52.98976116,ubirata,PR
85450,-25.03348379,-52.99204549,campo bonito,PR
85460,-25.45540767,-52.91314804,quedas do iguacu,PR
85465,-25.42405401,-52.83424961,espigao alto do iguacu,PR
85470,-25.20574484,-53.15364159,catanduvas,PR
85478,-25.11697347,-53.01516268,ibema,PR
85485,-25.42290052,-53.18387882,tres barras do parana,PR
85500,-26.25335225,-52.67281541,pato branco,PR
85501,-26.22641167,-52.67454718,pato branco,PR
85502,-26.23228325,-52.68459203,pato branco,PR
85503,-26.19873117,-52.68188086,pato branco,PR
85504,-26.21387447,-52.66643203,pato branco,PR
85505,-26.23025497,-52.66454031,pato branco,PR
85506,-26.24398629,-52.67428368,pato branco,PR
85507,-26.25434024,-52.67638703,pato branco,PR
85508,-26.26594745,-52.68368411,pato branco,PR
85509,-26.24117355,-52.70222772,pato branco,PR
85514,-26.09265662,-52.64537622,sao roque do chopim,PR
85515,-26.07492078,-52.83520328,bom sucesso do sul,PR
85520,-26.26619115,-52.78083415,vitorino,PR
85525,-26.35477874,-52.55433579,mariopolis,PR
85530,-26.4074802,-52.3569245,clevelandia,PR
85540,-25.94047436,-52.17787723,mangueirinha,PR
85548,-26.14929351,-52.38360439,honorio serpa,PR
85550,-25.98486571,-52.56760071,coronel vivida,PR
85555,-26.48501043,-51.99006235,palmas,PR
85557,-26.22369095,-52.03000072,coronel domingos soares,PR
85560,-25.85474664,-52.52992836,chopinzinho,PR
85565,-25.69991215,-52.72068813,sulina,PR
85568,-25.69432331,-52.61883751,saudade do iguaçu,PR
85570,-25.82648401,-52.72835493,são joão,PR
85571,-22.72656149,-43.44919547,dois irmãos,PR
85575,-25.70502961,-52.91874039,sao jorge doeste,PR
85579,-25.6082839,-53.00590849,sao jorge doeste,PR
85580,-25.96607749,-52.82023638,itapejara d'oeste,PR
85585,-25.87824273,-52.91251898,vere,PR
85598,-25.60092723,-53.12348313,cruzeiro do iguacu,PR
85601,-26.08062813,-53.05355217,francisco beltrao,PR
85602,-26.0688869,-53.0683715,francisco beltrao,PR
85603,-26.04430567,-53.06371355,francisco beltrao,PR
85604,-26.06470916,-53.05002995,francisco beltrao,PR
85605,-26.07200708,-53.04070517,francisco beltrao,PR
85606,-26.03586443,-53.05343802,francisco beltrao,PR
85610,-26.15788426,-52.97026792,renascenca,PR
85615,-26.14973579,-53.02966721,marmeleiro,PR
85618,-26.25580431,-53.30585265,flor da serra do sul,PR
85620,-26.17424888,-53.35974134,salgado filho,PR
85628,-26.14422231,-53.30975983,manfrinopolis,PR
85630,-25.94528425,-53.16149692,enéas marques,PR
85635,-25.89998373,-53.26151801,nova esperanca do sudoeste,PR
85640,-25.91985832,-53.47434393,ampere,PR
85650,-25.81371424,-53.47405237,santa izabel do oeste,PR
85660,-25.74885427,-53.06008829,dois vizinhos,PR
85670,-25.78387783,-53.30796526,salto do lontra,PR
85680,-25.63581905,-53.21447535,boa esperanca do iguacu,PR
85685,-25.63575211,-53.34729248,nova prata do iguacu,PR
85700,-26.25382355,-53.63388338,barracao,PR
85708,-26.1948066,-53.59867452,bom jesus do sul,PR
85710,-26.03664521,-53.67991948,santo antônio do sudoeste,PR
85727,-26.03031041,-53.48554131,pinhal de sao bento,PR
85730,-26.01815694,-53.73951203,pranchita,PR
85740,-25.82758306,-53.74067201,pérola d'oeste,PR
85745,-25.88018393,-53.66668916,bela vista da caroba,PR
85750,-25.72122318,-53.76382716,planalto,PR
85760,-25.66857274,-53.80378605,capanema,PR
85770,-25.76961905,-53.53398372,realeza,PR
85780,-25.43788548,-53.40870273,boa vista da aparecida,PR
85790,-25.48628269,-53.60248109,capitao leonidas marques,PR
85794,-23.54281128,-52.28910358,alto alegre do iguacu,PR
85795,-25.40571465,-53.56701386,santa lucia,PR
85801,-24.95918428,-53.462644,cascavel,PR
85802,-24.96646636,-53.46672977,cascavel,PR
85803,-24.98170955,-53.46092572,cascavel,PR
85804,-24.98648299,-53.49319711,cascavel,PR
85805,-24.96454619,-53.48488922,cascavel,PR
85806,-24.96014089,-53.50597434,cascavel,PR
85807,-24.94471439,-53.49030619,cascavel,PR
85808,-24.95132259,-53.51533968,cascavel,PR
85810,-24.9513833,-53.46685084,cascavel,PR
85811,-24.94065572,-53.46979999,cascavel,PR
85812,-24.94935913,-53.44792,cascavel,PR
85813,-24.93683432,-53.45161509,cascavel,PR
85814,-24.92049263,-53.42806068,cascavel,PR
85815,-24.93406855,-53.42368147,cascavel,PR
85816,-24.95175547,-53.42517181,cascavel,PR
85817,-24.94227485,-53.41014084,cascavel,PR
85818,-24.96853003,-53.4063687,cascavel,PR
85819,-24.97753183,-53.44604445,cascavel,PR
85820,-24.9135938,-53.45080696,cascavel,PR
85822,-24.82694,-53.64611,sede alvorada,PR
85824,-23.19519588,-47.2888854,rio do salto,PR
85825,-25.05343572,-53.61961344,santa tereza do oeste,PR
85826,-25.26763661,-53.57285653,lindoeste,PR
85830,-24.29602448,-53.31459702,formosa do oeste,PR
85833,-24.42980871,-53.35549284,iracema do oeste,PR
85835,-24.38414322,-53.38803562,jesuitas,PR
85840,-25.14708783,-53.85009653,céu azul,PR
85845,-25.06133234,-53.87779982,vera cruz do oeste,PR
85851,-25.54184471,-54.5848202,foz do iguacu,PR
85852,-25.53938045,-54.57505453,foz do iguaçu,PR
85853,-25.55569307,-54.56363111,foz do iguacu,PR
85854,-25.5683316,-54.56915629,foz do iguacu,PR
85855,-25.57952021,-54.56683508,foz do iguacu,PR
85856,-25.54046556,-54.55333024,foz do iguacu,PR
85857,-25.53155749,-54.55610058,foz do iguaçu,PR
85858,-25.52715687,-54.54193262,foz do iguacu,PR
85859,-25.51350023,-54.53488857,foz do iguacu,PR
85860,-25.50101678,-54.56892115,foz do iguacu,PR
85861,-25.50102563,-54.55781657,foz do iguacu,PR
85862,-25.48837101,-54.52164073,foz do iguaçu,PR
85863,-25.52417942,-54.56954812,foz do iguacu,PR
85864,-25.52249792,-54.58448285,foz do iguaçu,PR
85865,-25.51124719,-54.58574137,foz do iguacu,PR
85866,-25.4997525,-54.57455515,foz do iguacu,PR
85867,-25.47543737,-54.58499542,foz do iguacu,PR
85868,-25.48721939,-54.57631711,foz do iguacu,PR
85869,-25.4906515,-54.55736638,foz do iguacu,PR
85870,-25.45418136,-54.57108495,foz do iguacu,PR
85875,-25.44286212,-54.40276473,santa terezinha de itaipu,PR
85877,-25.3536066,-54.229506,sao miguel do iguacu,PR
85878,-25.36893898,-54.15871325,aurora do iguacu,PR
85880,-25.14798063,-54.30365145,itaipulandia,PR
85883,-23.16312249,-53.30779729,sao jose do itavo,PR
85884,-25.29320167,-54.09513422,medianeira,PR
85885,-25.41425503,-54.04109955,serranopolis do iguacu,PR
85887,-25.19778181,-53.90761015,matelandia,PR
85888,-25.11933896,-54.02840153,ramilandia,PR
85890,-25.09228098,-54.24220555,missal,PR
85892,-24.86740626,-54.33001889,santa helena,PR
85896,-24.94264819,-54.1039967,diamante d  oeste,PR
85898,-24.83583313,-54.06036421,sao jose das palmeiras,PR
85900,-24.72820752,-53.73992779,toledo,PR
85901,-24.73681551,-53.74065899,toledo,PR
85902,-24.73337101,-53.75223736,toledo,PR
85903,-24.71838581,-53.75896263,toledo,PR
85904,-24.71167357,-53.74760648,toledo,PR
85905,-24.71295584,-53.73495779,toledo,PR
85906,-24.72078245,-53.7204516,toledo,PR
85907,-24.74533577,-53.70889288,toledo,PR
85908,-24.73548775,-53.70736424,toledo,PR
85909,-24.73928474,-53.7236122,toledo,PR
85910,-24.74932632,-53.72542707,toledo,PR
85911,-24.76047207,-53.73334373,toledo,PR
85912,-24.75894683,-53.73518473,toledo,PR
85913,-24.75204985,-53.74273528,toledo,PR
85914,-24.74524258,-53.74630579,toledo,PR
85915,-24.76251531,-53.74363679,toledo,PR
85920,-24.67857529,-53.91597396,dez de maio,PR
85925,-24.62606,-53.75867,novo sobradinho,PR
85926,-24.57639729,-53.80082356,vila nova,PR
85927,-24.54738267,-53.89624568,novo sarandi,PR
85929,-24.91407193,-53.88664991,sao pedro do iguacu,PR
85930,-24.46238015,-53.95650432,nova santa rosa,PR
85933,-24.7737981,-53.90499629,ouro verde do oeste,PR
85935,-24.40202142,-53.51740412,assis chateaubriand,PR
85936,-24.41829109,-53.65571595,encantado d'oeste,PR
85937,-24.60938923,-53.61602851,bragantina,PR
85940,-24.57158708,-53.97646972,quatro pontes,PR
85945,-24.59905294,-53.50876662,tupassi,PR
85948,-24.62580914,-54.22673086,pato bragado,PR
85950,-24.2857972,-53.83767756,palotina,PR
85952,-24.19128917,-53.91280227,são camilo,PR
85955,-24.42130135,-53.82848895,maripá,PR
85957,-24.47957153,-53.79608646,maripa,PR
85960,-24.55452502,-54.05852496,marechal candido rondon,PR
85976,-24.48882263,-54.30449432,porto mendes,PR
85980,-24.08674453,-54.25118501,guaira,PR
85985,-24.25142723,-54.26580452,doutor oliveira castro,PR
85988,-24.70296646,-54.237448,entre rios do oeste,PR
85990,-24.16802945,-54.09723231,terra roxa,PR
85995,-24.3694678,-54.01523432,santa rita do oeste,PR
85998,-24.45200218,-54.16779977,mercedes,PR
86010,-23.31812709,-51.15713642,londrina,PR
86015,-23.3292551,-51.15944089,londrina,PR
86020,-23.31260107,-51.16717975,londrina,PR
86025,-23.29806172,-51.1641415,londrina,PR
86026,-23.31127857,-51.15708411,londrina,PR
86027,-23.30183213,-51.144676,londrina,PR
86030,-23.2945306,-51.12920015,londrina,PR
86031,-23.28399143,-51.12026146,londrina,PR
86032,-23.29040711,-51.09660497,londrina,PR
86035,-23.31108343,-51.13491706,londrina,PR
86036,-23.31709064,-51.12749401,londrina,PR
86037,-23.32095845,-51.11273864,londrina,PR
86038,-23.32741781,-51.12269895,londrina,PR
86039,-23.32082113,-51.14179623,londrina,PR
86040,-23.3389936,-51.13618615,londrina,PR
86041,-23.35560135,-51.13880601,londrina,PR
86042,-23.36805921,-51.14181653,londrina,PR
86043,-23.36468268,-51.13362124,londrina,PR
86044,-23.38649215,-51.13220711,londrina,PR
86045,-23.36707562,-51.15738496,londrina,PR
86046,-23.34785607,-51.14841421,londrina,PR
86047,-23.34696576,-51.17165906,londrina,PR
86049,-23.37150161,-51.15313957,londrina,PR
86050,-23.33133682,-51.17724545,londrina,PR
86055,-23.3344298,-51.18716563,londrina,PR
86056,-23.32745224,-51.2225026,londrina,PR
86057,-23.32330489,-51.20892468,londrina,PR
86058,-23.34848852,-51.20700006,londrina,PR
86060,-23.31244605,-51.17566619,londrina,PR
86061,-23.31205147,-51.17969767,londrina,PR
86062,-23.30564187,-51.18696094,londrina,PR
86063,-23.31178472,-51.19770031,londrina,PR
86065,-23.30386861,-51.20318766,londrina,PR
86066,-23.31348044,-51.21341174,londrina,PR
86067,-23.29305131,-51.22304205,londrina,PR
86070,-23.29642655,-51.18180203,londrina,PR
86071,-23.29280191,-51.19650278,londrina,PR
86072,-23.28672009,-51.2052685,londrina,PR
86073,-23.28153607,-51.18924553,londrina,PR
86075,-23.28680032,-51.16742205,londrina,PR
86076,-23.28625425,-51.17928262,londrina,PR
86077,-23.2775672,-51.16691812,londrina,PR
86078,-23.27727986,-51.15409433,londrina,PR
86079,-23.28734324,-51.15535065,londrina,PR
86080,-23.27624272,-51.18020459,londrina,PR
86081,-23.2664062,-51.18563601,londrina,PR
86082,-23.25772741,-51.1720223,londrina,PR
86083,-23.26633321,-51.17058521,londrina,PR
86084,-23.26731641,-51.1597044,londrina,PR
86085,-23.25254379,-51.14634612,londrina,PR
86086,-23.25742669,-51.13815334,londrina,PR
86087,-23.27405948,-51.14666275,londrina,PR
86088,-23.2626244,-51.14633031,londrina,PR
86089,-23.25130161,-51.20975385,londrina,PR
86112,-23.52858409,-51.08333863,paiquere,PR
86125,-23.72477074,-51.09605526,tamarana,PR
86130,-22.99362342,-51.19757668,bela vista do paraíso,PR
86140,-22.85364693,-51.0273129,primeiro de maio,PR
86150,-22.77924535,-51.22978684,alvorada do sul,PR
86160,-22.75239604,-51.3794348,porecatu,PR
86165,-22.86657256,-51.390543,florestopolis,PR
86170,-23.05906115,-51.03754167,sertanópolis,PR
86181,-23.27983623,-51.28352361,cambe,PR
86182,-23.27327456,-51.28164233,cambe,PR
86183,-23.27363606,-51.25545635,cambe,PR
86184,-23.2664579,-51.28044059,cambe,PR
86185,-23.28912596,-51.24296972,cambe,PR
86186,-23.29659765,-51.23994476,cambe,PR
86187,-23.30522949,-51.21943769,cambe,PR
86188,-23.30769155,-51.22668998,cambe,PR
86189,-23.298749,-51.25752265,cambé,PR
86191,-23.28575288,-51.26367785,cambe,PR
86192,-23.28594398,-51.27363972,cambe,PR
86200,-23.2694351,-51.0529404,ibipora,PR
86210,-23.25723467,-50.97085789,jataizinho,PR
86220,-23.37545128,-50.8458051,assai,PR
86225,-23.51844009,-50.78419091,santa cecilia do pavao,PR
86230,-23.33126668,-50.71854215,nova america da colina,PR
86240,-23.46501682,-50.76104049,são sebastião da amoreira,PR
86250,-23.5880551,-50.76292674,nova santa barbara,PR
86270,-23.71876945,-50.7422731,sao jeronimo da serra,PR
86280,-23.20253813,-50.79365219,urai,PR
86285,-23.23004916,-50.85865,cruzeiro do norte,PR
86290,-23.07176549,-50.91397511,rancho alegre,PR
86300,-23.18116108,-50.64960783,cornelio procopio,PR
86305,-23.20065816,-50.72307968,congonhas,PR
86310,-23.43390534,-50.56156092,nova fatima,PR
86315,-23.49290747,-50.64408394,santo antonio do paraiso,PR
86320,-23.55352204,-50.54992367,congonhinhas,PR
86330,-23.0792699,-50.75015201,leopolis,PR
86340,-23.03701332,-50.81787001,sertaneja,PR
86350,-23.14737777,-50.51898205,santa mariana,PR
86358,-22.95237875,-50.58627885,panema,PR
86360,-23.11189686,-50.3715514,bandeirantes,PR
86370,-23.26758774,-50.42845019,santa amelia,PR
86375,-23.01751924,-50.40658795,itambaraca,PR
86380,-23.04826807,-50.23062002,andira,PR
86385,-23.11271843,-50.17586043,barra do jacare,PR
86390,-23.04154707,-50.07527868,cambara,PR
86400,-23.15836743,-49.97662131,jacarezinho,PR
86410,-23.19653892,-49.75792891,ribeirao claro,PR
86420,-23.42771465,-49.71815635,carlopolis,PR
86430,-23.29514,-50.07564325,santo antonio da platina,PR
86450,-23.56744378,-49.91405971,quatigua,PR
86455,-23.5002126,-49.9218017,joaquim tavora,PR
86460,-23.3045227,-50.31097243,abatia,PR
86465,-23.51568494,-50.04347665,guapirama,PR
86470,-23.43804961,-50.24743638,jundiaí do sul,PR
86480,-23.62357589,-50.16927563,conselheiro mairinck,PR
86490,-23.40951042,-50.35787677,ribeirao do pinhal,PR
86600,-23.31247664,-51.36500347,rolandia,PR
86601,-23.30130968,-51.3634669,rolandia,PR
86602,-23.30310633,-51.39195523,rolandia,PR
86604,-23.31814778,-51.39161964,rolandia,PR
86605,-23.32271518,-51.37055098,rolandia,PR
86606,-23.33523489,-51.39339046,rolandia,PR
86609,-23.19514728,-51.44143908,são martinho,PR
86610,-23.11344954,-51.53313539,jaguapitã,PR
86613,-23.23387551,-51.58349223,pitangueiras,PR
86615,-22.9671495,-51.48492043,miraselva,PR
86618,-23.0397372,-51.44261266,prado ferreira,PR
86620,-22.96902837,-51.64818265,guaraci,PR
86625,-22.92991951,-51.71445908,bentopolis,PR
86630,-22.82140872,-51.59497707,centenario do sul,PR
86635,-22.75487329,-51.65830389,lupionopolis,PR
86640,-22.79033381,-51.71560039,cafeara,PR
86650,-22.69356462,-51.78896214,santo inacio,PR
86660,-22.63930305,-51.90361207,santa ines,PR
86670,-22.61740666,-51.96695093,itaguaje,PR
86680,-22.91407352,-51.79718109,nossa senhora das gracas,PR
86690,-22.83765387,-51.97342205,colorado,PR
86695,-22.89738839,-51.88850965,alto alegre,PR
86700,-23.41018623,-51.43533752,arapongas,PR
86701,-23.40919766,-51.4375872,arapongas,PR
86702,-23.39060658,-51.44664447,arapongas,PR
86703,-23.39318864,-51.41988498,arapongas,PR
86704,-23.39099272,-51.417137,arapongas,PR
86705,-23.40857294,-51.42299748,arapongas,PR
86706,-23.42790123,-51.42388542,arapongas,PR
86707,-23.42482038,-51.43366146,arapongas,PR
86708,-23.41486737,-51.44411994,arapongas,PR
86709,-23.41134633,-51.45694176,arapongas,PR
86710,-23.41896541,-51.432197,arapongas,PR
86711,-23.40794633,-51.45219639,arapongas,PR
86716,-23.39370548,-51.42441097,arapongas,PR
86720,-23.32111022,-51.55520232,sabaudia,PR
86730,-23.23667343,-51.66793387,astorga,PR
86742,-23.1744773,-51.67816677,santa zelia,PR
86744,-23.17058089,-51.63553457,icara,PR
86750,-23.20093207,-51.82949273,iguaracu,PR
86755,-23.19377886,-51.91627996,ângulo,PR
86760,-23.1482683,-51.77409685,munhoz de melo,PR
86770,-23.03962846,-51.81076126,santa fe,PR
86780,-23.08822366,-51.95504336,florida,PR
86790,-23.00997796,-51.95197225,lobato,PR
86800,-23.55447708,-51.46575603,apucarana,PR
86801,-23.55735761,-51.48681825,apucarana,PR
86802,-23.56946519,-51.46762548,apucarana,PR
86803,-23.53245534,-51.45639264,apucarana,PR
86804,-23.5406008,-51.45119612,apucarana,PR
86805,-23.54035897,-51.44209907,apucarana,PR
86806,-23.52629223,-51.43379322,apucarana,PR
86807,-23.54647439,-51.43800364,apucarana,PR
86808,-23.55482663,-51.45069562,apucarana,PR
86809,-23.56358967,-51.45464715,apucarana,PR
86810,-23.56951931,-51.4560179,apucarana,PR
86811,-23.56181319,-51.44324697,apucarana,PR
86812,-23.55392466,-51.42889212,apucarana,PR
86813,-23.57088473,-51.44210491,apucarana,PR
86818,-23.56248912,-51.51954817,apucarana,PR
86819,-23.61203455,-51.40843287,vila reis,PR
86820,-23.66552324,-51.35659668,california,PR
86825,-23.74800593,-51.30400991,marilândia do sul,PR
86828,-23.8996592,-51.22729766,maua da serra,PR
86830,-23.76272624,-51.41337623,rio bom,PR
86840,-23.99871143,-51.32361136,faxinal,PR
86845,-24.15085116,-51.49623551,grandes rios,PR
86848,-24.3242005,-51.31173154,rio branco do ivai,PR
86850,-24.25491202,-51.25146275,rosário do ivaí,PR
86855,-23.9940535,-51.44224002,cruzmaltina,PR
86860,-24.18024863,-51.69007247,jardim alegre,PR
86865,-24.08581769,-51.64490706,lidianopolis,PR
86870,-24.24639688,-51.67066763,ivaipora,PR
86880,-24.38354519,-51.58290044,ariranha do ivai,PR
86884,-24.31383233,-51.8049106,arapua,PR
86890,-23.60488887,-51.57907045,cambira,PR
86895,-23.76509056,-51.50670423,novo itacolomi,PR
86900,-23.60223509,-51.64407248,jandaia do sul,PR
86910,-23.70699811,-51.64023066,marumbi,PR
86920,-23.8286613,-51.67231734,kalore,PR
86925,-23.94031775,-51.5851805,borrazopolis,PR
86930,-23.99310521,-51.81946543,sao joao do ivai,PR
86931,-23.95750124,-51.91579376,luar,PR
86932,-24.09037504,-54.25582528,ubauna,PR
86935,-24.0783228,-51.7431589,lunardelli,PR
86938,-24.19441701,-51.92476732,godoy moreira,PR
86940,-23.70929149,-51.76783096,bom sucesso,PR
86945,-23.8927055,-51.8148159,são pedro do ivaí,PR
86950,-23.91581721,-51.97921937,fenix,PR
86960,-24.02743514,-52.00902402,barbosa ferraz,PR
86970,-24.10102912,-52.11709725,corumbatai do sul,PR
86975,-23.52211659,-51.67766336,mandaguari,PR
86990,-23.48392434,-51.7999091,marialva,PR
86995,-23.584743,-51.9027435,aquidaban,PR
87005,-23.44174076,-51.92749158,maringa,PR
87010,-23.43849894,-51.93518925,maringá,PR
87013,-23.42248646,-51.93840509,maringa,PR
87014,-23.42880265,-51.94819436,maringá,PR
87015,-23.42831976,-51.95833421,maringa,PR
87020,-23.41291431,-51.94203814,maringa,PR
87023,-23.39123315,-51.93529185,maringa,PR
87024,-23.370195,-51.94421232,maringa,PR
87025,-23.38247209,-51.92796649,maringa,PR
87030,-23.41377002,-51.9270699,maringa,PR
87031,-23.42197983,-51.93405378,maringa,PR
87033,-23.40050924,-51.91837733,maringa,PR
87035,-23.38779768,-51.90893074,maringa,PR
87040,-23.41374291,-51.90754329,maringa,PR
87043,-23.40126751,-51.89433305,maringa,PR
87045,-23.42413886,-51.89568586,maringa,PR
87047,-23.41443277,-51.88601799,maringa,PR
87050,-23.43113061,-51.91823532,maringa,PR
87053,-23.45840856,-51.91966281,maringa,PR
87055,-23.45147158,-51.9056211,maringa,PR
87060,-23.44903976,-51.95342305,maringa,PR
87062,-23.46502193,-51.95147926,maringá,PR
87063,-23.46819847,-51.92501587,maringa,PR
87065,-23.44506863,-51.97713082,maringá,PR
87070,-23.41289155,-51.98024958,maringa,PR
87075,-23.39560727,-51.97479746,maringa,PR
87080,-23.40740155,-51.95842308,maringa,PR
87083,-23.38764489,-51.9551937,maringa,PR
87103,-23.38085999,-52.05159326,maringá,PR
87105,-23.41230899,-51.93040255,maringa,PR
87110,-23.4416163,-51.87375716,sarandi,PR
87111,-23.44804126,-51.86996032,sarandi,PR
87112,-23.45545123,-51.87667941,sarandi,PR
87113,-23.43240456,-51.87363226,sarandi,PR
87114,-23.43345049,-51.86670281,sarandi,PR
87117,-23.47081998,-51.8760898,sarandi,PR
87118,-23.43795488,-51.87662626,sarandi,PR
87120,-23.61437407,-52.08279443,floresta,PR
87130,-23.61176466,-52.20673517,ivatuba,PR
87140,-23.45682094,-52.0399055,paicandu,PR
87145,-23.50180569,-52.15092592,paicandu,PR
87155,-23.55467968,-52.21848836,doutor camargo,PR
87160,-23.34495591,-52.09904826,mandaguacu,PR
87165,-23.34324718,-52.0932698,pulinopolis,PR
87170,-23.40463244,-52.1935518,ourizona,PR
87175,-23.65866075,-51.99112929,itambe,PR
87180,-23.27695559,-52.15409962,presidente castelo branco,PR
87185,-23.31880961,-52.3052557,florai,PR
87190,-23.43425488,-52.2922622,sao jorge do ivai,PR
87200,-23.65598596,-52.60966604,cianorte,PR
87201,-23.64631654,-52.61537677,cianorte,PR
87202,-23.6508786,-52.62870362,cianorte,PR
87203,-23.65634796,-52.62853973,cianorte,PR
87204,-23.65769692,-52.63190949,cianorte,PR
87205,-23.67187185,-52.63383656,cianorte,PR
87206,-23.68665064,-52.63310567,cianorte,PR
87207,-23.67423335,-52.62180075,cianorte,PR
87208,-23.67172583,-52.60875345,cianorte,PR
87209,-23.66444758,-52.59634307,cianorte,PR
87210,-23.65792369,-52.58993044,cianorte,PR
87214,-23.60511916,-52.51856025,cianorte,PR
87215,-23.38708098,-52.62702446,são manoel do paraná,PR
87220,-23.53547704,-52.58933521,sao tome,PR
87225,-23.47193621,-52.55552269,japura,PR
87230,-23.6227481,-52.47011838,jussara,PR
87235,-23.47947833,-52.69744178,indianopolis,PR
87240,-23.77185835,-52.448328,terra boa,PR
87250,-23.91624467,-52.3448382,peabiru,PR
87260,-23.92949573,-52.50064919,araruna,PR
87265,-23.85005184,-52.13212486,quinta do sol,PR
87270,-23.79869924,-52.2634235,engenheiro beltrao,PR
87275,-25.46173609,-49.28672191,ivailandia,PR
87280,-24.40993758,-52.10075796,iretama,PR
87290,-24.28428851,-52.27676818,luiziana,PR
87300,-24.04121893,-52.37165411,campo mourao,PR
87301,-24.04942754,-52.37656855,campo mourao,PR
87302,-24.04301032,-52.38609136,campo mourao,PR
87303,-24.03407849,-52.37564133,campo mourao,PR
87305,-24.04858487,-52.39984847,campo mourao,PR
87306,-24.05387579,-52.41469113,campo mourao,PR
87307,-24.04694444,-52.36576098,campo mourao,PR
87308,-24.02478033,-52.3720582,campo mourao,PR
87309,-24.02122661,-52.36079739,campo mourao,PR
87310,-24.01669007,-52.35317561,campo mourao,PR
87320,-24.59386743,-52.27799086,roncador,PR
87325,-24.09523143,-52.62324188,farol,PR
87330,-24.67235812,-52.57056261,nova cantu,PR
87340,-24.31425151,-52.52911314,mambore,PR
87345,-24.59241161,-52.8041532,campina da lagoa,PR
87355,-24.41926777,-52.84549518,juranda,PR
87357,-24.47461295,-52.87775898,rio verde,PR
87360,-24.18593626,-53.0256286,goioere,PR
87365,-24.27943033,-53.07417785,quarto centenario,PR
87370,-24.05154798,-53.00637297,moreira sales,PR
87375,-24.11038259,-52.88769155,paraná d'oeste,PR
87380,-24.13765419,-52.78320044,janiopolis,PR
87390,-24.24304919,-52.78696006,boa esperança,PR
87395,-24.30523188,-52.95708809,rancho alegre d'oeste,PR
87400,-23.80214564,-53.02969474,cruzeiro do oeste,PR
87408,-23.53190936,-53.08404426,sao silvestre,PR
87430,-23.73412685,-52.86613414,tapejara,PR
87450,-23.86598908,-52.87387848,tuneiras do oeste,PR
87470,-24.00996448,-53.15131914,mariluz,PR
87480,-23.61625128,-53.20597721,maria helena,PR
87485,-23.38303234,-53.29145499,douradina,PR
87490,-23.47191916,-53.08891529,nova olimpia,PR
87501,-23.76277097,-53.31031401,umuarama,PR
87502,-23.75941557,-53.2927837,umuarama,PR
87503,-23.76755927,-53.320878,umuarama,PR
87504,-23.7517376,-53.30072959,umuarama,PR
87505,-23.77030388,-53.29399644,umuarama,PR
87506,-23.78109675,-53.31828779,umuarama,PR
87507,-23.78692066,-53.29899398,umuarama,PR
87508,-23.77798227,-53.32903138,umuarama,PR
87509,-23.74259144,-53.31892352,umuarama,PR
87510,-23.76846276,-53.33462562,umuarama,PR
87518,-23.61953543,-53.38212068,serra dos dourados,PR
87520,-23.7695577,-53.19810146,umuarama,PR
87521,-23.52824837,-53.46536231,santa eliza,PR
87525,-23.40719629,-53.36950079,ivate,PR
87528,-23.50678668,-53.7291382,alto paraíso,PR
87530,-23.39316294,-53.6195027,icaraima,PR
87535,-23.73322468,-53.50189256,xambre,PR
87538,-23.89484681,-53.40752932,perobal,PR
87540,-23.80309588,-53.68155087,perola,PR
87545,-23.72449038,-53.81062627,esperanca nova,PR
87550,-23.87211335,-53.89365494,altonia,PR
87555,-23.76388846,-53.87916854,sao jorge do patrocinio,PR
87560,-24.00454023,-53.70900675,iporã,PR
87565,-23.90412223,-53.51358724,cafezal do sul,PR
87567,-24.24797457,-51.67601266,guaipora,PR
87569,-24.01213446,-53.53557412,jangada,PR
87570,-24.07622781,-53.85242397,francisco alves,PR
87575,-8.474008103,-35.74210989,rio bonito,PR
87580,-24.03226762,-53.43985747,alto piquiri,PR
87595,-24.19724923,-53.52711594,brasilândia do sul,PR
87600,-23.18538719,-52.20422372,nova esperança,PR
87630,-23.15165793,-52.05211507,atalaia,PR
87640,-23.08697377,-52.15756037,uniflor,PR
87650,-22.96302172,-52.16298861,cruzeiro do sul,PR
87660,-22.93102348,-52.15363036,paranacity,PR
87666,-22.93170864,-52.15463002,paranacity,PR
87670,-22.75120844,-52.1983238,inajá,PR
87680,-22.65683607,-52.08364868,paranapoema,PR
87690,-22.55257661,-52.03754597,jardim olinda,PR
87701,-23.08508942,-52.46287516,paranavai,PR
87702,-23.0788379,-52.46473187,paranavai,PR
87703,-23.06597471,-52.46455095,paranavai,PR
87704,-23.07716644,-52.4572323,paranavaí,PR
87705,-23.08105502,-52.45344953,paranavai,PR
87706,-23.07951123,-52.44205736,paranavaí,PR
87707,-23.08620416,-52.44664326,paranavaí,PR
87708,-23.09203454,-52.45462622,paranavai,PR
87709,-23.08002008,-52.46078988,paranavai,PR
87710,-23.09736566,-52.47918809,paranavai,PR
87711,-23.09668301,-52.46585884,paranavai,PR
87720,-23.06998862,-52.41585896,paranavai,PR
87722,-23.08450422,-52.60608207,graciosa,PR
87730,-22.73909644,-52.34601892,santo antonio do caiua,PR
87740,-22.85577892,-52.33677252,são joão do caiuá,PR
87750,-23.130349,-52.32030487,alto parana,PR
87760,-23.19956291,-52.49953937,tamboara,PR
87770,-23.31673735,-52.47715031,são carlos do ivaí,PR
87780,-23.28347574,-52.60400103,paraiso do norte,PR
87790,-23.17739396,-52.60534711,nova alianca do ivai,PR
87800,-23.41747191,-52.77267615,rondon,PR
87810,-23.34091978,-52.77687409,guaporema,PR
87820,-23.38261586,-52.94086175,cidade gaucha,PR
87830,-23.32009021,-53.07269394,tapira,PR
87840,-23.23649446,-52.76199118,mirador,PR
87850,-23.09499716,-52.78673516,amapora,PR
87860,-23.02212711,-52.92013456,planaltina do parana,PR
87880,-22.93866608,-52.68734914,guairaca,PR
87890,-22.72482409,-52.62259347,terra rica,PR
87895,-22.69400856,-52.71970731,adhemar de barros,PR
87900,-22.92938379,-53.13587259,loanda,PR
87910,-23.00518743,-53.19450167,santa isabel do ivai,PR
87913,-23.13224847,-53.27741207,sao jose do ivai,PR
87915,-23.13767654,-53.10458856,santa mônica,PR
87920,-22.95814977,-53.29485096,santa cruz de monte castelo,PR
87930,-23.08484822,-53.48453881,querencia do norte,PR
87950,-22.77507108,-53.26784037,porto rico,PR
87955,-22.82785724,-53.20903959,são pedro do paraná,PR
87957,-23.13076664,-53.2750369,porto sao jose,PR
87960,-22.73724581,-53.03334338,marilena,PR
87970,-22.7634966,-52.98829848,nova londrina,PR
87980,-22.72991469,-52.88541676,itauna do sul,PR
87990,-22.65891498,-52.86448993,diamante do norte,PR
88000,-27.46827815,-48.46685164,florianopolis,SC
88010,-27.59288344,-48.55247105,florianopolis,SC
88015,-27.58986747,-48.55115297,florianópolis,SC
88020,-27.59375775,-48.54431376,florianópolis,SC
88021,-27.61198912,-48.54466903,florianopolis,SC
88025,-27.57763362,-48.53548299,florianopolis,SC
88030,-27.56360122,-48.5135576,florianopolis,SC
88032,-27.52836712,-48.49191371,florianopolis,SC
88034,-27.58400215,-48.50167877,florianopolis,SC
88035,-27.59114102,-48.50917661,florianopolis,SC
88036,-27.58931688,-48.52246814,florianopolis,SC
88037,-27.60018256,-48.50691626,florianopolis,SC
88040,-27.60383116,-48.52356264,florianopolis,SC
88045,-27.60816707,-48.53358716,florianopolis,SC
88047,-27.65360149,-48.53093479,florianopolis,SC
88048,-27.65260839,-48.48245691,florianópolis,SC
88049,-27.68568473,-48.56035943,florianopolis,SC
88050,-27.51837638,-48.51627701,florianopolis,SC
88051,-27.49096198,-48.52769629,florianópolis,SC
88052,-27.47604343,-48.46088229,florianopolis,SC
88053,-27.44321331,-48.49832849,florianopolis,SC
88054,-27.43268584,-48.4658574,florianopolis,SC
88056,-27.41984239,-48.4264664,florianópolis,SC
88058,-27.44289541,-48.40148111,florianopolis,SC
88060,-27.48865801,-48.41497884,florianopolis,SC
88061,-27.58108462,-48.43113601,florianopolis,SC
88062,-27.60819165,-48.4707049,florianopolis,SC
88063,-27.68168782,-48.49077352,florianópolis,SC
88064,-27.72447275,-48.54188463,florianopolis,SC
88065,-27.68111457,-48.50645941,florianopolis,SC
88066,-27.72528232,-48.50654723,florianópolis,SC
88067,-27.78040191,-48.52147005,florianopolis,SC
88070,-27.59147078,-48.58315672,florianopolis,SC
88075,-27.58548603,-48.57989013,florianopolis,SC
88080,-27.60765861,-48.5809999,florianopolis,SC
88085,-27.60657305,-48.59271209,florianopolis,SC
88090,-27.59221371,-48.59546882,florianopolis,SC
88095,-27.58197084,-48.59476152,florianopolis,SC
88101,-27.59523243,-48.61759234,sao jose,SC
88102,-27.59580821,-48.61619711,sao jose,SC
88103,-27.60928206,-48.62909504,sao jose,SC
88104,-27.62112448,-48.63998885,sao jose,SC
88106,-27.6021917,-48.64242704,são josé,SC
88107,-27.58221913,-48.66658198,sao jose,SC
88108,-27.59062675,-48.62385433,sao jose,SC
88110,-27.5751927,-48.61831023,sao jose,SC
88111,-27.56633758,-48.6254662,sao jose,SC
88113,-27.55802381,-48.63172485,sao jose,SC
88115,-27.54287971,-48.63342615,sao jose,SC
88117,-27.57921734,-48.60759335,sao jose,SC
88119,-27.57535121,-48.64611679,sao jose,SC
88122,-27.59930555,-48.68313277,sao jose,SC
88123,-27.58312565,-48.71607744,sao jose,SC
88125,-27.56805874,-48.77751921,sao pedro de alcantara,SC
88130,-27.63653957,-48.65548932,palhoca,SC
88131,-27.65685288,-48.66658841,palhoca,SC
88132,-27.64689285,-48.68054504,palhoca,SC
88133,-27.62939454,-48.66448389,palhoça,SC
88134,-27.67954431,-48.65065385,palhoca,SC
88135,-27.67819855,-48.68709682,palhoça,SC
88136,-27.64082755,-48.70947771,palhoca,SC
88137,-27.65642095,-48.66583974,palhoça,SC
88138,-27.75392642,-48.63349416,palhoca,SC
88139,-27.88554368,-48.5907141,palhoca,SC
88140,-27.68741461,-48.77188914,santo amaro da imperatriz,SC
88150,-27.70103346,-48.83820956,aguas mornas,SC
88160,-27.50717024,-48.64488265,biguacu,SC
88161,-27.51307579,-48.65332172,biguacu,SC
88162,-27.52704193,-48.64345039,biguacu,SC
88164,-27.49323104,-48.66402654,biguacu,SC
88165,-27.47547139,-48.66246861,biguacu,SC
88168,-27.44350196,-48.63541145,biguacu,SC
88180,-27.51664988,-48.76884944,antonio carlos,SC
88190,-27.34336738,-48.55333035,governador celso ramos,SC
88200,-27.23924891,-48.63706692,tijucas,SC
88210,-27.15728167,-48.57004704,porto belo,SC
88215,-27.15657253,-48.50320379,bombinhas,SC
88220,-27.10477573,-48.6222962,itapema,SC
88230,-27.26570165,-48.76801764,canelinha,SC
88240,-27.27884982,-48.8512149,sao joao batista,SC
88260,-27.41804376,-48.99960162,major gercino,SC
88270,-27.28299944,-48.93077295,nova trento,SC
88295,-27.20082203,-49.07837366,botuvera,SC
88301,-26.91187688,-48.65639411,itajaí,SC
88302,-26.9173477,-48.65985593,itajai,SC
88303,-26.91257383,-48.67397975,itajai,SC
88304,-26.90295336,-48.67743433,itajai,SC
88305,-26.89332996,-48.67590411,itajaí,SC
88306,-26.93935159,-48.63936784,itajai,SC
88307,-26.92571132,-48.67879376,itajaí,SC
88308,-26.92325332,-48.69584108,itajai,SC
88309,-26.90392481,-48.69304952,itajai,SC
88310,-26.89263734,-48.69833814,itajai,SC
88311,-26.88407436,-48.70582801,itajai,SC
88312,-26.91193982,-48.70571294,itajai,SC
88313,-26.97130797,-48.68323247,itajai,SC
88316,-26.94374934,-48.7216359,itajai,SC
88317,-26.88923985,-48.73868084,itajai,SC
88318,-26.98747244,-48.79356043,itajai,SC
88320,-26.90254914,-48.82509102,ilhota,SC
88330,-26.99270429,-48.6321515,balneario camboriu,SC
88331,-26.96718397,-48.63572618,balneário camboriú,SC
88332,-27.01499701,-48.6053926,balneario camboriu,SC
88333,-28.08118637,-49.08096888,balneario camboriu,SC
88334,-27.05108683,-48.59435104,balneario camboriu,SC
88336,-27.02283908,-48.61482031,balneario camboriu,SC
88337,-27.00670252,-48.63626563,balneario camboriu,SC
88338,-26.97670724,-48.64453806,balneario camboriu,SC
88339,-26.93703986,-48.64531682,balneario camboriu,SC
88340,-27.02362385,-48.64826263,camboriu,SC
88341,-27.03446474,-48.65110999,camboriú,SC
88343,-27.03777859,-48.638733,camboriu,SC
88345,-27.03084886,-48.6620818,camboriu,SC
88347,-27.034452,-48.66295275,camboriu,SC
88348,-27.00182932,-48.65806134,camboriu,SC
88349,-26.98366745,-48.6819599,camboriu,SC
88350,-27.10572411,-48.93331823,brusque,SC
88351,-27.08507865,-48.9177557,brusque,SC
88352,-27.07661687,-48.89319473,brusque,SC
88353,-27.12105254,-48.91197616,brusque,SC
88354,-27.1096726,-48.92661184,brusque,SC
88355,-27.06773048,-48.90591293,brusque,SC
88356,-27.07408786,-48.86252513,brusque,SC
88357,-27.1523454,-48.89663457,brusque,SC
88358,-27.15697769,-48.93385853,brusque,SC
88359,-27.14779223,-48.95791798,brusque,SC
88360,-27.08859875,-48.97959806,guabiruba,SC
88370,-26.89066585,-48.65532839,navegantes,SC
88371,-26.87063355,-48.68303073,navegantes,SC
88372,-26.84343122,-48.63491567,navegantes,SC
88373,-26.84735674,-48.65856465,navegantes,SC
88374,-26.79606506,-48.75628939,navegantes,SC
88375,-26.87376777,-48.6728283,navegantes,SC
88380,-26.76077139,-48.68190978,balneário piçarras,SC
88385,-26.79083266,-48.63124274,penha,SC
88390,-26.66097015,-48.69195332,barra velha,SC
88395,-26.60213988,-48.79026092,são joão do itaperiú,SC
88400,-27.41720653,-49.59904654,ituporanga,SC
88405,-26.45,-50.83333,rio bonito,SC
88407,-27.58969203,-49.55069677,chapadao do lageado,SC
88410,-27.42132126,-49.78295003,atalanta,SC
88420,-27.40826207,-49.83008267,agrolandia,SC
88430,-27.52333028,-49.68728187,petrolândia,SC
88440,-27.4887327,-49.42224399,imbuia,SC
88443,-27.39110508,-49.35997463,vidal ramos,SC
88445,-27.50829819,-49.28979023,leoberto leal,SC
88450,-27.70013863,-49.33157442,alfredo wagner,SC
88460,-27.58206007,-48.98438664,angelina,SC
88470,-27.67265363,-49.02203224,rancho queimado,SC
88475,-27.90410601,-49.12855018,anitapolis,SC
88485,-27.89561585,-48.93100079,sao bonifacio,SC
88490,-27.97866549,-48.68271761,paulo lopes,SC
88495,-28.03873768,-48.63146333,garopaba,SC
88501,-27.81772375,-50.33075226,lages,SC
88502,-27.81475519,-50.32399181,lages,SC
88503,-27.8266052,-50.32797463,lages,SC
88504,-27.82180315,-50.34359933,lages,SC
88505,-27.80893865,-50.34466587,lages,SC
88506,-27.80137735,-50.3338312,lages,SC
88508,-27.80519764,-50.31391229,lages,SC
88509,-27.81744218,-50.31054351,lages,SC
88511,-27.83025739,-50.31505415,lages,SC
88512,-27.83821006,-50.34168916,lages,SC
88513,-27.84747748,-50.35547195,lages,SC
88514,-27.8234456,-50.36302559,lages,SC
88516,-27.80357207,-50.36975071,lages,SC
88517,-27.76322127,-50.33573032,lages,SC
88519,-27.78352861,-50.31320085,lages,SC
88520,-27.79475391,-50.30423018,lages,SC
88521,-27.78184785,-50.2919352,lages,SC
88523,-27.80553617,-50.30432379,lages,SC
88524,-27.79694182,-50.28545776,lages,SC
88525,-27.81332524,-50.28523695,lages,SC
88526,-27.82684622,-50.30693689,lages,SC
88535,-27.58416096,-50.3662246,correia pinto,SC
88538,-27.74380372,-49.92735136,bocaina do sul,SC
88540,-27.49899562,-50.11624713,otacilio costa,SC
88543,-27.93287861,-50.09923638,painel,SC
88545,-27.57356905,-50.15586492,palmeira,SC
88548,-27.9374358,-50.51100141,capao alto,SC
88550,-27.47720545,-50.37928938,ponte alta,SC
88570,-27.65910886,-50.58495361,sao jose do cerrito,SC
88580,-27.89980321,-50.75957819,campo belo do sul,SC
88585,-27.7967575,-50.87310646,cerro negro,SC
88590,-27.68725076,-51.12836797,anita garibaldi,SC
88598,-27.63320205,-51.3372396,celso ramos,SC
88600,-28.28918669,-49.93410075,sao joaquim,SC
88625,-27.95455565,-49.8798351,urupema,SC
88640,-28.32796737,-49.62151733,bom jardim da serra,SC
88650,-28.00216707,-49.58685791,urubici,SC
88658,-27.8632941,-49.78212356,rio rufino,SC
88680,-27.79835761,-49.48857308,bom retiro,SC
88701,-28.48714968,-49.00915005,tubarao,SC
88702,-28.49084275,-49.02567117,tubarao,SC
88703,-28.53230134,-49.05675256,tubarao,SC
88704,-28.47592154,-49.01172865,tubarao,SC
88705,-28.47887847,-48.99587861,tubarao,SC
88706,-28.48282393,-48.98398215,tubarao,SC
88708,-28.46287488,-49.02652804,tubarao,SC
88710,-28.5111852,-49.11513141,treze de maio,SC
88715,-28.63392099,-49.02415747,jaguaruna,SC
88717,-28.65956739,-49.11269113,sangao,SC
88720,-28.43635695,-49.18592075,pedras grandes,SC
88725,-28.49361,-49.22028,azambuja,SC
88730,-28.32938171,-49.17664483,sao ludgero,SC
88735,-28.32852526,-49.04995017,gravatal,SC
88740,-28.25976566,-49.01776009,armazem,SC
88745,-28.44363659,-48.95654042,capivari de baixo,SC
88750,-28.27430495,-49.16521173,braco do norte,SC
88760,-28.13522994,-49.11310644,rio fortuna,SC
88763,-28.03789966,-49.13002013,santa rosa de lima,SC
88765,-28.1660152,-48.97828657,sao martinho,SC
88770,-28.34104216,-48.81870591,imarui,SC
88780,-28.23188262,-48.67933195,imbituba,SC
88790,-28.47572858,-48.78465926,laguna,SC
88798,-28.3883267,-48.87285916,pescaria brava,SC
88801,-28.67677899,-49.36943093,criciuma,SC
88802,-28.68293482,-49.37021758,criciuma,SC
88803,-28.69510532,-49.37338392,criciuma,SC
88804,-28.69121147,-49.38705472,criciúma,SC
88805,-28.69848958,-49.40399722,criciuma,SC
88806,-28.69627508,-49.42946298,criciuma,SC
88807,-28.70321819,-49.43225983,criciúma,SC
88808,-28.7003474,-49.45498497,criciuma,SC
88809,-28.68143173,-49.38809896,criciúma,SC
88810,-28.66651724,-49.38364429,criciuma,SC
88811,-28.67192208,-49.36094693,criciuma,SC
88812,-28.76617764,-49.35338887,criciuma,SC
88813,-28.67803369,-49.33883528,criciúma,SC
88814,-28.76936454,-49.40812521,criciuma,SC
88815,-28.69203115,-49.3476258,criciuma,SC
88816,-28.71741741,-49.35531799,criciúma,SC
88817,-28.67385031,-49.41584884,criciúma,SC
88818,-28.66075111,-49.42416145,criciuma,SC
88819,-28.64503806,-49.43478752,criciuma,SC
88820,-28.71598012,-49.29965138,içara,SC
88828,-28.82761379,-49.23380837,balneario rincao,SC
88830,-28.65146141,-49.21095772,morro da fumaca,SC
88835,-28.60676113,-49.25156972,estacao cocal,SC
88840,-28.52368112,-49.31843747,urussanga,SC
88845,-28.59886945,-49.32524104,cocal do sul,SC
88850,-28.75313869,-49.47539267,forquilhinha,SC
88860,-28.60010402,-49.42665885,sideropolis,SC
88862,-28.50756362,-49.45960586,treviso,SC
88865,-28.65345753,-49.49953381,nova veneza,SC
88868,-25.77914642,-48.26006409,nossa senhora de caravaggio,SC
88870,-28.35750679,-49.2886736,orleans,SC
88880,-28.38824436,-49.40723796,lauro muller,SC
88890,-28.18438369,-49.21618662,grão pará,SC
88900,-28.93573288,-49.48086944,ararangua,SC
88901,-28.94404447,-49.49918341,ararangua,SC
88902,-28.96732796,-49.51954419,ararangua,SC
88904,-28.95312282,-49.49939695,araranguá,SC
88905,-28.94586373,-49.48379648,ararangua,SC
88906,-28.93900907,-49.46717345,ararangua,SC
88910,-29.02274972,-49.60485206,ararangua,SC
88911,-28.9386449,-49.37060077,araranguá,SC
88914,-28.98741728,-49.41824148,balneario arroio do silva,SC
88915,-28.85999261,-49.45152083,maracana,SC
88920,-28.83463988,-49.63181747,meleiro,SC
88923,-28.89994551,-49.54701569,sapiranga,SC
88925,-28.80342063,-49.71475496,morro grande,SC
88930,-28.92743931,-49.67863775,turvo,SC
88934,-28.67771289,-49.10966128,morro chato,SC
88935,-28.97421606,-49.63970271,ermo,SC
88940,-28.83206572,-49.8460269,timbe do sul,SC
88950,-28.99908497,-49.76175641,jacinto machado,SC
88955,-29.16236309,-49.59324966,balneario gaivota,SC
88960,-29.10846525,-49.63523203,sombrio,SC
88965,-29.13641504,-49.71729862,santa rosa do sul,SC
88970,-29.20963152,-49.80102047,sao joao do sul,SC
88980,-29.31530526,-49.72096151,passo de torres,SC
88990,-29.19597251,-49.95096883,praia grande,SC
89010,-26.92227762,-49.06578264,blumenau,SC
89012,-26.91005805,-49.07450194,blumenau,SC
89015,-26.91064531,-49.04316628,blumenau,SC
89016,-26.91076651,-49.09323843,blumenau,SC
89020,-26.92857559,-49.05836187,blumenau,SC
89021,-26.93780527,-49.06384462,blumenau,SC
89022,-26.94757258,-49.07072639,blumenau,SC
89023,-26.94994269,-49.076925,blumenau,SC
89025,-26.96695553,-49.05811575,blumenau,SC
89026,-26.96888009,-49.08280509,blumenau,SC
89027,-26.99360535,-49.08613826,blumenau,SC
89030,-26.89659437,-49.08294435,blumenau,SC
89031,-26.88895486,-49.10210454,blumenau,SC
89032,-26.90214036,-49.13668487,blumenau,SC
89035,-26.90504237,-49.08876649,blumenau,SC
89036,-26.91821683,-49.09395375,blumenau,SC
89037,-26.90515935,-49.10061377,blumenau,SC
89040,-26.92158,-49.12216247,blumenau,SC
89041,-26.91446933,-49.11226323,blumenau,SC
89042,-26.91167427,-49.13065214,blumenau,SC
89045,-26.93249203,-49.11906485,blumenau,SC
89046,-26.93202475,-49.14202875,blumenau,SC
89048,-26.91357148,-49.10539684,blumenau,SC
89050,-26.91200169,-49.05818506,blumenau,SC
89051,-26.89955305,-49.05977366,blumenau,SC
89052,-26.89102176,-49.07374246,blumenau,SC
89053,-26.87729828,-49.08144586,blumenau,SC
89055,-26.88099766,-49.06185805,blumenau,SC
89056,-26.87219352,-49.06993447,blumenau,SC
89057,-26.87024226,-49.05674796,blumenau,SC
89058,-26.85752128,-49.051324,blumenau,SC
89060,-26.84400548,-49.06776282,blumenau,SC
89062,-26.83000316,-49.08355471,blumenau,SC
89063,-26.79751891,-49.08142078,blumenau,SC
89065,-26.87170039,-49.10306986,blumenau,SC
89066,-26.84961799,-49.10829647,blumenau,SC
89068,-26.81916591,-49.09473857,blumenau,SC
89069,-26.79641141,-49.09590144,blumenau,SC
89070,-26.87378881,-49.12801197,blumenau,SC
89072,-26.88210256,-49.15628723,blumenau,SC
89074,-26.8552746,-49.1486395,blumenau,SC
89075,-26.73745109,-49.07917453,blumenau,SC
89080,-26.90277556,-49.24222292,indaial,SC
89082,-26.89486639,-49.25085522,indaial,SC
89083,-26.89717043,-49.26679764,indaial,SC
89084,-26.8808315,-49.24204897,indaial,SC
89085,-26.87115434,-49.23831412,indaial,SC
89086,-26.89755833,-49.21780332,indaial,SC
89087,-26.91513229,-49.22614086,indaial,SC
89095,-26.72554281,-49.07363206,blumenau,SC
89107,-26.73288587,-49.17013949,pomerode,SC
89108,-26.61021693,-49.00253405,massaranduba,SC
89110,-26.92112495,-48.96864751,gaspar,SC
89111,-26.90480972,-49.00409975,gaspar,SC
89112,-26.93931725,-48.95668928,gaspar,SC
89113,-26.9240109,-48.7026896,gaspar,SC
89114,-26.93513099,-48.93792722,gaspar,SC
89115,-26.82601034,-48.93025338,luiz alves,SC
89116,-26.91826832,-48.95854685,gaspar,SC
89117,-26.85192668,-49.02338253,gaspar,SC
89118,-26.82025418,-49.02722752,gaspar,SC
89120,-26.8276033,-49.27037623,timbo,SC
89121,-26.74255141,-49.27417288,rio dos cedros,SC
89124,-26.78186783,-49.37771998,benedito novo,SC
89126,-26.73381011,-49.47970647,doutor pedrinho,SC
89128,-26.71906513,-48.99619112,luiz alves,SC
89130,-26.89616424,-49.23851117,indaial,SC
89135,-27.03913714,-49.38762715,apiuna,SC
89136,-26.8893224,-49.35056297,rodeio,SC
89138,-26.95718708,-49.37627017,ascurra,SC
89140,-27.0565817,-49.52538129,ibirama,SC
89143,-27.04042963,-49.58810499,dalbergia,SC
89145,-26.95440887,-49.6291395,jose boiteux,SC
89148,-26.8755978,-49.83682182,vitor meireles,SC
89150,-27.05023888,-49.62755145,presidente getulio,SC
89155,-26.98701261,-49.7281445,dona emma,SC
89157,-26.92213323,-49.79044125,witmarsum,SC
89160,-27.21458658,-49.63772542,rio do sul,SC
89161,-27.19474784,-49.60212187,rio do sul,SC
89162,-27.18228119,-49.60640969,rio do sul,SC
89163,-27.20409308,-49.64975788,rio do sul,SC
89164,-27.22351774,-49.65999071,rio do sul,SC
89165,-27.2314164,-49.65747658,rio do sul,SC
89167,-27.22627965,-49.64006837,rio do sul,SC
89170,-27.22122429,-49.73148176,laurentino,SC
89172,-27.25778133,-49.93011923,pouso redondo,SC
89176,-27.3044255,-49.79617448,trombudo central,SC
89178,-27.3636628,-49.88749109,braço do trombudo,SC
89180,-27.19614273,-49.79595722,rio do oeste,SC
89182,-27.16868843,-49.5393196,lontras,SC
89184,-27.27980525,-49.38824775,presidente nereu,SC
89186,-27.31466219,-49.63680999,aurora,SC
89188,-27.26855204,-49.71196936,agronomica,SC
89190,-27.11839247,-49.99964698,taio,SC
89194,-27.19959324,-50.07037149,mirim doce,SC
89196,-26.98107493,-50.00490032,salete,SC
89198,-26.94596086,-50.13939942,rio do campo,SC
89199,-26.77229471,-50.0060694,santa terezinha,SC
89201,-26.3018509,-48.84839407,joinville,SC
89202,-26.31275611,-48.84347798,joinville,SC
89203,-26.31271261,-48.85721879,joinville,SC
89204,-26.28730662,-48.85180159,joinville,SC
89205,-26.30347488,-48.82495054,joinville,SC
89206,-26.30023352,-48.81620657,joinville,SC
89207,-26.32311697,-48.82953142,joinville,SC
89208,-26.34349031,-48.83274648,joinville,SC
89209,-26.35338644,-48.81399958,joinville,SC
89210,-26.33339382,-48.833371,joinville,SC
89211,-26.3317773,-48.84943205,joinville,SC
89212,-26.34475355,-48.8489766,joinville,SC
89213,-26.33684363,-48.86697605,joinville,SC
89214,-26.32827519,-48.88032526,joinville,SC
89215,-26.33399166,-48.90026214,joinville,SC
89216,-26.29854356,-48.86985831,joinville,SC
89217,-26.28707432,-48.87373981,joinville,SC
89218,-26.27253092,-48.86153165,joinville,SC
89219,-26.25131621,-48.87083438,joinville,SC
89220,-26.2707423,-48.88181769,joinville,SC
89221,-26.28189397,-48.83991422,joinville,SC
89222,-26.26782384,-48.84491848,joinville,SC
89223,-26.25195349,-48.84337094,joinville,SC
89224,-26.26448501,-48.80725553,joinville,SC
89225,-26.24954753,-48.80822565,joinville,SC
89226,-26.23119626,-48.81857552,joinville,SC
89227,-26.27482844,-48.82034247,joinville,SC
89228,-26.28013264,-48.79651787,joinville,SC
89229,-26.32228062,-48.81518003,joinville,SC
89230,-26.33267481,-48.80469807,joinville,SC
89231,-26.34763055,-48.78972449,joinville,SC
89232,-26.35802353,-48.83341946,joinville,SC
89233,-26.37046782,-48.83912822,joinville,SC
89234,-26.34506467,-48.77267373,joinville,SC
89235,-26.36933419,-48.82366993,joinville,SC
89237,-26.28728798,-48.90755352,joinville,SC
89239,-26.2001747,-48.90661077,joinville,SC
89240,-26.24556371,-48.60788896,sao francisco do sul,SC
89245,-26.40737835,-48.75811273,araquari,SC
89246,-26.54625676,-48.71381331,itapocu,SC
89247,-26.45762331,-48.61705263,balneario barra do sul,SC
89248,-26.03460238,-48.85354112,garuva,SC
89249,-26.07645077,-48.61113272,itapoa,SC
89251,-26.48669076,-49.08123612,jaragua do sul,SC
89252,-26.48573224,-49.09671165,jaragua do sul,SC
89253,-26.49798734,-49.10356284,jaragua do sul,SC
89254,-26.47103679,-49.11565414,jaragua do sul,SC
89255,-26.46736049,-49.09306184,jaragua do sul,SC
89256,-26.48129392,-49.05851758,jaragua do sul,SC
89257,-26.45225037,-49.05465295,jaragua do sul,SC
89258,-26.49158092,-49.05208077,jaragua do sul,SC
89259,-26.50051193,-49.08529234,jaragua do sul,SC
89260,-26.51237947,-49.13306384,jaraguá do sul,SC
89261,-26.53544074,-49.13242728,jaraguá do sul,SC
89262,-26.5271497,-49.13460624,jaragua do sul,SC
89264,-26.54386828,-49.15230164,jaragua do sul,SC
89265,-26.45862613,-49.17126354,jaragua do sul,SC
89266,-26.43403425,-49.13869847,jaragua do sul,SC
89267,-26.36642338,-49.12505341,jaraguá do sul,SC
89270,-26.4735333,-48.98379769,guaramirim,SC
89275,-26.40544514,-49.07474484,schroeder,SC
89278,-26.43197747,-49.24761457,corupa,SC
89280,-26.24961137,-49.38023608,sao bento do sul,SC
89281,-26.24031551,-49.36887447,sao bento do sul,SC
89282,-26.23149342,-49.34693598,sao bento do sul,SC
89283,-26.24274375,-49.34614125,sao bento do sul,SC
89284,-26.21407422,-49.3786226,sao bento do sul,SC
89285,-26.21205578,-49.40306359,sao bento do sul,SC
89286,-26.22381051,-49.4188,sao bento do sul,SC
89287,-26.23982455,-49.39522935,sao bento do sul,SC
89288,-26.23219398,-49.41188227,sao bento do sul,SC
89289,-26.24720772,-49.44998262,sao bento do sul,SC
89290,-26.25819528,-49.37917542,sao bento do sul,SC
89291,-26.277549,-49.39998975,sao bento do sul,SC
89292,-26.28052969,-49.36699983,sao bento do sul,SC
89294,-26.17214405,-49.33601245,campo alegre,SC
89295,-26.25613892,-49.5215321,rio negrinho,SC
89300,-26.12585603,-49.8125307,mafra,SC
89340,-26.34568104,-49.9083089,itaiopolis,SC
89370,-26.40493105,-50.14577091,papanduva,SC
89380,-26.4609474,-50.23037015,monte castelo,SC
89384,-26.45557111,-50.23906175,residencia fuck,SC
89400,-26.24799549,-51.07950026,porto uniao,SC
89410,-26.52900555,-50.34219683,santa cruz do timbo,SC
89420,-26.47219887,-51.15318556,matos costa,SC
89430,-26.6029312,-51.09908927,calmon,SC
89440,-26.24380779,-50.79739878,irineópolis,SC
89460,-26.17842968,-50.39172923,canoinhas,SC
89478,-26.27505963,-50.46452165,bela vista do toldo,SC
89480,-26.36576202,-50.3269463,major vieira,SC
89490,-26.12304939,-50.3161873,tres barras,SC
89500,-26.77819455,-51.01186247,cacador,SC
89501,-26.79906957,-51.0002135,cacador,SC
89503,-26.78611543,-51.02143892,caçador,SC
89504,-26.77570475,-51.02952457,caçador,SC
89505,-26.76920056,-51.03491714,cacador,SC
89506,-26.76583235,-51.01721273,cacador,SC
89507,-26.77161569,-51.00440329,caçador,SC
89509,-26.78121251,-50.98722278,cacador,SC
89510,-26.78865411,-50.99336006,cacador,SC
89511,-26.79103135,-50.97891645,cacador,SC
89515,-26.93379905,-50.69018354,lebon regis,SC
89518,-26.85540718,-51.3757867,macieira,SC
89520,-27.29094873,-50.57736114,curitibanos,SC
89530,-27.17618358,-50.80152181,frei rogerio,SC
89533,-27.24012322,-50.44060576,sao cristovao do sul,SC
89535,-27.1641186,-50.46914219,ponte alta do norte,SC
89540,-26.96028282,-50.41834564,santa cecília,SC
89545,-26.61279408,-50.67913451,timbó grande,SC
89550,-26.89331087,-51.05648215,rio das antas,SC
89555,-26.93998451,-51.11094482,rio das antas,SC
89558,-27.00190812,-51.24030089,iomere,SC
89560,-27.00447651,-51.1525371,videira,SC
89570,-27.04759069,-51.23057863,pinheiro preto,SC
89580,-27.02980781,-50.92124249,fraiburgo,SC
89590,-26.92851131,-51.33512253,arroio trinta,SC
89595,-26.90668924,-51.40612862,salto veloso,SC
89600,-27.17211551,-51.50903853,joacaba,SC
89609,-27.13009682,-51.46875053,luzerna,SC
89610,-27.17358063,-51.49262119,herval d'oeste,SC
89613,-27.27575398,-51.44360512,erval velho,SC
89618,-27.21094278,-50.97304572,monte carlo,SC
89620,-27.39905524,-51.22556496,campos novos,SC
89633,-27.45577776,-51.55171978,zortéa,SC
89634,-27.31744849,-50.84043213,brunopolis,SC
89636,-27.60881831,-51.02488532,abdon batista,SC
89638,-27.49211265,-50.97610178,vargem,SC
89640,-27.09085661,-51.3687799,ibicare,SC
89642,-27.10152535,-51.24670885,tangara,SC
89650,-26.99852132,-51.41157984,treze tilias,SC
89652,-27.18092953,-51.23734403,ibiam,SC
89654,-26.99786613,-51.55501968,agua doce,SC
89660,-27.26305845,-51.56473243,lacerdopolis,SC
89663,-27.3337002,-51.60525901,ouro,SC
89665,-27.35186412,-51.60580689,capinzal,SC
89667,-27.4209993,-51.77517148,piratuba,SC
89669,-27.40628126,-51.77521528,ipira,SC
89670,-27.07029248,-51.65997041,catanduvas,SC
89675,-26.98691645,-51.75354053,vargem bonita,SC
89677,-27.17288787,-51.73579619,jabora,SC
89680,-27.02393184,-51.89536408,irani,SC
89683,-26.8724596,-52.01530607,ponte serrada,SC
89687,-26.78071924,-52.0588282,passos maia,SC
89690,-26.85548255,-52.15002292,vargeao,SC
89694,-26.85025664,-52.2591776,faxinal dos guedes,SC
89700,-27.23074143,-52.02442356,concordia,SC
89701,-27.21992557,-52.0232799,concordia,SC
89703,-27.2210897,-52.03899885,concórdia,SC
89705,-27.23090863,-52.0454811,concordia,SC
89707,-27.23760453,-52.03977414,concordia,SC
89708,-27.24215922,-52.03123876,concordia,SC
89709,-27.24414435,-52.0236061,concordia,SC
89710,-27.23843068,-52.02201714,concordia,SC
89711,-27.23057561,-51.99829194,concordia,SC
89712,-27.24271335,-51.95350322,concordia,SC
89713,-27.19024225,-51.93892682,concordia,SC
89730,-27.43174403,-51.90678113,alto bela vista,SC
89735,-27.04855633,-52.08297158,lindoia do sul,SC
89740,-27.15840379,-52.14243276,arabuta,SC
89745,-27.22240505,-51.80675707,presidente castello branco,SC
89750,-27.37274382,-51.90567427,peritiba,SC
89760,-27.26921549,-52.33914528,ita,SC
89765,-27.25496053,-52.49947088,paial,SC
89770,-27.16080213,-52.31539991,seara,SC
89778,-27.07840901,-52.45510634,arvoredo,SC
89780,-27.03885879,-52.33428687,xavantina,SC
89790,-27.07532907,-52.13637785,ipumirim,SC
89801,-27.09944774,-52.61009713,chapeco,SC
89802,-27.10303858,-52.62044255,chapeco,SC
89803,-27.0954399,-52.6320712,chapeco,SC
89804,-27.07912025,-52.63178301,chapeco,SC
89805,-27.07813887,-52.61566316,chapeco,SC
89806,-27.09265086,-52.5935926,chapecó,SC
89809,-27.09830912,-52.67127859,chapecó,SC
89810,-27.06081786,-52.63552877,chapeco,SC
89812,-27.11449604,-52.60281234,chapeco,SC
89813,-27.1389402,-52.59715571,chapeco,SC
89814,-27.11615877,-52.61603462,chapeco,SC
89815,-27.12232593,-52.62427155,chapeco,SC
89817,-27.12395067,-52.75828602,guatambu,SC
89818,-26.94061306,-52.81516974,nova itaberaba,SC
89819,-26.98638857,-52.60331776,cordilheira alta,SC
89820,-26.8764151,-52.40399466,xanxere,SC
89824,-26.73415943,-52.39024294,bom jesus,SC
89825,-26.95943666,-52.53171511,xaxim,SC
89828,-26.85762445,-52.56748084,lajeado grande,SC
89830,-26.56537536,-52.32532804,abelardo luz,SC
89832,-26.63452734,-52.45465088,ipuacu,SC
89834,-26.69299697,-52.30972368,ouro verde,SC
89835,-26.55993566,-52.53337815,sao domingos,SC
89837,-26.51197407,-52.66907659,coronel martins,SC
89838,-26.45540159,-52.68805589,galvao,SC
89839,-26.39705451,-52.73042137,jupiá,SC
89840,-26.90692805,-52.70313049,coronel freitas,SC
89843,-26.88121529,-52.86017603,águas frias,SC
89845,-26.77388731,-52.85390191,união do oeste,SC
89848,-26.72059535,-52.85814815,jardinopolis,SC
89850,-26.72835326,-52.71900045,quilombo,SC
89854,-26.63397839,-52.67508877,santiago do sul,SC
89855,-26.737664,-52.96596022,sul brasil,SC
89856,-26.65614078,-52.89509794,irati,SC
89859,-26.64757821,-52.79344482,formosa do sul,SC
89860,-26.80288967,-52.62655235,marema,SC
89862,-26.72430826,-52.55984993,entre rios,SC
89865,-26.90380516,-52.90589294,nova erechim,SC
89868,-26.9253676,-53.00431265,saudades,SC
89870,-26.84793974,-52.98723222,pinhalzinho,SC
89871,-26.72450114,-53.04368289,serra alta,SC
89872,-26.77518402,-53.05457275,modelo,SC
89874,-26.76740366,-53.18449912,maravilha,SC
89875,-26.68569359,-53.15673418,tigrinhos,SC
89878,-26.7797477,-53.34540926,flor do sertão,SC
89879,-26.69194106,-53.25418967,sao miguel da boa vista,SC
89880,-27.15705279,-52.8853698,caxambu do sul,SC
89882,-27.07137465,-52.86605252,planalto alegre,SC
89883,-27.07395295,-52.98477355,águas de chapecó,SC
89885,-27.08077268,-53.00567277,sao carlos,SC
89886,-26.97423833,-53.09209453,cunhatai,SC
89887,-27.07140701,-53.1624449,palmitos,SC
89888,-27.07434623,-53.24935702,caibi,SC
89890,-26.891057,-53.17166652,cunha pora,SC
89891,-26.82314689,-53.28163081,iraceminha,SC
89893,-27.10157512,-53.40036187,mondai,SC
89895,-27.05960959,-53.32609304,riqueza,SC
89896,-27.17141342,-53.71479711,itapiranga,SC
89897,-27.19822715,-53.31941235,sao joao do oeste,SC
89898,-26.97125666,-53.63890294,tunapolis,SC
89899,-26.98799919,-53.53230099,ipora do oeste,SC
89900,-26.73341376,-53.51752991,sao miguel do oeste,SC
89905,-26.76756527,-53.64012487,bandeirante,SC
89906,-26.62247495,-53.67563706,paraiso,SC
89908,-26.67633268,-53.3197248,romelândia,SC
89909,-26.6549132,-53.43887791,barra bonita,SC
89910,-26.82439848,-53.50260706,descanso,SC
89915,-26.93238749,-53.61566984,santa helena,SC
89920,-26.59902065,-53.52117874,guaraciaba,SC
89925,-26.84354627,-53.58044131,belmonte,SC
89930,-26.4544142,-53.50307872,sao jose do cedro,SC
89935,-26.44231855,-53.60161672,princesa,SC
89940,-26.38789924,-53.52755352,guaruja do sul,SC
89950,-26.25850208,-53.63606883,dionisio cerqueira,SC
89970,-26.53662393,-53.33140901,anchieta,SC
89980,-26.39536028,-53.08044808,campo erê,SC
89982,-26.47325807,-52.96469591,sao bernardino,SC
89983,-26.601978,-53.1683405,santa terezinha do progresso,SC
89985,-26.34844941,-53.27739176,palma sola,SC
89990,-26.36316327,-52.85066559,sao lourenco do oeste,SC
89998,-26.45080476,-52.82987614,novo horizonte,SC
90001,-30.02836361,-51.23058931,porto alegre,RS
90002,-30.02836361,-51.23058931,porto alegre,RS
90010,-30.03321276,-51.2314379,porto alegre,RS
90013,-30.03731025,-51.23670003,porto alegre,RS
90018,-30.02950833,-51.23240151,porto alegre,RS
90020,-30.03058947,-51.22769725,porto alegre,RS
90022,-30.89900526,-51.77328646,porto alegre,RS
90027,-30.0301244,-51.23034499,porto alegre,RS
90029,-30.03203171,-51.23599079,porto alegre,RS
90030,-30.02682373,-51.22181388,porto alegre,RS
90035,-30.0313322,-51.2128024,porto alegre,RS
90038,-30.02634629,-51.22249899,porto alegre,RS
90040,-30.0411614,-51.21366068,porto alegre,RS
90050,-30.03962892,-51.2226331,porto alegre,RS
90090,-30.01319616,-51.25715993,porto alegre,RS
90110,-30.04966226,-51.22708167,porto alegre,RS
90119,-30.04153046,-51.22878262,porto alegre,RS
90120,-30.0377606,-51.18020369,porto alegre,RS
90130,-30.05222609,-51.22090602,porto alegre,RS
90150,-30.05256828,-51.22167277,porto alegre,RS
90160,-30.05100724,-51.21795745,porto alegre,RS
90169,-30.04835024,-51.21768843,porto alegre,RS
90170,-30.04420237,-51.22582051,porto alegre,RS
90200,-29.98293522,-51.16871876,porto alegre,RS
90220,-30.02113693,-51.20967418,porto alegre,RS
90230,-30.00818157,-51.20130444,porto alegre,RS
90231,-30.00977543,-51.20172574,porto alegre,RS
90240,-30.00409696,-51.196319,porto alegre,RS
90241,-30.00585297,-51.2047144,porto alegre,RS
90245,-29.98395842,-51.19346699,porto alegre,RS
90250,-29.98160993,-51.18858637,porto alegre,RS
90251,-29.9737755,-51.19155225,porto alegre,RS
90410,-30.04134987,-51.18608913,porto alegre,RS
90420,-30.03578099,-51.20115101,porto alegre,RS
90430,-30.02970198,-51.20251936,porto alegre,RS
90440,-30.02767636,-51.19455587,porto alegre,RS
90450,-30.02899817,-51.18923931,porto alegre,RS
90460,-30.04001803,-51.18716449,porto alegre,RS
90470,-30.03351365,-51.18047299,porto alegre,RS
90480,-30.02640325,-51.18035215,porto alegre,RS
90510,-30.02457932,-51.19988617,porto alegre,RS
90520,-30.01607296,-51.17892133,porto alegre,RS
90540,-30.01745129,-51.18959332,porto alegre,RS
90550,-30.01356848,-51.19024852,porto alegre,RS
90560,-30.02068867,-51.20070598,porto alegre,RS
90570,-30.02197079,-51.20246392,porto alegre,RS
90610,-30.05078486,-51.19506123,porto alegre,RS
90619,-30.05708667,-51.17418115,porto alegre,RS
90620,-30.04992483,-51.20192264,porto alegre,RS
90630,-30.04356787,-51.19507108,porto alegre,RS
90640,-30.05280822,-51.20349941,porto alegre,RS
90650,-30.05473666,-51.19956059,porto alegre,RS
90660,-30.06516542,-51.19984085,porto alegre,RS
90670,-30.04880623,-51.18867453,porto alegre,RS
90680,-30.06470924,-51.1922932,porto alegre,RS
90690,-30.05051886,-51.17985547,porto alegre,RS
90771,-30.15809112,-51.21417966,porto alegre,RS
90810,-30.07796615,-51.23964117,porto alegre,RS
90820,-30.0904677,-51.23553037,porto alegre,RS
90830,-30.08987671,-51.22679401,porto alegre,RS
90840,-30.07754345,-51.22280086,porto alegre,RS
90850,-30.0657869,-51.22599388,porto alegre,RS
90870,-30.07397577,-51.20920967,porto alegre,RS
90880,-30.06081357,-51.2161094,porto alegre,RS
91010,-30.01005033,-51.16625545,porto alegre,RS
91020,-30.00356368,-51.19188094,porto alegre,RS
91030,-30.00701531,-51.17488774,porto alegre,RS
91040,-30.00571773,-51.16054266,porto alegre,RS
91050,-30.00440383,-51.15204319,porto alegre,RS
91060,-30.00270667,-51.14562529,porto alegre,RS
91110,-30.00012858,-51.13647315,porto alegre,RS
91120,-29.98452568,-51.13010042,porto alegre,RS
91130,-30.00435294,-51.13114719,porto alegre,RS
91140,-29.98812284,-51.11775253,porto alegre,RS
91150,-30.00326018,-51.11873514,porto alegre,RS
91160,-29.99556507,-51.1025402,porto alegre,RS
91170,-29.99999504,-51.09626346,porto alegre,RS
91175,-29.97593024,-51.19591931,porto alegre,RS
91180,-30.01031645,-51.10605319,porto alegre,RS
91210,-30.03800906,-51.14462656,porto alegre,RS
91215,-30.03045274,-51.14038527,porto alegre,RS
91220,-30.0190078,-51.13751773,porto alegre,RS
91225,-30.03463106,-51.14627606,porto alegre,RS
91230,-30.01829886,-51.12547951,porto alegre,RS
91240,-30.02299576,-51.11660296,porto alegre,RS
91250,-30.0226299,-51.10505233,porto alegre,RS
91260,-30.03865361,-51.12187834,porto alegre,RS
91263,-30.04510491,-51.10609287,porto alegre,RS
91270,-30.03334962,-51.11230915,porto alegre,RS
91280,-30.04490054,-51.09701786,porto alegre,RS
91310,-30.04191923,-51.15143703,porto alegre,RS
91320,-30.03345901,-51.15138528,porto alegre,RS
91330,-30.03356609,-51.16255976,porto alegre,RS
91340,-30.02217757,-51.16906936,porto alegre,RS
91349,-30.02530441,-51.16329075,porto alegre,RS
91350,-30.01552834,-51.16270825,porto alegre,RS
91360,-30.02022895,-51.15471492,porto alegre,RS
91370,-30.01588996,-51.14861205,porto alegre,RS
91380,-30.01636541,-51.1434936,porto alegre,RS
91410,-30.05011878,-51.16690431,porto alegre,RS
91420,-30.04555851,-51.16105198,porto alegre,RS
91430,-30.05078411,-51.14274869,porto alegre,RS
91440,-30.05987864,-51.14618841,porto alegre,RS
91450,-30.04683354,-51.13604931,porto alegre,RS
91501,-30.07653851,-51.12485037,porto alegre,RS
91509,-30.07653851,-51.12485037,porto alegre,RS
91510,-30.07133503,-51.17775103,porto alegre,RS
91520,-30.06807542,-51.1669472,porto alegre,RS
91530,-30.0610722,-51.15950492,porto alegre,RS
91540,-30.08147551,-51.13020844,porto alegre,RS
91550,-30.09345146,-51.13622147,porto alegre,RS
91560,-30.11966549,-51.10761744,porto alegre,RS
91570,-30.11081806,-51.1070015,porto alegre,RS
91710,-30.07745485,-51.19318578,porto alegre,RS
91712,-30.096153,-51.17970041,porto alegre,RS
91720,-30.08614773,-51.21011026,porto alegre,RS
91740,-30.10866825,-51.2222539,porto alegre,RS
91750,-30.12574993,-51.2085875,porto alegre,RS
91751,-30.13084224,-51.21798275,porto alegre,RS
91755,-30.16044589,-51.1953812,porto alegre,RS
91760,-30.13067311,-51.23370086,porto alegre,RS
91770,-30.15114647,-51.21736198,porto alegre,RS
91771,-30.15756595,-51.21551782,porto alegre,RS
91778,-30.17501976,-51.18166925,porto alegre,RS
91780,-30.19793269,-51.18131124,porto alegre,RS
91781,-30.18570762,-51.17435605,porto alegre,RS
91782,-30.21401101,-51.12691285,porto alegre,RS
91785,-30.2010539,-51.13097049,porto alegre,RS
91786,-30.18649579,-51.14347046,porto alegre,RS
91787,-30.15748615,-51.15654976,porto alegre,RS
91788,-30.15280938,-51.16557961,porto alegre,RS
91790,-30.1532104,-51.1432658,porto alegre,RS
91791,-30.14758697,-51.12713813,porto alegre,RS
91792,-30.15305006,-51.14099075,porto alegre,RS
91793,-30.1483653,-51.14650612,porto alegre,RS
91795,-30.1536383,-51.1487725,porto alegre,RS
91796,-30.17060102,-51.08101814,porto alegre,RS
91798,-30.17874881,-51.14277606,porto alegre,RS
91810,-30.0857231,-51.2475347,porto alegre,RS
91900,-30.1076368,-51.25045032,porto alegre,RS
91910,-30.10311434,-51.24261099,porto alegre,RS
91920,-30.11175087,-51.24389588,porto alegre,RS
92010,-29.9169616,-51.17984689,canoas,RS
92020,-29.9170048,-51.17176532,canoas,RS
92022,-29.91621013,-51.15783752,canoas,RS
92025,-29.92414612,-51.16163459,canoas,RS
92027,-29.92689686,-51.14643922,canoas,RS
92030,-29.91940297,-51.14505893,canoas,RS
92031,-29.9124704,-51.1501584,canoas,RS
92032,-29.91221271,-51.14386568,canoas,RS
92035,-29.91372514,-51.12647042,canoas,RS
92110,-29.93731412,-51.16997495,canoas,RS
92120,-29.94983923,-51.16849386,canoas,RS
92130,-29.95548446,-51.16323249,canoas,RS
92200,-29.95477331,-51.18588572,canoas,RS
92310,-29.91622997,-51.18816018,canoas,RS
92314,-29.92015168,-51.18367351,canoas,RS
92320,-29.92277758,-51.19922421,canoas,RS
92323,-29.92521067,-51.1951904,canoas,RS
92325,-29.90754952,-51.22302662,canoas,RS
92330,-29.90190349,-51.21251453,canoas,RS
92340,-29.90385056,-51.18536886,canoas,RS
92410,-29.8986601,-51.16289526,canoas,RS
92412,-29.89696958,-51.14666015,canoas,RS
92415,-29.9027412,-51.14085014,canoas,RS
92420,-29.88532995,-51.17823715,canoas,RS
92425,-29.88248447,-51.15421049,canoas,RS
92440,-29.90527813,-51.14139869,canoas,RS
92441,-29.88614183,-51.13673388,canoas,RS
92480,-29.86087323,-51.27283477,nova santa rita,RS
92500,-30.12144987,-51.33632568,guaiba,RS
92850,-30.46095323,-51.60202109,sertao santana,RS
92900,-30.35461401,-51.5842295,mariana pimentel,RS
92990,-30.01573381,-51.32857729,eldorado do sul,RS
93010,-29.76663143,-51.14696838,sao leopoldo,RS
93020,-29.77923833,-51.14850628,sao leopoldo,RS
93022,-29.79207397,-51.15020409,sao leopoldo,RS
93025,-29.767455,-51.16005811,sao leopoldo,RS
93030,-29.77490194,-51.13867951,sao leopoldo,RS
93032,-29.77653387,-51.13068516,sao leopoldo,RS
93035,-29.7862956,-51.1301018,sao leopoldo,RS
93037,-29.793805,-51.13057944,são leopoldo,RS
93040,-29.76915679,-51.13024963,são leopoldo,RS
93042,-29.76390175,-51.11931009,sao leopoldo,RS
93044,-29.774888,-51.11826035,sao leopoldo,RS
93046,-29.7742294,-51.1139225,sao leopoldo,RS
93048,-29.76389437,-51.11029861,sao leopoldo,RS
93050,-29.75656054,-51.10887875,sao leopoldo,RS
93052,-29.75113822,-51.10026418,sao leopoldo,RS
93054,-29.75617795,-51.09542161,sao leopoldo,RS
93056,-29.76233166,-51.09151758,sao leopoldo,RS
93110,-29.75202932,-51.14865481,sao leopoldo,RS
93113,-29.74943995,-51.14324334,são leopoldo,RS
93115,-29.73828035,-51.1425986,sao leopoldo,RS
93120,-29.73474422,-51.15708617,sao leopoldo,RS
93125,-29.7043747,-51.15901072,sao leopoldo,RS
93130,-29.74806859,-51.15697248,são leopoldo,RS
93135,-29.73632096,-51.16847989,são leopoldo,RS
93140,-29.72660765,-51.17188053,são leopoldo,RS
93145,-29.71828825,-51.18201836,sao leopoldo,RS
93150,-29.70114868,-51.19416436,sao leopoldo,RS
93180,-29.69420438,-51.23318877,portao,RS
93210,-29.82580352,-51.15674594,sapucaia do sul,RS
93211,-29.79768851,-51.18580019,sapucaia do sul,RS
93212,-29.81137784,-51.17268976,sapucaia do sul,RS
93214,-29.82242764,-51.15954292,sapucaia do sul,RS
93216,-29.81579294,-51.15471311,sapucaia do sul,RS
93218,-29.81459651,-51.14647273,sapucaia do sul,RS
93219,-29.80215572,-51.13181189,sapucaia do sul,RS
93220,-29.82898046,-51.15068615,sapucaia do sul,RS
93222,-29.81959209,-51.13705204,sapucaia do sul,RS
93224,-29.83308044,-51.13776417,sapucaia do sul,RS
93225,-29.83205545,-51.13008299,sapucaia do sul,RS
93226,-29.83922469,-51.14660583,sapucaia do sul,RS
93228,-29.84589643,-51.13315197,sapucaia do sul,RS
93230,-29.8450007,-51.12659239,sapucaia do sul,RS
93234,-29.85854394,-51.10655127,sapucaia do sul,RS
93260,-29.84457929,-51.16850735,esteio,RS
93265,-29.8523188,-51.17015289,esteio,RS
93270,-29.84563788,-51.18285128,esteio,RS
93280,-29.8501922,-51.15580278,esteio,RS
93285,-29.8588252,-51.15642395,esteio,RS
93290,-29.85657198,-51.14254294,esteio,RS
93295,-29.85960004,-51.13139992,esteio,RS
93310,-29.68271241,-51.13738001,novo hamburgo,RS
93315,-29.67625174,-51.13422437,novo hamburgo,RS
93320,-29.70481299,-51.13227332,novo hamburgo,RS
93330,-29.71944837,-51.14092473,novo hamburgo,RS
93332,-29.71298597,-51.13718521,novo hamburgo,RS
93334,-29.70655255,-51.14139211,novo hamburgo,RS
93336,-29.69421298,-51.13774022,novo hamburgo,RS
93340,-29.6913356,-51.14899414,novo hamburgo,RS
93344,-29.6837316,-51.15144934,novo hamburgo,RS
93346,-29.67436764,-51.15348452,novo hamburgo,RS
93347,-29.68287932,-51.16542094,novo hamburgo,RS
93348,-29.6747275,-51.147193,novo hamburgo,RS
93351,-29.64395364,-51.13884368,novo hamburgo,RS
93410,-29.69426535,-51.12674949,novo hamburgo,RS
93415,-29.70659147,-51.12192431,novo hamburgo,RS
93420,-29.72916949,-51.13286145,novo hamburgo,RS
93425,-29.72109744,-51.11451402,novo hamburgo,RS
93490,-29.75367955,-51.048513,novo hamburgo,RS
93510,-29.68244089,-51.12347134,novo hamburgo,RS
93520,-29.67452838,-51.12607688,novo hamburgo,RS
93525,-29.66871464,-51.11788,novo hamburgo,RS
93530,-29.65316313,-51.10769408,novo hamburgo,RS
93534,-29.66780677,-51.10495878,novo hamburgo,RS
93537,-29.67146908,-51.0944246,novo hamburgo,RS
93540,-29.68092687,-51.10346914,novo hamburgo,RS
93542,-29.68433084,-51.09298403,novo hamburgo,RS
93544,-29.69564566,-51.08821853,novo hamburgo,RS
93546,-29.69905635,-51.10059272,novo hamburgo,RS
93548,-29.68888489,-51.11443623,novo hamburgo,RS
93600,-29.65579886,-51.17176185,estância velha,RS
93601,-29.64386707,-51.16698771,estância velha,RS
93604,-29.6500777,-51.22078998,estancia velha,RS
93607,-11.27470443,-37.4424357,estancia velha,RS
93608,-28.77131752,-50.464148,estancia velha,RS
93609,-29.20706249,-50.8119305,estância velha,RS
93610,-29.65489949,-51.16976917,estância velha,RS
93611,-29.70030348,-51.1730093,estancia velha,RS
93612,-29.66787591,-51.19301516,estancia velha,RS
93614,-29.6580825,-51.18782141,estância velha,RS
93615,-29.6815233,-51.18426368,estância velha,RS
93616,-29.66301994,-51.21322109,estancia velha,RS
93700,-29.67704501,-51.06040344,campo bom,RS
93800,-29.63655061,-51.00782415,sapiranga,RS
93801,-29.6171571,-50.99639724,sapiranga,RS
93804,-29.6388718,-51.02256943,sapiranga,RS
93805,-29.64778241,-51.0254762,sapiranga,RS
93806,-29.65142164,-51.00238423,sapiranga,RS
93807,-29.66295177,-50.999242,sapiranga,RS
93815,-29.65460116,-50.98287226,sapiranga,RS
93819,-29.63376741,-50.99491671,sapiranga,RS
93820,-29.62673626,-50.98091857,sapiranga,RS
93821,-29.63161842,-50.97500785,sapiranga,RS
93822,-29.62918914,-50.96025825,sapiranga,RS
93880,-29.62040581,-50.92767521,ararica,RS
93890,-29.58835435,-50.90067661,nova hartz,RS
93900,-29.60528689,-51.16427789,ivoti,RS
93940,-29.59726538,-51.20944278,lindolfo collor,RS
93945,-29.51828636,-51.1797048,presidente lucena,RS
93950,-29.58718609,-51.09121429,dois irmaos,RS
93990,-29.53946051,-51.08264808,morro reuter,RS
93995,-29.49415086,-50.97731187,santa maria do herval,RS
94010,-29.94045286,-50.99213704,gravatai,RS
94015,-29.93140982,-50.9917736,gravatai,RS
94020,-29.93489035,-51.00227876,gravatai,RS
94025,-29.93228063,-51.00211708,gravatai,RS
94030,-29.93943776,-51.01446696,gravatai,RS
94035,-29.94399846,-50.99926676,gravatai,RS
94040,-29.93975602,-51.02917141,gravatai,RS
94045,-29.94604724,-51.02313864,gravatai,RS
94050,-29.93967524,-51.04468224,gravatai,RS
94055,-29.94092861,-51.03488106,gravatai,RS
94060,-29.93910213,-51.051567,gravatai,RS
94065,-29.94499377,-51.04869511,gravatai,RS
94070,-29.93866191,-51.06876823,gravatai,RS
94071,-29.93583017,-51.0682405,gravatai,RS
94075,-29.93779825,-51.06327871,gravatai,RS
94080,-29.92324413,-51.06482689,gravatai,RS
94085,-29.92048705,-51.0597117,gravatai,RS
94090,-29.92864782,-51.05153569,gravataí,RS
94100,-29.90496801,-51.02747378,gravatai,RS
94110,-29.91155744,-51.06081876,gravatai,RS
94120,-29.91351712,-51.05050926,gravatai,RS
94130,-29.92231996,-51.03657762,gravatai,RS
94135,-29.92566173,-51.04017712,gravataí,RS
94140,-29.91331932,-51.03404174,gravatai,RS
94150,-29.93077037,-51.02479079,gravatai,RS
94155,-29.92147838,-51.01763611,gravataí,RS
94170,-29.92108554,-50.99969837,gravatai,RS
94175,-29.88821144,-50.99846936,gravatai,RS
94180,-29.94022184,-50.95795264,gravatai,RS
94185,-29.94522723,-50.97188233,gravatai,RS
94190,-29.95452751,-50.97431625,gravatai,RS
94195,-29.94784558,-50.95215013,gravatai,RS
94196,-29.89708949,-50.89892307,gravatai,RS
94197,-29.92382592,-50.92826223,gravataí,RS
94198,-29.92131154,-50.90827228,gravataí,RS
94199,-29.92434033,-50.96428286,gravatai,RS
94380,-29.88122505,-50.78352629,glorinha,RS
94410,-30.08355139,-51.02180502,viamao,RS
94415,-30.07321483,-51.02404196,viamao,RS
94416,-30.06753342,-51.02528341,viamao,RS
94420,-30.0260085,-51.0243916,viamao,RS
94425,-30.07899239,-51.0039103,viamão,RS
94430,-30.09922589,-51.02142924,viamao,RS
94435,-30.08481897,-51.04012205,viamao,RS
94440,-30.08414613,-51.05174077,viamao,RS
94445,-30.09839251,-51.05959056,viamao,RS
94450,-30.08770446,-51.07087296,viamao,RS
94451,-30.07776074,-51.05330632,viamao,RS
94455,-30.10517148,-51.06725005,viamao,RS
94460,-30.11379153,-51.07476661,viamao,RS
94463,-30.13803398,-50.86686976,viamao,RS
94465,-30.1237366,-51.0860281,viamao,RS
94470,-30.08845174,-51.08474589,viamao,RS
94475,-30.07369722,-51.09314841,viamão,RS
94480,-30.06552566,-51.10427337,viamao,RS
94490,-30.06139638,-51.10054042,viamao,RS
94495,-30.05699196,-51.09118249,viamao,RS
94500,-30.06748528,-51.11135068,viamão,RS
94505,-30.13464815,-51.07011399,viamao,RS
94510,-30.05742873,-51.07937986,viamao,RS
94515,-30.07342767,-51.05000063,viamão,RS
94760,-28.00030351,-49.17546213,aguas claras,RS
94770,-30.0928099,-50.69438833,capao da porteira,RS
94810,-30.0064893,-51.0795143,alvorada,RS
94814,-30.00383654,-51.07295645,alvorada,RS
94818,-30.0043856,-51.05439844,alvorada,RS
94820,-29.99165137,-51.08151068,alvorada,RS
94824,-29.99157379,-51.07314326,alvorada,RS
94828,-29.99286395,-51.05901198,alvorada,RS
94830,-29.98525673,-51.03289505,alvorada,RS
94834,-29.99307079,-51.04546382,alvorada,RS
94836,-29.9911626,-51.01874926,alvorada,RS
94838,-30.01675712,-51.04799202,alvorada,RS
94850,-30.02035002,-51.07946137,alvorada,RS
94852,-30.00774165,-51.04936511,alvorada,RS
94853,-30.02139263,-51.06124924,alvorada,RS
94855,-30.03938161,-51.05661138,alvorada,RS
94856,-30.04293706,-51.06500976,alvorada,RS
94858,-30.0320891,-51.07299072,alvorada,RS
94859,-30.03217996,-51.08217998,alvorada,RS
94901,-29.95075637,-51.10047755,cachoeirinha,RS
94910,-29.95269334,-51.09779064,cachoeirinha,RS
94920,-29.95701327,-51.10229608,cachoeirinha,RS
94930,-29.94108132,-51.10745666,cachoeirinha,RS
94931,-29.48396545,-50.80235921,cachoeirinha,RS
94935,-29.94272341,-51.09650358,cachoeirinha,RS
94940,-29.93596803,-51.08834941,cachoeirinha,RS
94945,-29.92825496,-51.08079127,cachoeirinha,RS
94950,-29.94647665,-51.08007688,cachoeirinha,RS
94955,-29.91603038,-51.07581248,cachoeirinha,RS
94960,-29.91272232,-51.08481401,cachoeirinha,RS
94965,-29.90495069,-51.07030394,cachoeirinha,RS
94967,-29.91160178,-51.07514865,cachoeirinha,RS
94970,-29.88719479,-51.0908472,cachoeirinha,RS
95010,-29.17005761,-51.18621801,caxias do sul,RS
95012,-29.17266949,-51.21072934,caxias do sul,RS
95013,-29.16288449,-51.20380645,caxias do sul,RS
95020,-29.16631381,-51.17831394,caxias do sul,RS
95030,-29.15423771,-51.21728831,caxias do sul,RS
95032,-29.14802695,-51.20192078,caxias do sul,RS
95034,-29.16019445,-51.18925939,caxias do sul,RS
95040,-29.15430114,-51.17401981,caxias do sul,RS
95041,-29.15122784,-51.18157795,caxias do sul,RS
95042,-29.1350631,-51.17879476,caxias do sul,RS
95043,-29.14273829,-51.182159,caxias do sul,RS
95044,-29.1385591,-51.19707305,caxias do sul,RS
95045,-29.12726124,-51.17453459,caxias do sul,RS
95046,-29.10800417,-51.1917972,caxias do sul,RS
95047,-29.1206174,-51.18218855,caxias do sul,RS
95050,-29.15396671,-51.16480661,caxias do sul,RS
95052,-29.15362199,-51.1633581,caxias do sul,RS
95054,-29.15750042,-51.15502596,caxias do sul,RS
95055,-29.15106169,-51.14292516,caxias do sul,RS
95057,-29.13954795,-51.14015571,caxias do sul,RS
95058,-29.12785897,-51.11993692,caxias do sul,RS
95059,-29.11603845,-51.12563481,caxias do sul,RS
95060,-29.12900635,-51.12098175,caxias do sul,RS
95062,-29.09411245,-51.07730342,caxias do sul,RS
95065,-29.07982204,-51.10581067,caxias do sul,RS
95070,-29.16744881,-51.15483117,caxias do sul,RS
95072,-29.17329905,-51.15178971,caxias do sul,RS
95074,-29.1704369,-51.14030211,caxias do sul,RS
95076,-29.17821647,-51.14868439,caxias do sul,RS
95080,-29.17368352,-51.18183383,caxias do sul,RS
95082,-29.17782369,-51.17328051,caxias do sul,RS
95084,-29.17207781,-51.17274552,caxias do sul,RS
95086,-29.18342482,-51.16679873,caxias do sul,RS
95088,-29.19544339,-51.16706069,caxias do sul,RS
95090,-29.22755906,-51.16047249,caxias do sul,RS
95095,-29.19996892,-51.20025478,caxias do sul,RS
95096,-29.17788269,-51.1898965,caxias do sul,RS
95097,-29.17999734,-51.18968606,caxias do sul,RS
95098,-29.19067121,-51.18729485,caxias do sul,RS
95099,-29.17815508,-51.1973757,caxias do sul,RS
95100,-29.17415237,-51.1850551,caxias do sul,RS
95110,-29.19085627,-51.2302395,caxias do sul,RS
95112,-29.17077175,-51.2309621,caxias do sul,RS
95115,-29.21329061,-51.27779536,caxias do sul,RS
95124,-29.0973099,-51.12826385,caxias do sul,RS
95125,-29.12528,-51.01472,fazenda souza,RS
95130,14.58507254,121.1053938,santa lucia do piai,RS
95150,-29.37511773,-51.10823006,nova petrópolis,RS
95160,-29.40536384,-51.03635432,pinhal alto,RS
95166,-29.45515923,-51.13919127,picada cafe,RS
95170,-29.40523713,-51.32578918,farroupilha,RS
95171,-29.22874617,-51.36481412,farroupilha,RS
95172,-29.2189552,-51.3509722,farroupilha,RS
95173,-29.27420607,-51.32619155,farroupilha,RS
95174,-29.20671763,-51.34691906,farroupilha,RS
95175,-29.44450559,-51.13237861,picada cafe,RS
95176,-29.21733313,-51.34058723,farroupilha,RS
95177,-29.21397638,-51.32541501,farroupilha,RS
95178,-29.25677832,-51.42935343,farroupilha,RS
95179,-29.23724748,-51.32570065,farroupilha,RS
95180,-29.2270904,-51.34865079,farroupilha,RS
95181,-29.22829684,-51.34995613,farroupilha,RS
95182,-29.27631536,-51.3376713,nova milano,RS
95183,-29.24112164,-51.41159428,nova sardenha,RS
95184,-29.13361,-51.37222,jansen,RS
95185,-29.29807174,-51.50260091,carlos barbosa,RS
95186,-29.35027094,-51.54791184,arco verde,RS
95190,-28.96892843,-51.068746,sao marcos,RS
95200,-28.50597469,-50.9382413,vacaria,RS
95230,-28.31875991,-51.18551398,muitos capoes,RS
95236,-28.68405913,-50.78248591,monte alegre dos campos,RS
95240,-28.80190376,-51.28985837,ipe,RS
95250,-28.8567858,-51.28407511,antonio prado,RS
95255,-28.78856158,-51.0952636,campestre da serra,RS
95260,-28.98723439,-51.40785295,nova roma do sul,RS
95270,-29.03525707,-51.18315455,flores da cunha,RS
95272,-29.05848994,-51.26126251,otavio rocha,RS
95275,-29.02760093,-51.30913402,nova pádua,RS
95280,-28.73647404,-50.05080174,sao jose dos ausentes,RS
95290,-28.67137261,-50.43412264,bom jesus,RS
95300,-28.21190082,-51.52518474,lagoa vermelha,RS
95305,-28.37137502,-51.63699595,ibiraiaras,RS
95310,-28.63284108,-51.57346986,andre da rocha,RS
95315,-28.27096577,-51.6968413,caseiros,RS
95320,-28.7822546,-51.60921297,nova prata,RS
95325,-28.80823047,-51.78301426,vista alegre do prata,RS
95330,-28.93670791,-51.54955095,veranópolis,RS
95333,-28.88084949,-51.69815597,fagundes varela,RS
95334,-28.86023889,-51.55260711,vila flores,RS
95335,-28.9928841,-51.69753629,cotipora,RS
95340,-28.73275657,-51.70457082,nova bassano,RS
95345,-28.75923514,-51.47509508,protasio alves,RS
95350,-28.65958969,-51.74863202,nova araca,RS
95355,-28.54245817,-51.69138358,guabiju,RS
95360,-28.59670377,-51.78694609,parai,RS
95365,-28.50220438,-51.70498152,sao jorge,RS
95370,-27.67750597,-51.45766439,barracao,RS
95380,-28.05698496,-51.18956326,esmeralda,RS
95390,-30.23366077,-50.23357366,pinhal da serra,RS
95400,-29.44004573,-50.58153773,sao francisco de paula,RS
95420,-28.88397442,-50.35783289,jaquirana,RS
95480,-29.05350089,-50.14571173,cambara do sul,RS
95485,-28.97668577,-50.06326295,osvaldo kroeff,RS
95500,-29.83310276,-50.52008406,santo antonio da patrulha,RS
95515,-29.79161737,-50.43732069,caraa,RS
95520,-29.8955916,-50.25566065,osorio,RS
95528,-29.97408927,-50.19950034,santa luzia,RS
95530,-29.65798282,-50.21012592,maquine,RS
95535,-29.57970331,-50.06461095,terra de areia,RS
95538,-29.45985498,-50.13427454,itati,RS
95540,-30.2707609,-50.49760468,palmares do sul,RS
95548,-30.25442046,-50.35886616,quintao,RS
95552,-30.14381794,-50.5114018,capivari do sul,RS
95555,-29.73317506,-50.00722404,capao da canoa,RS
95556,-29.6581924,-49.95919362,capao novo,RS
95558,-29.62578947,-49.93731544,curumim,RS
95560,-29.34114247,-49.74491959,torres,RS
95568,-29.37208433,-49.85377027,dom pedro de alcantara,RS
95575,-29.53564204,-50.03682589,tres forquilhas,RS
95577,-29.35180202,-49.94011916,morrinhos do sul,RS
95580,-29.45367402,-49.92164781,três cachoeiras,RS
95585,-29.5409424,-49.88526691,arroio do sal,RS
95588,-29.80369321,-50.04659872,xangri-la,RS
95589,-29.85199247,-50.06690689,rainha do mar,RS
95590,-30.00536077,-50.14976807,tramandai,RS
95595,-30.18117266,-50.21367392,cidreira,RS
95599,-30.24380149,-50.26317884,balneario pinhal,RS
95600,-29.65073291,-50.78239983,taquara,RS
95601,-29.66147688,-50.78314225,taquara,RS
95603,-29.6637766,-50.77639319,taquara,RS
95605,-29.66085864,-50.76905479,taquara,RS
95607,-29.65141844,-50.7709519,taquara,RS
95609,-29.64058322,-50.77144729,taquara,RS
95611,-29.64374772,-50.78003388,taquara,RS
95612,-29.6419155,-50.78794645,taquara,RS
95625,-29.9498235,-50.11914008,imbe,RS
95630,-29.63168647,-50.83457396,parobe,RS
95650,-29.57197753,-50.79472976,igrejinha,RS
95660,-29.51135558,-50.78115074,tres coroas,RS
95670,-29.38173762,-50.8740116,gramado,RS
95680,-29.36052252,-50.81028933,canela,RS
95690,-29.64963364,-50.57292622,rolante,RS
95695,-29.64178212,-50.45891982,riozinho,RS
95700,-29.17034522,-51.51583265,bento goncalves,RS
95701,-29.17277843,-51.52838511,bento goncalves,RS
95702,-29.18213153,-51.50000804,bento goncalves,RS
95703,-29.16793993,-51.50485891,bento gonçalves,RS
95705,-29.15567447,-51.51306326,bento goncalves,RS
95706,-29.1543045,-51.49341432,bento gonçalves,RS
95707,-29.15476585,-51.53146106,bento goncalves,RS
95708,-29.13834798,-51.52660674,bento goncalves,RS
95709,-29.12290912,-51.54101208,bento goncalves,RS
95710,-29.20397519,-51.53130455,tuiuti,RS
95711,-29.17519237,-51.56925812,vale dos vinhedos,RS
95717,-29.1068225,-51.45989558,pinto bandeira,RS
95718,-29.16319438,-51.6369537,monte belo do sul,RS
95720,-29.25390165,-51.52820815,garibaldi,RS
95726,-29.27242765,-51.68028596,coronel pilar,RS
95727,-29.34647314,-51.67305378,boa vista do sul,RS
95730,-29.37641243,-51.49912378,barao,RS
95735,-29.28655914,-51.87245532,roca sales,RS
95740,-29.45112342,-51.67343634,poço das antas,RS
95745,-29.68126164,-51.32123361,capela de santana,RS
95748,-29.54148326,-51.42179187,sao jose do sul,RS
95750,-29.44141212,-51.51055667,salvador do sul,RS
95755,-29.54067167,-51.25326614,sao jose do hortencio,RS
95758,-29.43699783,-51.71288711,sao pedro da serra,RS
95760,-29.58780742,-51.36190308,sao sebastiao do cai,RS
95765,-29.48062918,-51.35923184,bom princípio,RS
95768,-29.46218713,-51.20163854,linha nova,RS
95770,-29.45270457,-51.30223269,feliz,RS
95773,-29.39521805,-51.30995913,alto feliz,RS
95775,-29.48546802,-51.41727029,tupandi,RS
95778,-29.39030738,-51.24721167,vale real,RS
95780,-29.68780423,-51.46796399,montenegro,RS
95783,-29.63739644,-51.40402787,pareci novo,RS
95785,-29.55023737,-51.42136286,harmonia,RS
95790,-29.55986336,-51.59097204,brochier,RS
95793,-29.54857376,-51.55913201,marata,RS
95795,-29.37382862,-51.37282574,sao vendelino,RS
95800,-29.61111067,-52.19331356,venancio aires,RS
95820,-29.90774823,-51.77219645,general camara,RS
95833,-29.78256549,-52.18555139,vale verde,RS
95835,-29.52488661,-52.1281175,mato leitão,RS
95840,-29.93063272,-51.70738486,triunfo,RS
95860,-29.79261155,-51.86124956,taquari,RS
95863,-29.68745044,-51.7199439,tabai,RS
95865,-29.55383488,-51.74164843,paverama,RS
95870,-29.60072374,-51.93419703,bom retiro do sul,RS
95875,-29.58577995,-51.82906199,fazenda vilanova,RS
95880,-29.49765897,-51.95838431,estrela,RS
95885,-29.34523046,-51.76658692,imigrante,RS
95890,-29.4812253,-51.80817281,teutonia,RS
95893,-29.42261385,-51.76334237,westfalia,RS
95895,-29.38825363,-51.86899309,colinas,RS
95900,-29.46055672,-51.96671717,lajeado,RS
95901,-29.47256098,-51.98568344,lajeado,RS
95902,-29.47815889,-51.9791177,lajeado,RS
95903,-29.46012266,-52.02263169,lajeado,RS
95904,-29.45807513,-51.99636806,lajeado,RS
95905,-29.44988309,-51.98775704,lajeado,RS
95906,-29.43626519,-52.02586103,lajeado,RS
95907,-29.43205568,-52.04829308,lajeado,RS
95908,-29.43208534,-52.0200695,lajeado,RS
95910,-29.43082373,-51.99377719,lajeado,RS
95911,-29.42473295,-52.00566388,lajeado,RS
95912,-29.43728963,-51.9736158,lajeado,RS
95913,-29.44657989,-51.96120191,lajeado,RS
95914,-29.43873625,-51.9564493,lajeado,RS
95915,-29.46747004,-52.08774923,santa clara do sul,RS
95918,-29.38420993,-52.27094409,serio,RS
95920,-29.30243281,-52.42974133,boqueirao do leao,RS
95923,-29.31989804,-52.10171584,marques de souza,RS
95925,-29.24130749,-52.31881928,progresso,RS
95930,-29.51229636,-51.99220089,cruzeiro do sul,RS
95933,-29.32359187,-52.23394909,canudos do vale,RS
95935,-29.27055173,-51.98834367,capitao,RS
95937,-29.37550087,-52.11097017,forquetinha,RS
95940,-29.39487587,-51.94517117,arroio do meio,RS
95945,-29.15717291,-52.22293426,pouso novo,RS
95948,-29.31163965,-52.06285592,travesseiro,RS
95950,-29.21481838,-52.02565127,nova brescia,RS
95955,-29.18048,-52.08934425,coqueiro baixo,RS
95960,-29.23610476,-51.8751847,encantado,RS
95965,-29.11208911,-52.07063944,relvado,RS
95967,-29.09118467,-51.98663665,doutor ricardo,RS
95970,-29.1655446,-51.8729868,muçum,RS
95972,-29.06861523,-51.86119175,vespasiano correa,RS
95975,-29.00138277,-52.15716983,putinga,RS
95980,-28.97209903,-52.00750426,anta gorda,RS
95985,-28.67701524,-52.16486969,nova alvorada,RS
95990,-28.92786209,-52.12659437,ilopolis,RS
95995,-28.87190544,-52.18011144,arvorezinha,RS
95997,-28.78263648,-52.17250214,itapuca,RS
96010,-31.77233289,-52.3391952,pelotas,RS
96015,-31.76267949,-52.33833549,pelotas,RS
96020,-31.75549652,-52.3412719,pelotas,RS
96025,-31.77142525,-52.35582078,pelotas,RS
96030,-31.76056525,-52.37099646,pelotas,RS
96040,-31.74920671,-52.37466329,pelotas,RS
96045,-31.74813483,-52.39092821,pelotas,RS
96050,-31.74029285,-52.3921168,pelotas,RS
96055,-31.73764055,-52.33684499,pelotas,RS
96060,-31.72604039,-52.32287401,pelotas,RS
96065,-31.7197598,-52.35233926,pelotas,RS
96070,-31.69725422,-52.33911932,pelotas,RS
96071,-31.70154255,-52.31475014,pelotas,RS
96072,-31.65198353,-52.33256912,pelotas,RS
96075,-31.76834109,-52.32696817,pelotas,RS
96076,-31.76548255,-52.320484,pelotas,RS
96077,-31.75710256,-52.31766669,pelotas,RS
96080,-31.75107175,-52.32320171,pelotas,RS
96081,-31.73830699,-52.31413123,pelotas,RS
96083,-31.75888432,-52.27200452,pelotas,RS
96085,-31.75059542,-52.30625558,pelotas,RS
96087,-31.71971453,-52.30552297,pelotas,RS
96090,-31.75992163,-52.23554164,pelotas,RS
96095,-31.73462542,-52.21480364,pelotas,RS
96100,-33.52580018,-53.36455303,santa vitoria do palmar,RS
96115,-31.63880715,-52.41553424,monte bonito,RS
96130,-31.69818283,-52.15610042,colônia z-3,RS
96145,-31.51223506,-52.43996166,quilombo,RS
96148,-31.41396575,-52.1716036,turuçu,RS
96150,-31.59224096,-52.62434937,morro redondo,RS
96155,-31.44152537,-52.41824426,arroio do padre,RS
96160,-31.76641228,-52.4613078,capao do leao,RS
96170,-31.36440028,-51.97864735,sao lourenco do sul,RS
96178,-30.91211493,-51.50156325,arambaré,RS
96180,-30.8540636,-51.80853509,camaqua,RS
96190,-30.70391255,-52.10802163,dom feliciano,RS
96193,-30.74918915,-51.98089792,chuvisca,RS
96195,-31.0012947,-52.04800612,cristal,RS
96200,-32.0346471,-52.09720159,rio grande,RS
96201,-32.03821975,-52.08482511,rio grande,RS
96202,-32.04854159,-52.11291166,rio grande,RS
96203,-32.07923133,-52.15603277,rio grande,RS
96204,-32.13783145,-52.1090511,rio grande,RS
96205,-32.17748323,-52.16439543,rio grande,RS
96206,-32.17620479,-52.16178966,rio grande,RS
96207,-32.18411814,-52.15620086,rio grande,RS
96208,-32.18617278,-52.17167205,rio grande,RS
96209,-32.19580451,-52.18003308,rio grande,RS
96210,-32.19486762,-52.17540009,rio grande,RS
96211,-32.04029057,-52.11623226,rio grande,RS
96212,-32.05253545,-52.1421624,rio grande,RS
96213,-32.07667467,-52.17051996,rio grande,RS
96214,-32.0798055,-52.17938012,rio grande,RS
96215,-32.09470204,-52.18358953,rio grande,RS
96216,-32.10525681,-52.1739558,rio grande,RS
96217,-32.16005542,-52.18073709,rio grande,RS
96222,-32.08169709,-52.22475173,rio grande,RS
96223,-32.0258,-52.19685,rio grande,RS
96225,-31.96475404,-52.00711793,são josé do norte,RS
96230,-33.51290123,-53.34974785,santa vitoria do palmar,RS
96255,-33.68994828,-53.46018295,chui,RS
96270,-31.10296107,-50.91340742,mostardas,RS
96290,-31.28425654,-51.08718013,tavares,RS
96300,-32.5610573,-53.37811369,jaguarao,RS
96310,-32.02486254,-53.39285977,herval,RS
96330,-32.23566063,-53.07885128,arroio grande,RS
96360,-31.86679866,-52.82170088,pedro osorio,RS
96395,-31.85145962,-52.80916531,cerrito,RS
96400,-31.32726762,-54.10645023,bagé,RS
96402,-31.32927757,-54.12173058,bagé,RS
96405,-31.30919387,-54.12949269,bagé,RS
96407,-31.31122286,-54.11789121,bage,RS
96408,-31.30827695,-54.11162108,bage,RS
96410,-31.2951721,-54.13316767,bage,RS
96412,-31.31768106,-54.09166491,bage,RS
96413,-31.30782761,-54.07568127,bage,RS
96415,-31.33287911,-54.0900644,bage,RS
96418,-31.33876803,-54.07827334,bage,RS
96419,-31.33502573,-54.06422387,bage,RS
96420,-31.35226698,-54.09248671,bage,RS
96422,-31.3591432,-54.11200787,bage,RS
96425,-31.34224709,-54.12112576,bage,RS
96439,-31.66694,-54.07083,colonia nova,RS
96445,-31.76436048,-54.14854871,acegua,RS
96450,-30.97912334,-54.66997677,dom pedrito,RS
96460,-31.40170551,-53.87636237,hulha negra,RS
96470,-31.57857506,-53.38246137,pinheiro machado,RS
96487,-31.73356683,-53.58633344,pedras altas,RS
96490,-31.43782348,-53.10346644,piratini,RS
96495,-31.5015094,-53.69073915,candiota,RS
96501,-30.03434177,-52.90099505,cachoeira do sul,RS
96503,-30.02314355,-52.91233224,cachoeira do sul,RS
96504,-30.00550903,-52.91880853,cachoeira do sul,RS
96505,-30.01102781,-52.90338145,cachoeira do sul,RS
96506,-30.04166839,-52.89549364,cachoeira do sul,RS
96508,-30.04632928,-52.89077375,cachoeira do sul,RS
96530,-29.72380287,-53.17918717,paraiso do sul,RS
96535,-29.6659826,-52.94461913,cerro branco,RS
96540,-29.6432736,-53.24592556,agudo,RS
96545,-29.73735462,-52.95390846,novo cabrais,RS
96550,-29.73717,-52.95064,cortado,RS
96570,-30.51379537,-53.4892092,cacapava do sul,RS
96590,-30.87311446,-53.11448367,santana da boa vista,RS
96600,-31.39563257,-52.67708329,cangucu,RS
96610,-30.54471121,-52.52372179,encruzilhada do sul,RS
96635,-30.87423882,-52.25319303,amaral ferrador,RS
96640,-29.97984296,-52.37472735,rio pardo,RS
96685,-29.75116678,-52.27278008,passo do sobrado,RS
96690,-30.19471561,-52.36693199,pantano grande,RS
96700,-29.96328519,-51.7198411,sao jeronimo,RS
96735,-30.39789046,-51.74683334,barao do triunfo,RS
96740,-30.08992066,-51.7315245,arroio dos ratos,RS
96745,-29.96270533,-51.61864269,charqueadas,RS
96750,-30.11987673,-51.96254105,butia,RS
96755,-30.13951748,-52.04488131,minas do leao,RS
96760,-30.67407285,-51.39790575,tapes,RS
96765,-30.61626711,-51.58069315,sentinela do sul,RS
96770,-30.59508765,-51.75234557,cerro grande do sul,RS
96790,-30.29829374,-51.30898296,barra do ribeiro,RS
96810,-29.71724545,-52.43078315,santa cruz do sul,RS
96814,-29.71387797,-52.44484434,santa cruz do sul,RS
96815,-29.70360563,-52.42254825,santa cruz do sul,RS
96816,-29.69489793,-52.4425085,santa cruz do sul,RS
96817,-29.6882,-52.44851,santa cruz do sul,RS
96820,-29.70435032,-52.42556658,santa cruz do sul,RS
96821,-29.6794828,-52.40953005,santa cruz do sul,RS
96822,-29.67669894,-52.4005495,santa cruz do sul,RS
96823,-29.69303628,-52.41242404,santa cruz do sul,RS
96824,-29.70449481,-52.3998098,santa cruz do sul,RS
96825,-29.71779605,-52.41850432,santa cruz do sul,RS
96830,-29.73585472,-52.41724456,santa cruz do sul,RS
96832,-29.74909104,-52.40973569,santa cruz do sul,RS
96835,-29.75079288,-52.42166465,santa cruz do sul,RS
96836,-29.76251883,-52.41559558,santa cruz do sul,RS
96840,-29.74161454,-52.43309366,santa cruz do sul,RS
96842,-29.76545858,-52.44056574,santa cruz do sul,RS
96843,-29.7385915,-52.44477936,santa cruz do sul,RS
96845,-29.72483042,-52.44284651,santa cruz do sul,RS
96859,-29.63334026,-52.38948676,monte alverne,RS
96875,-29.26947083,-52.57834117,gramado xavier,RS
96878,-29.60719826,-52.68086189,vale do sol,RS
96880,-29.71618477,-52.50603848,vera cruz,RS
96888,-29.455769,-52.64869036,herveiras,RS
96890,-29.53050157,-52.52211472,sinimbu,RS
96900,-29.41678369,-53.02658632,sobradinho,RS
96908,-29.44104348,-52.95781686,passa sete,RS
96910,-29.33405463,-52.97154232,segredo,RS
96920,-29.49660755,-53.03589653,lagoa bonita do sul,RS
96925,-29.42229434,-53.12734722,ibarama,RS
96930,-29.67044598,-52.78911853,candelaria,RS
96950,-29.33345045,-52.99505177,arroio do tigre,RS
96990,-29.18289731,-53.15935203,estrela velha,RS
97010,-29.68434896,-53.81380324,santa maria,RS
97015,-29.69257696,-53.81234232,santa maria,RS
97020,-29.69247372,-53.82594021,santa maria,RS
97021,-29.69589773,-53.83235053,santa maria,RS
97030,-29.70669905,-53.87216415,santa maria,RS
97032,-29.69879998,-53.87351008,santa maria,RS
97035,-29.69285137,-53.85109147,santa maria,RS
97037,-29.68303149,-53.85465797,santa maria,RS
97040,-29.67367966,-53.8320573,santa maria,RS
97043,-29.67381863,-53.81839786,santa maria,RS
97045,-29.67415781,-53.80320029,santa maria,RS
97050,-29.6894365,-53.7983326,santa maria,RS
97060,-29.70329125,-53.8008469,santa maria,RS
97065,-29.72097168,-53.80030617,santa maria,RS
97070,-29.71597512,-53.81566407,santa maria,RS
97090,-29.67572109,-53.79063836,santa maria,RS
97095,-29.69645363,-53.77163109,santa maria,RS
97105,-29.70686479,-53.71802555,santa maria,RS
97110,-29.69998855,-53.7326802,santa maria,RS
97180,-29.7063285,-54.20489584,dilermando de aguiar,RS
97185,-29.59680165,-53.768011,itaara,RS
97190,-29.53984327,-53.85489845,são martinho da serra,RS
97195,-29.64531694,-53.58382549,silveira martins,RS
97200,-29.81297312,-53.37564494,restinga seca,RS
97210,-29.9992302,-53.50054936,formigueiro,RS
97220,-29.57523789,-53.44506353,faxinal do soturno,RS
97230,-29.62081337,-53.45058602,sao joao do polesine,RS
97250,-29.46857623,-53.45869367,nova palma,RS
97280,-29.62388934,-53.356538,dona francisca,RS
97300,-30.33643401,-54.32365439,sao gabriel,RS
97306,-30.3548358,-54.33416553,são gabriel,RS
97310,-30.33360585,-54.33376616,são gabriel,RS
97313,-30.32777238,-54.32614781,são gabriel,RS
97314,-30.32160288,-54.31397916,são gabriel,RS
97335,-30.385749,-54.076652,santa margarida do sul,RS
97340,-30.16497176,-53.57036134,sao sepe,RS
97385,-30.20474294,-53.34095124,vila nova do sul,RS
97390,-30.81111369,-53.90074242,lavras do sul,RS
97400,-29.5546106,-54.21123284,sao pedro do sul,RS
97410,-29.5615293,-54.45662673,mata,RS
97418,-29.47145759,-54.2275552,toropi,RS
97420,-29.69287587,-54.68125829,sao vicente do sul,RS
97450,-29.88349836,-54.8263307,cacequi,RS
97500,-29.76885201,-57.08631872,uruguaiana,RS
97501,-29.75577863,-57.08813772,uruguaiana,RS
97502,-29.76224922,-57.07895237,uruguaiana,RS
97503,-29.77366329,-57.09614113,uruguaiana,RS
97504,-29.77972703,-57.09184525,uruguaiana,RS
97507,-29.77595448,-57.07674937,uruguaiana,RS
97508,-29.78846253,-57.08943799,uruguaiana,RS
97509,-29.83137045,-57.02812564,uruguaiana,RS
97510,-29.7628355,-57.08199699,uruguaiana,RS
97511,-29.76765487,-57.06017063,uruguaiana,RS
97513,-29.76912627,-57.05636821,uruguaiana,RS
97538,-30.20855713,-57.55085578,barra do quaraí,RS
97541,-29.78072315,-55.79044638,alegrete,RS
97542,-29.78443375,-55.79219384,alegrete,RS
97543,-29.79654908,-55.80399794,alegrete,RS
97544,-29.7917372,-55.80695207,alegrete,RS
97545,-29.80430967,-55.80474205,alegrete,RS
97546,-29.79134415,-55.7680875,alegrete,RS
97547,-29.80060788,-55.7536675,alegrete,RS
97560,-30.38327593,-56.45186171,quarai,RS
97571,-30.86167456,-55.54659468,santana do livramento,RS
97572,-30.87421122,-55.53156486,santana do livramento,RS
97573,-30.8877864,-55.53716826,santana do livramento,RS
97574,-30.89510434,-55.52544617,santana do livramento,RS
97575,-30.89507528,-55.49494213,santana do livramento,RS
97576,-30.88943977,-55.51061332,santana do livramento,RS
97577,-30.87686232,-55.51219654,santana do livramento,RS
97578,-30.86811503,-55.48458333,santana do livramento,RS
97590,-30.25494108,-54.92033425,rosario do sul,RS
97610,-29.55098077,-55.12670453,sao francisco de assis,RS
97640,-29.57358114,-55.48382309,manoel viana,RS
97645,-29.14771046,-56.06613041,macambara,RS
97650,-29.13268605,-56.55202563,itaqui,RS
97670,-28.65436845,-56.00543702,sao borja,RS
97685,-28.79777933,-55.23500394,itacurubi,RS
97690,-28.18555965,-55.63986295,garruchos,RS
97700,-29.18654363,-54.86751606,santiago,RS
97753,-28.94347137,-54.56332416,capao do cipo,RS
97755,-29.04737808,-55.15308399,unistalda,RS
97760,-29.49614091,-54.6867975,jaguari,RS
97770,-29.42080868,-54.9061687,nova esperanca do sul,RS
97800,-28.40574501,-54.95736551,sao luiz gonzaga,RS
97843,-28.262631,-54.8283725,rolador,RS
97845,-28.22473714,-55.05053149,dezesseis de novembro,RS
97850,-28.72727077,-54.91078876,bossoroca,RS
97870,-28.50773425,-55.23159878,santo antônio das missões,RS
97880,-28.18501943,-55.26145184,sao nicolau,RS
97885,-28.0464323,-55.19992064,pirapo,RS
97900,-28.14663826,-54.73789166,cerro largo,RS
97920,-28.12459814,-54.89342721,sao pedro do butia,RS
97930,-28.29002553,-54.63990115,caibate,RS
97935,-28.25484821,-54.61805042,mato queimado,RS
97940,-28.10981839,-54.84068608,salvador das missoes,RS
97950,-28.14366621,-54.55843652,guarani das missoes,RS
97960,-28.12866726,-54.4591018,sete de setembro,RS
97970,-28.13028779,-55.02161226,roque gonzales,RS
97980,-28.02151098,-54.93803928,sao paulo das missoes,RS
98005,-28.64310603,-53.60738747,cruz alta,RS
98010,-28.65005162,-53.61643455,cruz alta,RS
98015,-28.63364009,-53.62182108,cruz alta,RS
98020,-28.6240982,-53.61205478,cruz alta,RS
98025,-28.63496376,-53.60437911,cruz alta,RS
98030,-28.63252695,-53.58747792,cruz alta,RS
98035,-28.64511307,-53.58606907,cruz alta,RS
98040,-28.65117042,-53.58879168,cruz alta,RS
98045,-28.67616743,-53.61002688,cruz alta,RS
98050,-28.65422974,-53.59954277,cruz alta,RS
98118,-28.57759561,-53.81365919,boa vista do cadeado,RS
98120,-28.81866562,-53.38681137,boa vista do incra,RS
98125,-28.79633962,-53.22837222,fortaleza dos valos,RS
98130,-29.23104677,-53.67851335,júlio de castilhos,RS
98140,-29.34842567,-54.07315142,quevedos,RS
98150,-29.33685199,-53.34472486,pinhal grande,RS
98160,-29.52049871,-53.57789988,ivora,RS
98170,-29.08133476,-53.83707083,tupancireta,RS
98175,-29.28962698,-54.21943137,jari,RS
98180,-28.65839997,-54.11781178,jóia,RS
98200,-28.62920472,-53.09899629,ibirubá,RS
98230,-28.74311479,-53.09846012,quinze de novembro,RS
98240,-28.3678881,-53.25278666,santa barbara do sul,RS
98250,-28.39566823,-53.08791686,saldanha marinho,RS
98270,-28.41944856,-53.65409875,pejucara,RS
98280,-28.29354061,-53.50223784,panambi,RS
98290,-28.20732213,-53.48483906,condor,RS
98300,-27.89852792,-53.31111051,palmeira das missoes,RS
98320,-27.69199346,-53.17902817,lajeado do bugre,RS
98325,-27.78364146,-53.12339393,são josé das missões,RS
98330,-27.70026641,-53.13462863,sagrada família,RS
98335,-27.66147676,-53.31677389,boa vista das missoes,RS
98338,-27.91177283,-53.11483536,novo barreiro,RS
98340,-27.60834562,-53.16618844,cerro grande,RS
98345,-27.51247251,-53.21450762,pinhal,RS
98350,-27.63821476,-53.28036248,jaboticaba,RS
98360,-27.47330447,-53.17050386,rodeio bonito,RS
98368,-27.45518225,-53.24628808,cristal do sul,RS
98370,-27.562661,-53.18414526,novo tiradentes,RS
98380,-27.4820446,-53.40143501,seberi,RS
98385,-27.66140547,-53.52473762,dois irmãos das missões,RS
98390,-27.55118174,-53.50826931,erval seco,RS
98400,-27.35619106,-53.39597914,frederico westphalen,RS
98410,-27.39956191,-53.46685005,taquaruçu do sul,RS
98415,-27.36968578,-53.49268397,vista alegre,RS
98430,-27.35330162,-53.55804288,palmitinho,RS
98435,-27.21274149,-53.61951951,pinheirinho do vale,RS
98440,-27.27258057,-53.43821766,caicara,RS
98450,-27.16752809,-53.40246772,vicente dutra,RS
98460,-27.19554916,-53.25520043,irai,RS
98465,-27.3658467,-53.1786365,ametista do sul,RS
98470,-27.33216878,-53.05885955,planalto,RS
98480,-27.25035234,-53.03555485,alpestre,RS
98500,-27.37105305,-53.75858566,tenente portela,RS
98528,-27.26511546,-53.86353758,derrubadas,RS
98530,-27.19171734,-53.70962056,barra do guarita,RS
98535,-27.28872406,-53.70115771,vista gaucha,RS
98540,-27.4914275,-53.68604466,miraguai,RS
98550,-27.65146588,-53.63921591,redentora,RS
98560,-27.61656347,-53.74094035,braga,RS
98570,-27.67704025,-53.80714061,campo novo,RS
98575,-27.55257646,-53.86325838,bom progresso,RS
98580,-27.71722515,-53.70934274,coronel bicaco,RS
98590,-27.85304797,-53.77797015,santo augusto,RS
98595,-27.78662075,-53.93622105,sao valerio do sul,RS
98600,-27.45450086,-53.93374625,tres passos,RS
98620,-27.43400911,-53.96116798,padre gonzales,RS
98635,-27.35254439,-54.00139403,esperanca do sul,RS
98640,-27.49791495,-54.0997836,crissiumal,RS
98670,-27.5655363,-53.96957358,humaita,RS
98675,-27.63503758,-53.94877011,sede nova,RS
98680,-27.3930995,-54.08802409,tiradentes do sul,RS
98690,-27.70926247,-53.96379869,sao martinho,RS
98700,-28.3878285,-53.9159359,ijui,RS
98733,-28.35576748,-53.75072489,bozano,RS
98735,-28.39483014,-54.06763722,coronel barros,RS
98740,-28.5151833,-53.99414619,augusto pestana,RS
98750,-28.23771967,-53.76337497,ajuricaba,RS
98758,-28.08414366,-53.70150224,nova ramada,RS
98760,-27.91880319,-53.94058154,chiapetta,RS
98765,-27.88175757,-54.01793553,inhacora,RS
98770,-28.25263236,-54.0134784,catuipe,RS
98780,-28.05790281,-54.39263031,santa rosa,RS
98781,-27.85965158,-54.48871553,santa rosa,RS
98785,-27.85120613,-54.47497717,santa rosa,RS
98787,-27.89690085,-54.40188315,santa rosa,RS
98789,-27.86541877,-54.43682672,santa rosa,RS
98790,-27.85618025,-54.44446166,santa rosa,RS
98792,-27.87998805,-54.47155791,santa rosa,RS
98794,-27.88288316,-54.48157634,santa rosa,RS
98796,-27.87440464,-54.49535026,santa rosa,RS
98801,-28.3048755,-54.26489554,santo angelo,RS
98802,-28.29014801,-54.27000911,santo angelo,RS
98803,-28.29055252,-54.26251143,santo ângelo,RS
98804,-28.31201555,-54.26124751,santo angelo,RS
98805,-28.2979076,-54.24527636,santo angelo,RS
98807,-28.29995575,-54.24398799,santo angelo,RS
98825,-28.29677953,-54.39350272,buriti,RS
98850,-28.35238942,-54.50126604,vitoria das missoes,RS
98855,-28.36396598,-54.2682156,entre-ijuís,RS
98860,-28.52758955,-54.1459596,eugenio de castro,RS
98865,-28.57212497,-54.54631861,sao miguel das missoes,RS
98870,-28.02970145,-54.34991721,girua,RS
98895,-28.0257983,-54.54445219,senador salgado filho,RS
98898,-28.04483152,-54.68043634,ubiretama,RS
98900,-27.86535827,-54.4701278,santa rosa,RS
98905,-27.80837589,-54.04533604,alegria,RS
98910,-27.7765759,-54.23551841,tres de maio,RS
98915,-27.85347733,-54.19046696,independencia,RS
98918,-27.66867742,-54.11113065,boa vista do buricá,RS
98919,-27.60822591,-54.10977756,nova candelaria,RS
98920,-27.62727799,-54.31036032,horizontina,RS
98925,-27.50700961,-54.36392861,doutor mauricio cardoso,RS
98930,-27.65811716,-54.43981167,tucunduva,RS
98940,-27.750497,-54.48986303,tuparendi,RS
98947,-27.57216297,-54.66880139,porto maua,RS
98950,-27.65821424,-54.76690474,alecrim,RS
98955,-27.56145035,-54.50039836,novo machado,RS
98958,-28.12096313,-54.04945576,sao jose do inhacora,RS
98960,-27.82626472,-54.66498505,santo cristo,RS
98970,-27.94929769,-54.75222141,candido godoi,RS
98975,-27.98679976,-54.84099999,campina das missoes,RS
98980,-27.85593905,-55.01651509,porto lucena,RS
98985,-27.73572275,-54.90024697,porto vera cruz,RS
98995,-27.90680205,-55.13907377,porto xavier,RS
99001,-28.23474547,-52.42358157,passo fundo,RS
99010,-28.27075287,-52.5408977,passo fundo,RS
99020,-28.25044019,-52.41055964,passo fundo,RS
99022,-28.24319538,-52.41673097,passo fundo,RS
99025,-28.26463996,-52.42542064,passo fundo,RS
99030,-28.26425987,-52.43706503,passo fundo,RS
99032,-28.26130443,-52.44309725,passo fundo,RS
99034,-28.27132617,-52.4527648,passo fundo,RS
99036,-28.28339259,-52.43377172,passo fundo,RS
99040,-28.2497651,-52.42663023,passo fundo,RS
99042,-28.24112897,-52.43765878,passo fundo,RS
99043,-28.22659643,-52.46750483,passo fundo,RS
99050,-28.24410972,-52.3877124,passo fundo,RS
99051,-28.25321211,-52.45662244,passo fundo,RS
99052,-28.23327341,-52.3725822,passo fundo,RS
99054,-28.2606216,-52.37556885,passo fundo,RS
99060,-28.27584457,-52.37500796,passo fundo,RS
99062,-28.27973773,-52.3848849,passo fundo,RS
99064,-28.28490348,-52.36721066,passo fundo,RS
99066,-28.2768153,-52.39699363,passo fundo,RS
99070,-28.264372,-52.39247187,passo fundo,RS
99072,-28.27090288,-52.40609071,passo fundo,RS
99074,-28.27272533,-52.39574588,passo fundo,RS
99140,-28.50006977,-52.56590865,ernestina,RS
99145,-28.12692657,-52.29683663,coxilha,RS
99150,-28.44591339,-52.20283767,marau,RS
99155,-28.54025803,-52.15823755,vila maria,RS
99160,-28.36120054,-52.03970745,gentil,RS
99165,-28.58947363,-52.20432187,camargo,RS
99170,-27.9838602,-52.25852176,sertao,RS
99175,-28.53502651,-52.4615761,nicolau vergueiro,RS
99180,-28.27855428,-52.19087055,mato castelhano,RS
99190,-28.06129424,-52.67703002,pontao,RS
99200,-28.8479559,-51.89174641,guapore,RS
99215,-28.75890458,-52.01163548,uniao da serra,RS
99220,-28.98304766,-51.83618834,dois lajeados,RS
99240,-29.04926485,-51.76602015,sao valentim do sul,RS
99250,-28.71277059,-51.93407781,serafina correa,RS
99255,-28.65338084,-52.07586611,montauri,RS
99260,-28.56573083,-51.97461945,casca,RS
99265,-28.49940487,-52.54794044,santo antonio do palma,RS
99270,-28.53945562,-51.8774362,sao domingos do sul,RS
99290,-28.47547888,-51.84442795,vanini,RS
99300,-28.82744967,-52.50925489,soledade,RS
99315,-28.69460557,-52.689817,mormaco,RS
99320,-28.62181878,-52.51494318,ibirapuita,RS
99330,-29.10311802,-52.95687636,tunas,RS
99340,-29.22607243,-52.7755597,lagoao,RS
99345,-28.57656899,-52.59699813,tio hugo,RS
99350,-28.56183322,-52.7398005,victor graeff,RS
99360,-29.09221722,-52.5860856,barros cassal,RS
99370,-28.98239269,-52.35025218,fontoura xavier,RS
99380,-29.05026667,-52.29146692,sao jose do herval,RS
99400,-28.73067047,-52.84447519,espumoso,RS
99430,-28.78086491,-52.98918679,alto alegre,RS
99435,-28.88623759,-53.00127999,campos borges,RS
99440,-29.08943546,-53.21596164,salto do jacui,RS
99450,-28.63011602,-52.95419168,selbach,RS
99457,-29.03585279,-53.04176897,jacuizinho,RS
99460,-28.52172258,-52.9928033,colorado,RS
99470,-28.46111701,-52.81932731,nao-me-toque,RS
99490,-28.62790129,-52.86988286,tapera,RS
99495,-28.56831641,-52.85348273,lagoa dos tres cantos,RS
99500,-28.29124465,-52.79025576,carazinho,RS
99523,-28.11563383,-52.91491694,almirante tamandare do sul,RS
99525,-28.39874871,-52.69285296,santo antonio do planalto,RS
99528,-28.11855323,-52.7824527,coqueiros do sul,RS
99530,-28.06100178,-53.06614906,chapada,RS
99560,-27.93904626,-52.92636311,sarandi,RS
99580,-27.99245812,-52.98095176,nova boa vista,RS
99585,-27.92388008,-53.0419831,barra funda,RS
99590,-27.82990796,-52.90819532,rondinha,RS
99600,-27.36860734,-52.77330695,nonoai,RS
99605,-27.44189584,-52.91480071,gramado dos loureiros,RS
99610,-27.30519346,-52.84202315,rio dos indios,RS
99615,-27.52481395,-52.89676067,trindade do sul,RS
99640,-27.55922302,-52.52446547,sao valentim,RS
99645,-27.53125938,-52.73146844,entre rios do sul,RS
99650,-27.51535133,-52.5930461,benjamin constant do sul,RS
99655,-27.42176864,-52.67502181,faxinalzinho,RS
99660,-27.71786642,-52.62398228,campinas do sul,RS
99665,-27.66239431,-52.65655525,cruzaltense,RS
99670,-27.78222223,-52.80650048,ronda alta,RS
99675,-27.61411182,-52.84459075,tres palmeiras,RS
99680,-27.73224275,-52.99501599,constantina,RS
99687,-27.74795337,-53.06235051,novo xingu,RS
99690,-27.60021805,-53.07488226,liberato salzano,RS
99700,-27.63604582,-52.27304912,erechim,RS
99701,-27.62711514,-52.25863983,erechim,RS
99702,-27.62486967,-52.24761367,erechim,RS
99704,-27.64041274,-52.25464812,erechim,RS
99705,-27.64135155,-52.24053031,erechim,RS
99706,-27.65005393,-52.24938396,erechim,RS
99708,-27.65828581,-52.26099753,erechim,RS
99709,-27.64977672,-52.27326461,erechim,RS
99711,-27.63947422,-52.28722819,erechim,RS
99712,-27.6382874,-52.31155327,erechim,RS
99713,-27.64187258,-52.29820815,erechim,RS
99714,-27.65254486,-52.29883391,erechim,RS
99718,-28.09665432,-52.34449985,paulo bento,RS
99720,-27.8198119,-52.44512392,quatro irmaos,RS
99725,-27.49956422,-52.15016574,tres arroios,RS
99730,-27.72895613,-52.53653513,jacutinga,RS
99735,-27.65757408,-52.49106147,ponte preta,RS
99740,-27.61701406,-52.38039524,barao de cotegipe,RS
99750,-27.39264336,-52.56908602,erval grande,RS
99760,-27.38373095,-52.45613167,itatiba do sul,RS
99770,-27.39387898,-52.30079209,aratiba,RS
99790,-27.35115203,-52.14494942,mariano moro,RS
99795,-27.41005317,-52.41363609,barra do rio azul,RS
99800,-27.47026809,-51.91810129,marcelino ramos,RS
99810,-27.43156984,-52.11733543,severiano de almeida,RS
99820,-27.56967177,-52.02140603,viadutos,RS
99825,-27.71592351,-51.91482198,carlos gomes,RS
99830,-27.5870312,-52.09274841,gaurama,RS
99835,-27.69542402,-52.05365156,aurea,RS
99838,-27.76579257,-52.00371874,centenario,RS
99839,-27.58695046,-52.09247811,gaurama,RS
99840,-27.95014316,-51.80988632,sananduva,RS
99850,-27.71013736,-51.76330525,paim filho,RS
99855,-27.93215616,-52.08508288,sao joao da urtiga,RS
99860,-27.77216255,-51.66196048,cacique doble,RS
99870,-27.8446505,-51.57643492,sao jose do ouro,RS
99878,-27.92262017,-51.53872925,tupanci do sul,RS
99880,-27.56786011,-51.66800631,machadinho,RS
99890,-27.63177838,-51.80471961,maximiliano de almeida,RS
99895,-27.93003859,-51.65968008,santo expedito do sul,RS
99900,-27.88662962,-52.22847845,getulio vargas,RS
99910,-27.85896072,-52.07528725,floriano peixoto,RS
99920,-27.85525363,-52.30090591,erebango,RS
99925,-27.93672592,-52.42664404,ipiranga do sul,RS
99930,-27.91410184,-52.25878207,estacao,RS
99940,-28.05722443,-51.85612385,ibiaca,RS
99950,-28.06895869,-52.01206796,tapejara,RS
99952,-28.17119882,-51.90856857,santa cecilia do sul,RS
99955,-28.11334131,-52.14384316,vila langaro,RS
99960,-27.95372179,-52.02551149,charrua,RS
99965,-28.18337204,-52.03985048,agua santa,RS
99970,-28.34376619,-51.87468927,ciriaco,RS
99980,-28.38912939,-51.84383599,david canabarro,RS
99990,-28.32959498,-51.76936175,muliterno,RS
